mode: set
github.com/sparkle/gateway/cmd/server/main.go:23.13,31.45 4 0
github.com/sparkle/gateway/cmd/server/main.go:31.45,33.3 1 0
github.com/sparkle/gateway/cmd/server/main.go:36.2,37.15 2 0
github.com/sparkle/gateway/cmd/server/main.go:37.15,38.56 1 0
github.com/sparkle/gateway/cmd/server/main.go:38.56,40.4 1 0
github.com/sparkle/gateway/cmd/server/main.go:43.2,45.16 3 0
github.com/sparkle/gateway/cmd/server/main.go:45.16,47.3 1 0
github.com/sparkle/gateway/cmd/server/main.go:48.2,53.16 5 0
github.com/sparkle/gateway/cmd/server/main.go:53.16,55.3 1 0
github.com/sparkle/gateway/cmd/server/main.go:56.2,59.16 3 0
github.com/sparkle/gateway/cmd/server/main.go:59.16,61.3 1 0
github.com/sparkle/gateway/cmd/server/main.go:63.2,64.16 2 0
github.com/sparkle/gateway/cmd/server/main.go:64.16,66.3 1 0
github.com/sparkle/gateway/cmd/server/main.go:67.2,68.25 2 0
github.com/sparkle/gateway/cmd/server/main.go:68.25,70.3 1 0
github.com/sparkle/gateway/cmd/server/main.go:71.2,74.16 3 0
github.com/sparkle/gateway/cmd/server/main.go:74.16,76.3 1 0
github.com/sparkle/gateway/cmd/server/main.go:78.2,82.16 4 0
github.com/sparkle/gateway/cmd/server/main.go:82.16,84.3 1 0
github.com/sparkle/gateway/cmd/server/main.go:86.2,95.12 3 0
github.com/sparkle/gateway/cmd/server/main.go:95.12,97.77 2 0
github.com/sparkle/gateway/cmd/server/main.go:97.77,99.4 1 0
github.com/sparkle/gateway/cmd/server/main.go:103.2,108.36 5 0
github.com/sparkle/gateway/cmd/server/main.go:108.36,110.3 1 0
github.com/sparkle/gateway/cmd/server/main.go:111.2,116.34 3 0
github.com/sparkle/gateway/cmd/server/main.go:116.34,118.3 1 0
github.com/sparkle/gateway/cmd/server/main.go:119.2,119.71 1 0
github.com/sparkle/gateway/cmd/server/main.go:119.71,126.3 4 0
github.com/sparkle/gateway/cmd/server/main.go:129.2,132.50 3 0
github.com/sparkle/gateway/cmd/server/main.go:132.50,134.3 1 0
github.com/sparkle/gateway/cmd/server/main.go:136.2,136.45 1 0
github.com/sparkle/gateway/cmd/server/setup.go:109.47,111.2 1 0
github.com/sparkle/gateway/cmd/server/setup.go:113.86,115.16 2 0
github.com/sparkle/gateway/cmd/server/setup.go:115.16,117.3 1 0
github.com/sparkle/gateway/cmd/server/setup.go:119.2,120.16 2 0
github.com/sparkle/gateway/cmd/server/setup.go:120.16,123.3 2 0
github.com/sparkle/gateway/cmd/server/setup.go:125.2,126.16 2 0
github.com/sparkle/gateway/cmd/server/setup.go:126.16,130.3 3 0
github.com/sparkle/gateway/cmd/server/setup.go:132.2,141.8 3 0
github.com/sparkle/gateway/cmd/server/setup.go:144.61,146.2 1 0
github.com/sparkle/gateway/cmd/server/setup.go:148.126,151.25 3 0
github.com/sparkle/gateway/cmd/server/setup.go:151.25,153.3 1 0
github.com/sparkle/gateway/cmd/server/setup.go:154.2,162.16 9 0
github.com/sparkle/gateway/cmd/server/setup.go:162.16,164.3 1 0
github.com/sparkle/gateway/cmd/server/setup.go:166.2,178.8 1 0
github.com/sparkle/gateway/cmd/server/setup.go:181.97,183.30 2 0
github.com/sparkle/gateway/cmd/server/setup.go:183.30,185.3 1 0
github.com/sparkle/gateway/cmd/server/setup.go:186.2,187.29 2 0
github.com/sparkle/gateway/cmd/server/setup.go:187.29,189.3 1 0
github.com/sparkle/gateway/cmd/server/setup.go:190.2,191.16 2 0
github.com/sparkle/gateway/cmd/server/setup.go:191.16,193.3 1 0
github.com/sparkle/gateway/cmd/server/setup.go:195.2,196.16 2 0
github.com/sparkle/gateway/cmd/server/setup.go:196.16,198.3 1 0
github.com/sparkle/gateway/cmd/server/setup.go:200.2,201.16 2 0
github.com/sparkle/gateway/cmd/server/setup.go:201.16,202.26 1 0
github.com/sparkle/gateway/cmd/server/setup.go:202.26,204.4 1 0
github.com/sparkle/gateway/cmd/server/setup.go:205.3,206.28 2 0
github.com/sparkle/gateway/cmd/server/setup.go:209.2,209.56 1 0
github.com/sparkle/gateway/cmd/server/setup.go:212.243,247.16 18 0
github.com/sparkle/gateway/cmd/server/setup.go:247.16,249.3 1 0
github.com/sparkle/gateway/cmd/server/setup.go:250.2,272.8 3 0
github.com/sparkle/gateway/cmd/server/setup.go:275.156,289.86 12 0
github.com/sparkle/gateway/cmd/server/setup.go:289.86,291.3 1 0
github.com/sparkle/gateway/cmd/server/setup.go:292.2,293.81 2 0
github.com/sparkle/gateway/cmd/server/setup.go:293.81,295.3 1 0
github.com/sparkle/gateway/cmd/server/setup.go:296.2,297.83 2 0
github.com/sparkle/gateway/cmd/server/setup.go:297.83,299.3 1 0
github.com/sparkle/gateway/cmd/server/setup.go:301.2,311.12 9 0
github.com/sparkle/gateway/cmd/server/setup.go:311.12,312.71 1 0
github.com/sparkle/gateway/cmd/server/setup.go:312.71,314.4 1 0
github.com/sparkle/gateway/cmd/server/setup.go:317.2,318.12 2 0
github.com/sparkle/gateway/cmd/server/setup.go:318.12,319.58 1 0
github.com/sparkle/gateway/cmd/server/setup.go:319.58,321.4 1 0
github.com/sparkle/gateway/cmd/server/setup.go:324.2,324.27 1 0
github.com/sparkle/gateway/cmd/server/setup.go:324.27,326.17 2 0
github.com/sparkle/gateway/cmd/server/setup.go:326.17,328.4 1 0
github.com/sparkle/gateway/cmd/server/setup.go:328.9,330.4 1 0
github.com/sparkle/gateway/cmd/server/setup.go:331.8,333.3 1 0
github.com/sparkle/gateway/cmd/server/setup.go:335.2,345.30 1 0
github.com/sparkle/gateway/cmd/server/setup.go:345.30,346.68 1 0
github.com/sparkle/gateway/cmd/server/setup.go:346.68,348.5 1 0
github.com/sparkle/gateway/cmd/server/setup.go:350.28,351.66 1 0
github.com/sparkle/gateway/cmd/server/setup.go:351.66,353.5 1 0
github.com/sparkle/gateway/cmd/server/setup.go:355.25,356.63 1 0
github.com/sparkle/gateway/cmd/server/setup.go:356.63,358.5 1 0
github.com/sparkle/gateway/cmd/server/setup.go:363.58,368.12 4 0
github.com/sparkle/gateway/cmd/server/setup.go:368.12,369.71 1 0
github.com/sparkle/gateway/cmd/server/setup.go:369.71,371.4 1 0
github.com/sparkle/gateway/cmd/server/setup.go:373.2,373.12 1 0
github.com/sparkle/gateway/cmd/server/setup.go:373.12,374.71 1 0
github.com/sparkle/gateway/cmd/server/setup.go:374.71,376.4 1 0
github.com/sparkle/gateway/cmd/server/setup.go:378.2,378.12 1 0
github.com/sparkle/gateway/cmd/server/setup.go:378.12,379.73 1 0
github.com/sparkle/gateway/cmd/server/setup.go:379.73,381.4 1 0
github.com/sparkle/gateway/cmd/server/setup.go:385.228,389.33 2 0
github.com/sparkle/gateway/cmd/server/setup.go:389.33,390.65 1 0
github.com/sparkle/gateway/cmd/server/setup.go:390.65,392.4 1 0
github.com/sparkle/gateway/cmd/server/setup.go:393.8,393.31 1 0
github.com/sparkle/gateway/cmd/server/setup.go:393.31,396.3 1 0
github.com/sparkle/gateway/cmd/server/setup.go:397.2,402.21 6 0
github.com/sparkle/gateway/cmd/server/setup.go:402.21,404.3 1 0
github.com/sparkle/gateway/cmd/server/setup.go:405.2,406.44 2 0
github.com/sparkle/gateway/cmd/server/setup.go:406.44,408.3 1 0
github.com/sparkle/gateway/cmd/server/setup.go:409.2,429.35 13 0
github.com/sparkle/gateway/cmd/server/setup.go:429.35,431.3 1 0
github.com/sparkle/gateway/cmd/server/setup.go:434.2,443.2 5 0
github.com/sparkle/gateway/cmd/server/setup.go:443.2,444.43 1 0
github.com/sparkle/gateway/cmd/server/setup.go:444.43,450.4 1 0
github.com/sparkle/gateway/cmd/server/setup.go:451.3,451.48 1 0
github.com/sparkle/gateway/cmd/server/setup.go:451.48,453.18 2 0
github.com/sparkle/gateway/cmd/server/setup.go:453.18,459.5 2 0
github.com/sparkle/gateway/cmd/server/setup.go:461.4,477.6 4 0
github.com/sparkle/gateway/cmd/server/setup.go:480.3,502.62 12 0
github.com/sparkle/gateway/cmd/server/setup.go:505.2,511.2 2 0
github.com/sparkle/gateway/cmd/server/setup.go:511.2,516.3 3 0
github.com/sparkle/gateway/cmd/server/setup.go:518.2,522.2 3 0
github.com/sparkle/gateway/cmd/server/setup.go:522.2,530.55 7 0
github.com/sparkle/gateway/cmd/server/setup.go:530.55,532.18 2 0
github.com/sparkle/gateway/cmd/server/setup.go:532.18,535.5 2 0
github.com/sparkle/gateway/cmd/server/setup.go:536.4,536.38 1 0
github.com/sparkle/gateway/cmd/server/setup.go:539.3,539.61 1 0
github.com/sparkle/gateway/cmd/server/setup.go:539.61,542.18 3 0
github.com/sparkle/gateway/cmd/server/setup.go:542.18,545.5 2 0
github.com/sparkle/gateway/cmd/server/setup.go:546.4,546.31 1 0
github.com/sparkle/gateway/cmd/server/setup.go:549.3,549.68 1 0
github.com/sparkle/gateway/cmd/server/setup.go:549.68,551.92 2 0
github.com/sparkle/gateway/cmd/server/setup.go:551.92,554.5 2 0
github.com/sparkle/gateway/cmd/server/setup.go:555.4,555.55 1 0
github.com/sparkle/gateway/cmd/server/setup.go:558.3,558.68 1 0
github.com/sparkle/gateway/cmd/server/setup.go:558.68,560.92 2 0
github.com/sparkle/gateway/cmd/server/setup.go:560.92,563.5 2 0
github.com/sparkle/gateway/cmd/server/setup.go:564.4,564.52 1 0
github.com/sparkle/gateway/cmd/server/setup.go:567.3,567.69 1 0
github.com/sparkle/gateway/cmd/server/setup.go:567.69,569.93 2 0
github.com/sparkle/gateway/cmd/server/setup.go:569.93,572.5 2 0
github.com/sparkle/gateway/cmd/server/setup.go:573.4,573.53 1 0
github.com/sparkle/gateway/cmd/server/setup.go:576.3,576.65 1 0
github.com/sparkle/gateway/cmd/server/setup.go:576.65,579.18 3 0
github.com/sparkle/gateway/cmd/server/setup.go:579.18,582.5 2 0
github.com/sparkle/gateway/cmd/server/setup.go:583.4,583.48 1 0
github.com/sparkle/gateway/cmd/server/setup.go:586.3,586.70 1 0
github.com/sparkle/gateway/cmd/server/setup.go:586.70,590.16 3 0
github.com/sparkle/gateway/cmd/server/setup.go:591.32,592.44 1 0
github.com/sparkle/gateway/cmd/server/setup.go:593.27,594.44 1 0
github.com/sparkle/gateway/cmd/server/setup.go:595.29,596.53 1 0
github.com/sparkle/gateway/cmd/server/setup.go:597.12,599.11 2 0
github.com/sparkle/gateway/cmd/server/setup.go:602.4,602.14 1 0
github.com/sparkle/gateway/cmd/server/setup.go:602.14,606.19 4 0
github.com/sparkle/gateway/cmd/server/setup.go:606.19,608.6 1 0
github.com/sparkle/gateway/cmd/server/setup.go:608.11,615.6 1 0
github.com/sparkle/gateway/cmd/server/setup.go:618.4,621.6 1 0
github.com/sparkle/gateway/cmd/server/setup.go:624.3,624.79 1 0
github.com/sparkle/gateway/cmd/server/setup.go:624.79,628.16 3 0
github.com/sparkle/gateway/cmd/server/setup.go:629.32,630.44 1 0
github.com/sparkle/gateway/cmd/server/setup.go:631.27,632.44 1 0
github.com/sparkle/gateway/cmd/server/setup.go:633.29,634.53 1 0
github.com/sparkle/gateway/cmd/server/setup.go:635.12,637.11 2 0
github.com/sparkle/gateway/cmd/server/setup.go:640.4,640.14 1 0
github.com/sparkle/gateway/cmd/server/setup.go:640.14,644.19 4 0
github.com/sparkle/gateway/cmd/server/setup.go:644.19,646.6 1 0
github.com/sparkle/gateway/cmd/server/setup.go:646.11,653.6 1 0
github.com/sparkle/gateway/cmd/server/setup.go:656.4,659.6 1 0
github.com/sparkle/gateway/cmd/server/setup.go:662.3,662.71 1 0
github.com/sparkle/gateway/cmd/server/setup.go:662.71,665.18 3 0
github.com/sparkle/gateway/cmd/server/setup.go:665.18,668.5 2 0
github.com/sparkle/gateway/cmd/server/setup.go:670.4,677.105 2 0
github.com/sparkle/gateway/cmd/server/setup.go:677.105,680.5 2 0
github.com/sparkle/gateway/cmd/server/setup.go:682.4,685.6 1 0
github.com/sparkle/gateway/cmd/server/setup.go:688.3,688.53 1 0
github.com/sparkle/gateway/cmd/server/setup.go:688.53,690.18 2 0
github.com/sparkle/gateway/cmd/server/setup.go:690.18,693.5 2 0
github.com/sparkle/gateway/cmd/server/setup.go:694.4,694.32 1 0
github.com/sparkle/gateway/cmd/server/setup.go:697.3,697.56 1 0
github.com/sparkle/gateway/cmd/server/setup.go:697.56,699.18 2 0
github.com/sparkle/gateway/cmd/server/setup.go:699.18,702.5 2 0
github.com/sparkle/gateway/cmd/server/setup.go:703.4,706.6 1 0
github.com/sparkle/gateway/cmd/server/setup.go:709.3,709.66 1 0
github.com/sparkle/gateway/cmd/server/setup.go:709.66,711.85 2 0
github.com/sparkle/gateway/cmd/server/setup.go:711.85,714.5 2 0
github.com/sparkle/gateway/cmd/server/setup.go:715.4,718.6 1 0
github.com/sparkle/gateway/cmd/server/setup.go:721.3,721.62 1 0
github.com/sparkle/gateway/cmd/server/setup.go:721.62,723.86 2 0
github.com/sparkle/gateway/cmd/server/setup.go:723.86,726.5 2 0
github.com/sparkle/gateway/cmd/server/setup.go:727.4,730.6 1 0
github.com/sparkle/gateway/cmd/server/setup.go:733.3,733.56 1 0
github.com/sparkle/gateway/cmd/server/setup.go:733.56,735.18 2 0
github.com/sparkle/gateway/cmd/server/setup.go:735.18,738.5 2 0
github.com/sparkle/gateway/cmd/server/setup.go:739.4,741.6 1 0
github.com/sparkle/gateway/cmd/server/setup.go:746.2,746.33 1 0
github.com/sparkle/gateway/cmd/server/setup.go:746.33,756.35 4 0
github.com/sparkle/gateway/cmd/server/setup.go:756.35,758.21 2 0
github.com/sparkle/gateway/cmd/server/setup.go:758.21,760.5 1 0
github.com/sparkle/gateway/cmd/server/setup.go:762.4,762.37 1 0
github.com/sparkle/gateway/cmd/server/setup.go:762.37,764.22 2 0
github.com/sparkle/gateway/cmd/server/setup.go:764.22,766.6 1 0
github.com/sparkle/gateway/cmd/server/setup.go:768.4,774.10 3 0
github.com/sparkle/gateway/cmd/server/setup.go:777.3,777.65 1 0
github.com/sparkle/gateway/cmd/server/setup.go:780.2,780.10 1 0
github.com/sparkle/gateway/cmd/server/setup.go:783.47,799.44 2 1
github.com/sparkle/gateway/cmd/server/setup.go:799.44,800.38 1 1
github.com/sparkle/gateway/cmd/server/setup.go:800.38,802.4 1 1
github.com/sparkle/gateway/cmd/server/setup.go:804.2,804.14 1 1
github.com/sparkle/gateway/cmd/server/setup.go:809.48,814.36 2 0
github.com/sparkle/gateway/cmd/server/setup.go:814.36,815.38 1 0
github.com/sparkle/gateway/cmd/server/setup.go:815.38,817.4 1 0
github.com/sparkle/gateway/cmd/server/setup.go:819.2,819.14 1 0
github.com/sparkle/gateway/cmd/server/setup.go:822.79,824.22 2 0
github.com/sparkle/gateway/cmd/server/setup.go:824.22,826.3 1 0
github.com/sparkle/gateway/cmd/server/setup.go:827.2,836.16 4 0
github.com/sparkle/gateway/cmd/server/setup.go:836.16,838.3 1 0
github.com/sparkle/gateway/cmd/server/setup.go:840.2,845.43 3 0
github.com/sparkle/gateway/cmd/server/setup.go:845.43,851.72 4 0
github.com/sparkle/gateway/cmd/server/setup.go:851.72,853.19 2 0
github.com/sparkle/gateway/cmd/server/setup.go:853.19,855.5 1 0
github.com/sparkle/gateway/cmd/server/setup.go:855.10,857.5 1 0
github.com/sparkle/gateway/cmd/server/setup.go:859.3,859.48 1 0
github.com/sparkle/gateway/cmd/server/setup.go:859.48,861.4 1 0
github.com/sparkle/gateway/cmd/server/setup.go:862.3,862.47 1 0
github.com/sparkle/gateway/cmd/server/setup.go:862.47,864.4 1 0
github.com/sparkle/gateway/cmd/server/setup.go:866.3,866.91 1 0
github.com/sparkle/gateway/cmd/server/setup.go:869.2,890.8 4 0
github.com/sparkle/gateway/gen/sparkle/signals/v1/signals.pb.go:36.35,41.2 4 0
github.com/sparkle/gateway/gen/sparkle/signals/v1/signals.pb.go:43.43,45.2 1 0
github.com/sparkle/gateway/gen/sparkle/signals/v1/signals.pb.go:47.41,47.42 0 0
github.com/sparkle/gateway/gen/sparkle/signals/v1/signals.pb.go:49.63,51.14 2 0
github.com/sparkle/gateway/gen/sparkle/signals/v1/signals.pb.go:51.14,53.34 2 0
github.com/sparkle/gateway/gen/sparkle/signals/v1/signals.pb.go:53.34,55.4 1 0
github.com/sparkle/gateway/gen/sparkle/signals/v1/signals.pb.go:56.3,56.12 1 0
github.com/sparkle/gateway/gen/sparkle/signals/v1/signals.pb.go:58.2,58.24 1 0
github.com/sparkle/gateway/gen/sparkle/signals/v1/signals.pb.go:62.54,64.2 1 0
github.com/sparkle/gateway/gen/sparkle/signals/v1/signals.pb.go:66.42,67.14 1 0
github.com/sparkle/gateway/gen/sparkle/signals/v1/signals.pb.go:67.14,69.3 1 0
github.com/sparkle/gateway/gen/sparkle/signals/v1/signals.pb.go:70.2,70.11 1 0
github.com/sparkle/gateway/gen/sparkle/signals/v1/signals.pb.go:73.44,74.14 1 0
github.com/sparkle/gateway/gen/sparkle/signals/v1/signals.pb.go:74.14,76.3 1 0
github.com/sparkle/gateway/gen/sparkle/signals/v1/signals.pb.go:77.2,77.11 1 0
github.com/sparkle/gateway/gen/sparkle/signals/v1/signals.pb.go:80.47,81.14 1 0
github.com/sparkle/gateway/gen/sparkle/signals/v1/signals.pb.go:81.14,83.3 1 0
github.com/sparkle/gateway/gen/sparkle/signals/v1/signals.pb.go:84.2,84.11 1 0
github.com/sparkle/gateway/gen/sparkle/signals/v1/signals.pb.go:87.51,88.14 1 0
github.com/sparkle/gateway/gen/sparkle/signals/v1/signals.pb.go:88.14,90.3 1 0
github.com/sparkle/gateway/gen/sparkle/signals/v1/signals.pb.go:91.2,91.11 1 0
github.com/sparkle/gateway/gen/sparkle/signals/v1/signals.pb.go:94.49,95.14 1 0
github.com/sparkle/gateway/gen/sparkle/signals/v1/signals.pb.go:95.14,97.3 1 0
github.com/sparkle/gateway/gen/sparkle/signals/v1/signals.pb.go:98.2,98.10 1 0
github.com/sparkle/gateway/gen/sparkle/signals/v1/signals.pb.go:101.59,102.14 1 0
github.com/sparkle/gateway/gen/sparkle/signals/v1/signals.pb.go:102.14,104.3 1 0
github.com/sparkle/gateway/gen/sparkle/signals/v1/signals.pb.go:105.2,105.12 1 0
github.com/sparkle/gateway/gen/sparkle/signals/v1/signals.pb.go:121.43,126.2 4 0
github.com/sparkle/gateway/gen/sparkle/signals/v1/signals.pb.go:128.51,130.2 1 0
github.com/sparkle/gateway/gen/sparkle/signals/v1/signals.pb.go:132.49,132.50 0 0
github.com/sparkle/gateway/gen/sparkle/signals/v1/signals.pb.go:134.71,136.14 2 0
github.com/sparkle/gateway/gen/sparkle/signals/v1/signals.pb.go:136.14,138.34 2 0
github.com/sparkle/gateway/gen/sparkle/signals/v1/signals.pb.go:138.34,140.4 1 0
github.com/sparkle/gateway/gen/sparkle/signals/v1/signals.pb.go:141.3,141.12 1 0
github.com/sparkle/gateway/gen/sparkle/signals/v1/signals.pb.go:143.2,143.24 1 0
github.com/sparkle/gateway/gen/sparkle/signals/v1/signals.pb.go:147.62,149.2 1 0
github.com/sparkle/gateway/gen/sparkle/signals/v1/signals.pb.go:151.57,152.14 1 0
github.com/sparkle/gateway/gen/sparkle/signals/v1/signals.pb.go:152.14,154.3 1 0
github.com/sparkle/gateway/gen/sparkle/signals/v1/signals.pb.go:155.2,155.11 1 0
github.com/sparkle/gateway/gen/sparkle/signals/v1/signals.pb.go:158.55,159.14 1 0
github.com/sparkle/gateway/gen/sparkle/signals/v1/signals.pb.go:159.14,161.3 1 0
github.com/sparkle/gateway/gen/sparkle/signals/v1/signals.pb.go:162.2,162.11 1 0
github.com/sparkle/gateway/gen/sparkle/signals/v1/signals.pb.go:165.54,166.14 1 0
github.com/sparkle/gateway/gen/sparkle/signals/v1/signals.pb.go:166.14,168.3 1 0
github.com/sparkle/gateway/gen/sparkle/signals/v1/signals.pb.go:169.2,169.11 1 0
github.com/sparkle/gateway/gen/sparkle/signals/v1/signals.pb.go:172.61,173.14 1 0
github.com/sparkle/gateway/gen/sparkle/signals/v1/signals.pb.go:173.14,175.3 1 0
github.com/sparkle/gateway/gen/sparkle/signals/v1/signals.pb.go:176.2,176.11 1 0
github.com/sparkle/gateway/gen/sparkle/signals/v1/signals.pb.go:179.62,180.14 1 0
github.com/sparkle/gateway/gen/sparkle/signals/v1/signals.pb.go:180.14,182.3 1 0
github.com/sparkle/gateway/gen/sparkle/signals/v1/signals.pb.go:183.2,183.11 1 0
github.com/sparkle/gateway/gen/sparkle/signals/v1/signals.pb.go:186.70,187.14 1 0
github.com/sparkle/gateway/gen/sparkle/signals/v1/signals.pb.go:187.14,189.3 1 0
github.com/sparkle/gateway/gen/sparkle/signals/v1/signals.pb.go:190.2,190.12 1 0
github.com/sparkle/gateway/gen/sparkle/signals/v1/signals.pb.go:193.67,194.14 1 0
github.com/sparkle/gateway/gen/sparkle/signals/v1/signals.pb.go:194.14,196.3 1 0
github.com/sparkle/gateway/gen/sparkle/signals/v1/signals.pb.go:197.2,197.12 1 0
github.com/sparkle/gateway/gen/sparkle/signals/v1/signals.pb.go:214.35,219.2 4 0
github.com/sparkle/gateway/gen/sparkle/signals/v1/signals.pb.go:221.43,223.2 1 0
github.com/sparkle/gateway/gen/sparkle/signals/v1/signals.pb.go:225.41,225.42 0 0
github.com/sparkle/gateway/gen/sparkle/signals/v1/signals.pb.go:227.63,229.14 2 0
github.com/sparkle/gateway/gen/sparkle/signals/v1/signals.pb.go:229.14,231.34 2 0
github.com/sparkle/gateway/gen/sparkle/signals/v1/signals.pb.go:231.34,233.4 1 0
github.com/sparkle/gateway/gen/sparkle/signals/v1/signals.pb.go:234.3,234.12 1 0
github.com/sparkle/gateway/gen/sparkle/signals/v1/signals.pb.go:236.2,236.24 1 0
github.com/sparkle/gateway/gen/sparkle/signals/v1/signals.pb.go:240.54,242.2 1 0
github.com/sparkle/gateway/gen/sparkle/signals/v1/signals.pb.go:244.54,245.14 1 0
github.com/sparkle/gateway/gen/sparkle/signals/v1/signals.pb.go:245.14,247.3 1 0
github.com/sparkle/gateway/gen/sparkle/signals/v1/signals.pb.go:248.2,248.11 1 0
github.com/sparkle/gateway/gen/sparkle/signals/v1/signals.pb.go:251.46,252.14 1 0
github.com/sparkle/gateway/gen/sparkle/signals/v1/signals.pb.go:252.14,254.3 1 0
github.com/sparkle/gateway/gen/sparkle/signals/v1/signals.pb.go:255.2,255.11 1 0
github.com/sparkle/gateway/gen/sparkle/signals/v1/signals.pb.go:258.52,259.14 1 0
github.com/sparkle/gateway/gen/sparkle/signals/v1/signals.pb.go:259.14,261.3 1 0
github.com/sparkle/gateway/gen/sparkle/signals/v1/signals.pb.go:262.2,262.12 1 0
github.com/sparkle/gateway/gen/sparkle/signals/v1/signals.pb.go:265.68,266.14 1 0
github.com/sparkle/gateway/gen/sparkle/signals/v1/signals.pb.go:266.14,268.3 1 0
github.com/sparkle/gateway/gen/sparkle/signals/v1/signals.pb.go:269.2,269.12 1 0
github.com/sparkle/gateway/gen/sparkle/signals/v1/signals.pb.go:272.50,273.14 1 0
github.com/sparkle/gateway/gen/sparkle/signals/v1/signals.pb.go:273.14,275.3 1 0
github.com/sparkle/gateway/gen/sparkle/signals/v1/signals.pb.go:276.2,276.12 1 0
github.com/sparkle/gateway/gen/sparkle/signals/v1/signals.pb.go:279.56,280.14 1 0
github.com/sparkle/gateway/gen/sparkle/signals/v1/signals.pb.go:280.14,282.3 1 0
github.com/sparkle/gateway/gen/sparkle/signals/v1/signals.pb.go:283.2,283.12 1 0
github.com/sparkle/gateway/gen/sparkle/signals/v1/signals.pb.go:286.49,287.14 1 0
github.com/sparkle/gateway/gen/sparkle/signals/v1/signals.pb.go:287.14,289.3 1 0
github.com/sparkle/gateway/gen/sparkle/signals/v1/signals.pb.go:290.2,290.14 1 0
github.com/sparkle/gateway/gen/sparkle/signals/v1/signals.pb.go:303.32,308.2 4 0
github.com/sparkle/gateway/gen/sparkle/signals/v1/signals.pb.go:310.40,312.2 1 0
github.com/sparkle/gateway/gen/sparkle/signals/v1/signals.pb.go:314.38,314.39 0 0
github.com/sparkle/gateway/gen/sparkle/signals/v1/signals.pb.go:316.60,318.14 2 0
github.com/sparkle/gateway/gen/sparkle/signals/v1/signals.pb.go:318.14,320.34 2 0
github.com/sparkle/gateway/gen/sparkle/signals/v1/signals.pb.go:320.34,322.4 1 0
github.com/sparkle/gateway/gen/sparkle/signals/v1/signals.pb.go:323.3,323.12 1 0
github.com/sparkle/gateway/gen/sparkle/signals/v1/signals.pb.go:325.2,325.24 1 0
github.com/sparkle/gateway/gen/sparkle/signals/v1/signals.pb.go:329.51,331.2 1 0
github.com/sparkle/gateway/gen/sparkle/signals/v1/signals.pb.go:333.46,334.14 1 0
github.com/sparkle/gateway/gen/sparkle/signals/v1/signals.pb.go:334.14,336.3 1 0
github.com/sparkle/gateway/gen/sparkle/signals/v1/signals.pb.go:337.2,337.10 1 0
github.com/sparkle/gateway/gen/sparkle/signals/v1/signals.pb.go:340.45,341.14 1 0
github.com/sparkle/gateway/gen/sparkle/signals/v1/signals.pb.go:341.14,343.3 1 0
github.com/sparkle/gateway/gen/sparkle/signals/v1/signals.pb.go:344.2,344.10 1 0
github.com/sparkle/gateway/gen/sparkle/signals/v1/signals.pb.go:347.49,348.14 1 0
github.com/sparkle/gateway/gen/sparkle/signals/v1/signals.pb.go:348.14,350.3 1 0
github.com/sparkle/gateway/gen/sparkle/signals/v1/signals.pb.go:351.2,351.10 1 0
github.com/sparkle/gateway/gen/sparkle/signals/v1/signals.pb.go:354.48,355.14 1 0
github.com/sparkle/gateway/gen/sparkle/signals/v1/signals.pb.go:355.14,357.3 1 0
github.com/sparkle/gateway/gen/sparkle/signals/v1/signals.pb.go:358.2,358.10 1 0
github.com/sparkle/gateway/gen/sparkle/signals/v1/signals.pb.go:370.40,375.2 4 0
github.com/sparkle/gateway/gen/sparkle/signals/v1/signals.pb.go:377.48,379.2 1 0
github.com/sparkle/gateway/gen/sparkle/signals/v1/signals.pb.go:381.46,381.47 0 0
github.com/sparkle/gateway/gen/sparkle/signals/v1/signals.pb.go:383.68,385.14 2 0
github.com/sparkle/gateway/gen/sparkle/signals/v1/signals.pb.go:385.14,387.34 2 0
github.com/sparkle/gateway/gen/sparkle/signals/v1/signals.pb.go:387.34,389.4 1 0
github.com/sparkle/gateway/gen/sparkle/signals/v1/signals.pb.go:390.3,390.12 1 0
github.com/sparkle/gateway/gen/sparkle/signals/v1/signals.pb.go:392.2,392.24 1 0
github.com/sparkle/gateway/gen/sparkle/signals/v1/signals.pb.go:396.59,398.2 1 0
github.com/sparkle/gateway/gen/sparkle/signals/v1/signals.pb.go:400.63,401.14 1 0
github.com/sparkle/gateway/gen/sparkle/signals/v1/signals.pb.go:401.14,403.3 1 0
github.com/sparkle/gateway/gen/sparkle/signals/v1/signals.pb.go:404.2,404.10 1 0
github.com/sparkle/gateway/gen/sparkle/signals/v1/signals.pb.go:407.67,408.14 1 0
github.com/sparkle/gateway/gen/sparkle/signals/v1/signals.pb.go:408.14,410.3 1 0
github.com/sparkle/gateway/gen/sparkle/signals/v1/signals.pb.go:411.2,411.11 1 0
github.com/sparkle/gateway/gen/sparkle/signals/v1/signals.pb.go:414.61,415.14 1 0
github.com/sparkle/gateway/gen/sparkle/signals/v1/signals.pb.go:415.14,417.3 1 0
github.com/sparkle/gateway/gen/sparkle/signals/v1/signals.pb.go:418.2,418.10 1 0
github.com/sparkle/gateway/gen/sparkle/signals/v1/signals.pb.go:429.31,434.2 4 0
github.com/sparkle/gateway/gen/sparkle/signals/v1/signals.pb.go:436.39,438.2 1 0
github.com/sparkle/gateway/gen/sparkle/signals/v1/signals.pb.go:440.37,440.38 0 0
github.com/sparkle/gateway/gen/sparkle/signals/v1/signals.pb.go:442.59,444.14 2 0
github.com/sparkle/gateway/gen/sparkle/signals/v1/signals.pb.go:444.14,446.34 2 0
github.com/sparkle/gateway/gen/sparkle/signals/v1/signals.pb.go:446.34,448.4 1 0
github.com/sparkle/gateway/gen/sparkle/signals/v1/signals.pb.go:449.3,449.12 1 0
github.com/sparkle/gateway/gen/sparkle/signals/v1/signals.pb.go:451.2,451.24 1 0
github.com/sparkle/gateway/gen/sparkle/signals/v1/signals.pb.go:455.50,457.2 1 0
github.com/sparkle/gateway/gen/sparkle/signals/v1/signals.pb.go:459.44,460.14 1 0
github.com/sparkle/gateway/gen/sparkle/signals/v1/signals.pb.go:460.14,462.3 1 0
github.com/sparkle/gateway/gen/sparkle/signals/v1/signals.pb.go:463.2,463.10 1 0
github.com/sparkle/gateway/gen/sparkle/signals/v1/signals.pb.go:466.45,467.14 1 0
github.com/sparkle/gateway/gen/sparkle/signals/v1/signals.pb.go:467.14,469.3 1 0
github.com/sparkle/gateway/gen/sparkle/signals/v1/signals.pb.go:470.2,470.11 1 0
github.com/sparkle/gateway/gen/sparkle/signals/v1/signals.pb.go:481.34,486.2 4 0
github.com/sparkle/gateway/gen/sparkle/signals/v1/signals.pb.go:488.42,490.2 1 0
github.com/sparkle/gateway/gen/sparkle/signals/v1/signals.pb.go:492.40,492.41 0 0
github.com/sparkle/gateway/gen/sparkle/signals/v1/signals.pb.go:494.62,496.14 2 0
github.com/sparkle/gateway/gen/sparkle/signals/v1/signals.pb.go:496.14,498.34 2 0
github.com/sparkle/gateway/gen/sparkle/signals/v1/signals.pb.go:498.34,500.4 1 0
github.com/sparkle/gateway/gen/sparkle/signals/v1/signals.pb.go:501.3,501.12 1 0
github.com/sparkle/gateway/gen/sparkle/signals/v1/signals.pb.go:503.2,503.24 1 0
github.com/sparkle/gateway/gen/sparkle/signals/v1/signals.pb.go:507.53,509.2 1 0
github.com/sparkle/gateway/gen/sparkle/signals/v1/signals.pb.go:511.47,512.14 1 0
github.com/sparkle/gateway/gen/sparkle/signals/v1/signals.pb.go:512.14,514.3 1 0
github.com/sparkle/gateway/gen/sparkle/signals/v1/signals.pb.go:515.2,515.11 1 0
github.com/sparkle/gateway/gen/sparkle/signals/v1/signals.pb.go:518.45,519.14 1 0
github.com/sparkle/gateway/gen/sparkle/signals/v1/signals.pb.go:519.14,521.3 1 0
github.com/sparkle/gateway/gen/sparkle/signals/v1/signals.pb.go:522.2,522.11 1 0
github.com/sparkle/gateway/gen/sparkle/signals/v1/signals.pb.go:537.40,542.2 4 0
github.com/sparkle/gateway/gen/sparkle/signals/v1/signals.pb.go:544.48,546.2 1 0
github.com/sparkle/gateway/gen/sparkle/signals/v1/signals.pb.go:548.46,548.47 0 0
github.com/sparkle/gateway/gen/sparkle/signals/v1/signals.pb.go:550.68,552.14 2 0
github.com/sparkle/gateway/gen/sparkle/signals/v1/signals.pb.go:552.14,554.34 2 0
github.com/sparkle/gateway/gen/sparkle/signals/v1/signals.pb.go:554.34,556.4 1 0
github.com/sparkle/gateway/gen/sparkle/signals/v1/signals.pb.go:557.3,557.12 1 0
github.com/sparkle/gateway/gen/sparkle/signals/v1/signals.pb.go:559.2,559.24 1 0
github.com/sparkle/gateway/gen/sparkle/signals/v1/signals.pb.go:563.59,565.2 1 0
github.com/sparkle/gateway/gen/sparkle/signals/v1/signals.pb.go:567.52,568.14 1 0
github.com/sparkle/gateway/gen/sparkle/signals/v1/signals.pb.go:568.14,570.3 1 0
github.com/sparkle/gateway/gen/sparkle/signals/v1/signals.pb.go:571.2,571.11 1 0
github.com/sparkle/gateway/gen/sparkle/signals/v1/signals.pb.go:574.60,575.14 1 0
github.com/sparkle/gateway/gen/sparkle/signals/v1/signals.pb.go:575.14,577.3 1 0
github.com/sparkle/gateway/gen/sparkle/signals/v1/signals.pb.go:578.2,578.12 1 0
github.com/sparkle/gateway/gen/sparkle/signals/v1/signals.pb.go:581.69,582.14 1 0
github.com/sparkle/gateway/gen/sparkle/signals/v1/signals.pb.go:582.14,584.3 1 0
github.com/sparkle/gateway/gen/sparkle/signals/v1/signals.pb.go:585.2,585.12 1 0
github.com/sparkle/gateway/gen/sparkle/signals/v1/signals.pb.go:588.57,589.14 1 0
github.com/sparkle/gateway/gen/sparkle/signals/v1/signals.pb.go:589.14,591.3 1 0
github.com/sparkle/gateway/gen/sparkle/signals/v1/signals.pb.go:592.2,592.12 1 0
github.com/sparkle/gateway/gen/sparkle/signals/v1/signals.pb.go:595.52,596.14 1 0
github.com/sparkle/gateway/gen/sparkle/signals/v1/signals.pb.go:596.14,598.3 1 0
github.com/sparkle/gateway/gen/sparkle/signals/v1/signals.pb.go:599.2,599.12 1 0
github.com/sparkle/gateway/gen/sparkle/signals/v1/signals.pb.go:610.34,615.2 4 0
github.com/sparkle/gateway/gen/sparkle/signals/v1/signals.pb.go:617.42,619.2 1 0
github.com/sparkle/gateway/gen/sparkle/signals/v1/signals.pb.go:621.40,621.41 0 0
github.com/sparkle/gateway/gen/sparkle/signals/v1/signals.pb.go:623.62,625.14 2 0
github.com/sparkle/gateway/gen/sparkle/signals/v1/signals.pb.go:625.14,627.34 2 0
github.com/sparkle/gateway/gen/sparkle/signals/v1/signals.pb.go:627.34,629.4 1 0
github.com/sparkle/gateway/gen/sparkle/signals/v1/signals.pb.go:630.3,630.12 1 0
github.com/sparkle/gateway/gen/sparkle/signals/v1/signals.pb.go:632.2,632.24 1 0
github.com/sparkle/gateway/gen/sparkle/signals/v1/signals.pb.go:636.53,638.2 1 0
github.com/sparkle/gateway/gen/sparkle/signals/v1/signals.pb.go:640.54,641.14 1 0
github.com/sparkle/gateway/gen/sparkle/signals/v1/signals.pb.go:641.14,643.3 1 0
github.com/sparkle/gateway/gen/sparkle/signals/v1/signals.pb.go:644.2,644.14 1 0
github.com/sparkle/gateway/gen/sparkle/signals/v1/signals.pb.go:647.59,648.14 1 0
github.com/sparkle/gateway/gen/sparkle/signals/v1/signals.pb.go:648.14,650.3 1 0
github.com/sparkle/gateway/gen/sparkle/signals/v1/signals.pb.go:651.2,651.10 1 0
github.com/sparkle/gateway/gen/sparkle/signals/v1/signals.pb.go:662.41,667.2 4 0
github.com/sparkle/gateway/gen/sparkle/signals/v1/signals.pb.go:669.49,671.2 1 0
github.com/sparkle/gateway/gen/sparkle/signals/v1/signals.pb.go:673.47,673.48 0 0
github.com/sparkle/gateway/gen/sparkle/signals/v1/signals.pb.go:675.69,677.14 2 0
github.com/sparkle/gateway/gen/sparkle/signals/v1/signals.pb.go:677.14,679.34 2 0
github.com/sparkle/gateway/gen/sparkle/signals/v1/signals.pb.go:679.34,681.4 1 0
github.com/sparkle/gateway/gen/sparkle/signals/v1/signals.pb.go:682.3,682.12 1 0
github.com/sparkle/gateway/gen/sparkle/signals/v1/signals.pb.go:684.2,684.24 1 0
github.com/sparkle/gateway/gen/sparkle/signals/v1/signals.pb.go:688.60,690.2 1 0
github.com/sparkle/gateway/gen/sparkle/signals/v1/signals.pb.go:692.63,693.14 1 0
github.com/sparkle/gateway/gen/sparkle/signals/v1/signals.pb.go:693.14,695.3 1 0
github.com/sparkle/gateway/gen/sparkle/signals/v1/signals.pb.go:696.2,696.10 1 0
github.com/sparkle/gateway/gen/sparkle/signals/v1/signals.pb.go:699.65,700.14 1 0
github.com/sparkle/gateway/gen/sparkle/signals/v1/signals.pb.go:700.14,702.3 1 0
github.com/sparkle/gateway/gen/sparkle/signals/v1/signals.pb.go:703.2,703.14 1 0
github.com/sparkle/gateway/gen/sparkle/signals/v1/signals.pb.go:714.31,719.2 4 0
github.com/sparkle/gateway/gen/sparkle/signals/v1/signals.pb.go:721.39,723.2 1 0
github.com/sparkle/gateway/gen/sparkle/signals/v1/signals.pb.go:725.37,725.38 0 0
github.com/sparkle/gateway/gen/sparkle/signals/v1/signals.pb.go:727.59,729.14 2 0
github.com/sparkle/gateway/gen/sparkle/signals/v1/signals.pb.go:729.14,731.34 2 0
github.com/sparkle/gateway/gen/sparkle/signals/v1/signals.pb.go:731.34,733.4 1 0
github.com/sparkle/gateway/gen/sparkle/signals/v1/signals.pb.go:734.3,734.12 1 0
github.com/sparkle/gateway/gen/sparkle/signals/v1/signals.pb.go:736.2,736.24 1 0
github.com/sparkle/gateway/gen/sparkle/signals/v1/signals.pb.go:740.50,742.2 1 0
github.com/sparkle/gateway/gen/sparkle/signals/v1/signals.pb.go:744.50,745.14 1 0
github.com/sparkle/gateway/gen/sparkle/signals/v1/signals.pb.go:745.14,747.3 1 0
github.com/sparkle/gateway/gen/sparkle/signals/v1/signals.pb.go:748.2,748.14 1 0
github.com/sparkle/gateway/gen/sparkle/signals/v1/signals.pb.go:751.51,752.14 1 0
github.com/sparkle/gateway/gen/sparkle/signals/v1/signals.pb.go:752.14,754.3 1 0
github.com/sparkle/gateway/gen/sparkle/signals/v1/signals.pb.go:755.2,755.14 1 0
github.com/sparkle/gateway/gen/sparkle/signals/v1/signals.pb.go:766.28,771.2 4 0
github.com/sparkle/gateway/gen/sparkle/signals/v1/signals.pb.go:773.36,775.2 1 0
github.com/sparkle/gateway/gen/sparkle/signals/v1/signals.pb.go:777.34,777.35 0 0
github.com/sparkle/gateway/gen/sparkle/signals/v1/signals.pb.go:779.56,781.14 2 0
github.com/sparkle/gateway/gen/sparkle/signals/v1/signals.pb.go:781.14,783.34 2 0
github.com/sparkle/gateway/gen/sparkle/signals/v1/signals.pb.go:783.34,785.4 1 0
github.com/sparkle/gateway/gen/sparkle/signals/v1/signals.pb.go:786.3,786.12 1 0
github.com/sparkle/gateway/gen/sparkle/signals/v1/signals.pb.go:788.2,788.24 1 0
github.com/sparkle/gateway/gen/sparkle/signals/v1/signals.pb.go:792.47,794.2 1 0
github.com/sparkle/gateway/gen/sparkle/signals/v1/signals.pb.go:796.50,797.14 1 0
github.com/sparkle/gateway/gen/sparkle/signals/v1/signals.pb.go:797.14,799.3 1 0
github.com/sparkle/gateway/gen/sparkle/signals/v1/signals.pb.go:800.2,800.14 1 0
github.com/sparkle/gateway/gen/sparkle/signals/v1/signals.pb.go:803.54,804.14 1 0
github.com/sparkle/gateway/gen/sparkle/signals/v1/signals.pb.go:804.14,806.3 1 0
github.com/sparkle/gateway/gen/sparkle/signals/v1/signals.pb.go:807.2,807.14 1 0
github.com/sparkle/gateway/gen/sparkle/signals/v1/signals.pb.go:819.27,824.2 4 0
github.com/sparkle/gateway/gen/sparkle/signals/v1/signals.pb.go:826.35,828.2 1 0
github.com/sparkle/gateway/gen/sparkle/signals/v1/signals.pb.go:830.33,830.34 0 0
github.com/sparkle/gateway/gen/sparkle/signals/v1/signals.pb.go:832.55,834.14 2 0
github.com/sparkle/gateway/gen/sparkle/signals/v1/signals.pb.go:834.14,836.34 2 0
github.com/sparkle/gateway/gen/sparkle/signals/v1/signals.pb.go:836.34,838.4 1 0
github.com/sparkle/gateway/gen/sparkle/signals/v1/signals.pb.go:839.3,839.12 1 0
github.com/sparkle/gateway/gen/sparkle/signals/v1/signals.pb.go:841.2,841.24 1 0
github.com/sparkle/gateway/gen/sparkle/signals/v1/signals.pb.go:845.46,847.2 1 0
github.com/sparkle/gateway/gen/sparkle/signals/v1/signals.pb.go:849.39,850.14 1 0
github.com/sparkle/gateway/gen/sparkle/signals/v1/signals.pb.go:850.14,852.3 1 0
github.com/sparkle/gateway/gen/sparkle/signals/v1/signals.pb.go:853.2,853.11 1 0
github.com/sparkle/gateway/gen/sparkle/signals/v1/signals.pb.go:856.42,857.14 1 0
github.com/sparkle/gateway/gen/sparkle/signals/v1/signals.pb.go:857.14,859.3 1 0
github.com/sparkle/gateway/gen/sparkle/signals/v1/signals.pb.go:860.2,860.12 1 0
github.com/sparkle/gateway/gen/sparkle/signals/v1/signals.pb.go:873.26,878.2 4 0
github.com/sparkle/gateway/gen/sparkle/signals/v1/signals.pb.go:880.34,882.2 1 0
github.com/sparkle/gateway/gen/sparkle/signals/v1/signals.pb.go:884.32,884.33 0 0
github.com/sparkle/gateway/gen/sparkle/signals/v1/signals.pb.go:886.54,888.14 2 0
github.com/sparkle/gateway/gen/sparkle/signals/v1/signals.pb.go:888.14,890.34 2 0
github.com/sparkle/gateway/gen/sparkle/signals/v1/signals.pb.go:890.34,892.4 1 0
github.com/sparkle/gateway/gen/sparkle/signals/v1/signals.pb.go:893.3,893.12 1 0
github.com/sparkle/gateway/gen/sparkle/signals/v1/signals.pb.go:895.2,895.24 1 0
github.com/sparkle/gateway/gen/sparkle/signals/v1/signals.pb.go:899.45,901.2 1 0
github.com/sparkle/gateway/gen/sparkle/signals/v1/signals.pb.go:903.35,904.14 1 0
github.com/sparkle/gateway/gen/sparkle/signals/v1/signals.pb.go:904.14,906.3 1 0
github.com/sparkle/gateway/gen/sparkle/signals/v1/signals.pb.go:907.2,907.11 1 0
github.com/sparkle/gateway/gen/sparkle/signals/v1/signals.pb.go:910.42,911.14 1 0
github.com/sparkle/gateway/gen/sparkle/signals/v1/signals.pb.go:911.14,913.3 1 0
github.com/sparkle/gateway/gen/sparkle/signals/v1/signals.pb.go:914.2,914.10 1 0
github.com/sparkle/gateway/gen/sparkle/signals/v1/signals.pb.go:917.37,918.14 1 0
github.com/sparkle/gateway/gen/sparkle/signals/v1/signals.pb.go:918.14,920.3 1 0
github.com/sparkle/gateway/gen/sparkle/signals/v1/signals.pb.go:921.2,921.11 1 0
github.com/sparkle/gateway/gen/sparkle/signals/v1/signals.pb.go:924.50,925.14 1 0
github.com/sparkle/gateway/gen/sparkle/signals/v1/signals.pb.go:925.14,927.3 1 0
github.com/sparkle/gateway/gen/sparkle/signals/v1/signals.pb.go:928.2,928.12 1 0
github.com/sparkle/gateway/gen/sparkle/signals/v1/signals.pb.go:946.37,951.2 4 0
github.com/sparkle/gateway/gen/sparkle/signals/v1/signals.pb.go:953.45,955.2 1 0
github.com/sparkle/gateway/gen/sparkle/signals/v1/signals.pb.go:957.43,957.44 0 0
github.com/sparkle/gateway/gen/sparkle/signals/v1/signals.pb.go:959.65,961.14 2 0
github.com/sparkle/gateway/gen/sparkle/signals/v1/signals.pb.go:961.14,963.34 2 0
github.com/sparkle/gateway/gen/sparkle/signals/v1/signals.pb.go:963.34,965.4 1 0
github.com/sparkle/gateway/gen/sparkle/signals/v1/signals.pb.go:966.3,966.12 1 0
github.com/sparkle/gateway/gen/sparkle/signals/v1/signals.pb.go:968.2,968.24 1 0
github.com/sparkle/gateway/gen/sparkle/signals/v1/signals.pb.go:972.56,974.2 1 0
github.com/sparkle/gateway/gen/sparkle/signals/v1/signals.pb.go:976.44,977.14 1 0
github.com/sparkle/gateway/gen/sparkle/signals/v1/signals.pb.go:977.14,979.3 1 0
github.com/sparkle/gateway/gen/sparkle/signals/v1/signals.pb.go:980.2,980.11 1 0
github.com/sparkle/gateway/gen/sparkle/signals/v1/signals.pb.go:983.52,984.14 1 0
github.com/sparkle/gateway/gen/sparkle/signals/v1/signals.pb.go:984.14,986.3 1 0
github.com/sparkle/gateway/gen/sparkle/signals/v1/signals.pb.go:987.2,987.11 1 0
github.com/sparkle/gateway/gen/sparkle/signals/v1/signals.pb.go:990.47,991.14 1 0
github.com/sparkle/gateway/gen/sparkle/signals/v1/signals.pb.go:991.14,993.3 1 0
github.com/sparkle/gateway/gen/sparkle/signals/v1/signals.pb.go:994.2,994.11 1 0
github.com/sparkle/gateway/gen/sparkle/signals/v1/signals.pb.go:997.48,998.14 1 0
github.com/sparkle/gateway/gen/sparkle/signals/v1/signals.pb.go:998.14,1000.3 1 0
github.com/sparkle/gateway/gen/sparkle/signals/v1/signals.pb.go:1001.2,1001.11 1 0
github.com/sparkle/gateway/gen/sparkle/signals/v1/signals.pb.go:1004.53,1005.14 1 0
github.com/sparkle/gateway/gen/sparkle/signals/v1/signals.pb.go:1005.14,1007.3 1 0
github.com/sparkle/gateway/gen/sparkle/signals/v1/signals.pb.go:1008.2,1008.10 1 0
github.com/sparkle/gateway/gen/sparkle/signals/v1/signals.pb.go:1011.52,1012.14 1 0
github.com/sparkle/gateway/gen/sparkle/signals/v1/signals.pb.go:1012.14,1014.3 1 0
github.com/sparkle/gateway/gen/sparkle/signals/v1/signals.pb.go:1015.2,1015.11 1 0
github.com/sparkle/gateway/gen/sparkle/signals/v1/signals.pb.go:1018.53,1019.14 1 0
github.com/sparkle/gateway/gen/sparkle/signals/v1/signals.pb.go:1019.14,1021.3 1 0
github.com/sparkle/gateway/gen/sparkle/signals/v1/signals.pb.go:1022.2,1022.11 1 0
github.com/sparkle/gateway/gen/sparkle/signals/v1/signals.pb.go:1025.61,1026.14 1 0
github.com/sparkle/gateway/gen/sparkle/signals/v1/signals.pb.go:1026.14,1028.3 1 0
github.com/sparkle/gateway/gen/sparkle/signals/v1/signals.pb.go:1029.2,1029.12 1 0
github.com/sparkle/gateway/gen/sparkle/signals/v1/signals.pb.go:1237.65,1238.62 1 0
github.com/sparkle/gateway/gen/sparkle/signals/v1/signals.pb.go:1238.62,1240.3 1 0
github.com/sparkle/gateway/gen/sparkle/signals/v1/signals.pb.go:1241.2,1241.58 1 0
github.com/sparkle/gateway/gen/sparkle/signals/v1/signals.pb.go:1288.13,1288.61 1 0
github.com/sparkle/gateway/gen/sparkle/signals/v1/signals.pb.go:1289.51,1290.50 1 0
github.com/sparkle/gateway/gen/sparkle/signals/v1/signals.pb.go:1290.50,1292.3 1 0
github.com/sparkle/gateway/gen/sparkle/signals/v1/signals.pb.go:1293.2,1309.53 5 0
github.com/sparkle/gateway/gen/sparkle/rag/v1/evidence.pb.go:37.32,42.2 4 0
github.com/sparkle/gateway/gen/sparkle/rag/v1/evidence.pb.go:44.40,46.2 1 0
github.com/sparkle/gateway/gen/sparkle/rag/v1/evidence.pb.go:48.38,48.39 0 0
github.com/sparkle/gateway/gen/sparkle/rag/v1/evidence.pb.go:50.60,52.14 2 0
github.com/sparkle/gateway/gen/sparkle/rag/v1/evidence.pb.go:52.14,54.34 2 0
github.com/sparkle/gateway/gen/sparkle/rag/v1/evidence.pb.go:54.34,56.4 1 0
github.com/sparkle/gateway/gen/sparkle/rag/v1/evidence.pb.go:57.3,57.12 1 0
github.com/sparkle/gateway/gen/sparkle/rag/v1/evidence.pb.go:59.2,59.24 1 0
github.com/sparkle/gateway/gen/sparkle/rag/v1/evidence.pb.go:63.51,65.2 1 0
github.com/sparkle/gateway/gen/sparkle/rag/v1/evidence.pb.go:67.43,68.14 1 0
github.com/sparkle/gateway/gen/sparkle/rag/v1/evidence.pb.go:68.14,70.3 1 0
github.com/sparkle/gateway/gen/sparkle/rag/v1/evidence.pb.go:71.2,71.11 1 0
github.com/sparkle/gateway/gen/sparkle/rag/v1/evidence.pb.go:74.45,75.14 1 0
github.com/sparkle/gateway/gen/sparkle/rag/v1/evidence.pb.go:75.14,77.3 1 0
github.com/sparkle/gateway/gen/sparkle/rag/v1/evidence.pb.go:78.2,78.11 1 0
github.com/sparkle/gateway/gen/sparkle/rag/v1/evidence.pb.go:81.44,82.14 1 0
github.com/sparkle/gateway/gen/sparkle/rag/v1/evidence.pb.go:82.14,84.3 1 0
github.com/sparkle/gateway/gen/sparkle/rag/v1/evidence.pb.go:85.2,85.11 1 0
github.com/sparkle/gateway/gen/sparkle/rag/v1/evidence.pb.go:88.43,89.14 1 0
github.com/sparkle/gateway/gen/sparkle/rag/v1/evidence.pb.go:89.14,91.3 1 0
github.com/sparkle/gateway/gen/sparkle/rag/v1/evidence.pb.go:92.2,92.10 1 0
github.com/sparkle/gateway/gen/sparkle/rag/v1/evidence.pb.go:95.46,96.14 1 0
github.com/sparkle/gateway/gen/sparkle/rag/v1/evidence.pb.go:96.14,98.3 1 0
github.com/sparkle/gateway/gen/sparkle/rag/v1/evidence.pb.go:99.2,99.11 1 0
github.com/sparkle/gateway/gen/sparkle/rag/v1/evidence.pb.go:102.56,103.14 1 0
github.com/sparkle/gateway/gen/sparkle/rag/v1/evidence.pb.go:103.14,105.3 1 0
github.com/sparkle/gateway/gen/sparkle/rag/v1/evidence.pb.go:106.2,106.12 1 0
github.com/sparkle/gateway/gen/sparkle/rag/v1/evidence.pb.go:109.47,110.14 1 0
github.com/sparkle/gateway/gen/sparkle/rag/v1/evidence.pb.go:110.14,112.3 1 0
github.com/sparkle/gateway/gen/sparkle/rag/v1/evidence.pb.go:113.2,113.11 1 0
github.com/sparkle/gateway/gen/sparkle/rag/v1/evidence.pb.go:126.32,131.2 4 0
github.com/sparkle/gateway/gen/sparkle/rag/v1/evidence.pb.go:133.40,135.2 1 0
github.com/sparkle/gateway/gen/sparkle/rag/v1/evidence.pb.go:137.38,137.39 0 0
github.com/sparkle/gateway/gen/sparkle/rag/v1/evidence.pb.go:139.60,141.14 2 0
github.com/sparkle/gateway/gen/sparkle/rag/v1/evidence.pb.go:141.14,143.34 2 0
github.com/sparkle/gateway/gen/sparkle/rag/v1/evidence.pb.go:143.34,145.4 1 0
github.com/sparkle/gateway/gen/sparkle/rag/v1/evidence.pb.go:146.3,146.12 1 0
github.com/sparkle/gateway/gen/sparkle/rag/v1/evidence.pb.go:148.2,148.24 1 0
github.com/sparkle/gateway/gen/sparkle/rag/v1/evidence.pb.go:152.51,154.2 1 0
github.com/sparkle/gateway/gen/sparkle/rag/v1/evidence.pb.go:156.46,157.14 1 0
github.com/sparkle/gateway/gen/sparkle/rag/v1/evidence.pb.go:157.14,159.3 1 0
github.com/sparkle/gateway/gen/sparkle/rag/v1/evidence.pb.go:160.2,160.11 1 0
github.com/sparkle/gateway/gen/sparkle/rag/v1/evidence.pb.go:163.44,164.14 1 0
github.com/sparkle/gateway/gen/sparkle/rag/v1/evidence.pb.go:164.14,166.3 1 0
github.com/sparkle/gateway/gen/sparkle/rag/v1/evidence.pb.go:167.2,167.11 1 0
github.com/sparkle/gateway/gen/sparkle/rag/v1/evidence.pb.go:170.51,171.14 1 0
github.com/sparkle/gateway/gen/sparkle/rag/v1/evidence.pb.go:171.14,173.3 1 0
github.com/sparkle/gateway/gen/sparkle/rag/v1/evidence.pb.go:174.2,174.12 1 0
github.com/sparkle/gateway/gen/sparkle/rag/v1/evidence.pb.go:177.56,178.14 1 0
github.com/sparkle/gateway/gen/sparkle/rag/v1/evidence.pb.go:178.14,180.3 1 0
github.com/sparkle/gateway/gen/sparkle/rag/v1/evidence.pb.go:181.2,181.12 1 0
github.com/sparkle/gateway/gen/sparkle/rag/v1/evidence.pb.go:237.62,238.59 1 0
github.com/sparkle/gateway/gen/sparkle/rag/v1/evidence.pb.go:238.59,240.3 1 0
github.com/sparkle/gateway/gen/sparkle/rag/v1/evidence.pb.go:241.2,241.55 1 0
github.com/sparkle/gateway/gen/sparkle/rag/v1/evidence.pb.go:262.13,262.58 1 0
github.com/sparkle/gateway/gen/sparkle/rag/v1/evidence.pb.go:263.48,264.47 1 0
github.com/sparkle/gateway/gen/sparkle/rag/v1/evidence.pb.go:264.47,266.3 1 0
github.com/sparkle/gateway/gen/sparkle/rag/v1/evidence.pb.go:267.2,283.50 5 0
github.com/sparkle/gateway/cmd/test_db/main.go:12.13,19.16 5 0
github.com/sparkle/gateway/cmd/test_db/main.go:19.16,21.3 1 0
github.com/sparkle/gateway/cmd/test_db/main.go:22.2,29.16 5 0
github.com/sparkle/gateway/cmd/test_db/main.go:29.16,31.3 1 0
github.com/sparkle/gateway/cmd/test_db/main.go:33.2,37.31 3 0
github.com/sparkle/gateway/cmd/test_db/main.go:37.31,40.17 3 0
github.com/sparkle/gateway/cmd/test_db/main.go:40.17,42.4 1 0
github.com/sparkle/gateway/cmd/test_db/main.go:42.9,44.4 1 0
github.com/sparkle/gateway/cmd/test_db/main.go:47.2,47.112 1 0
github.com/sparkle/gateway/gen/galaxy/v1/galaxy_service.pb.go:35.45,40.2 4 0
github.com/sparkle/gateway/gen/galaxy/v1/galaxy_service.pb.go:42.53,44.2 1 0
github.com/sparkle/gateway/gen/galaxy/v1/galaxy_service.pb.go:46.51,46.52 0 0
github.com/sparkle/gateway/gen/galaxy/v1/galaxy_service.pb.go:48.73,50.14 2 0
github.com/sparkle/gateway/gen/galaxy/v1/galaxy_service.pb.go:50.14,52.34 2 0
github.com/sparkle/gateway/gen/galaxy/v1/galaxy_service.pb.go:52.34,54.4 1 0
github.com/sparkle/gateway/gen/galaxy/v1/galaxy_service.pb.go:55.3,55.12 1 0
github.com/sparkle/gateway/gen/galaxy/v1/galaxy_service.pb.go:57.2,57.24 1 0
github.com/sparkle/gateway/gen/galaxy/v1/galaxy_service.pb.go:61.64,63.2 1 0
github.com/sparkle/gateway/gen/galaxy/v1/galaxy_service.pb.go:65.58,66.14 1 0
github.com/sparkle/gateway/gen/galaxy/v1/galaxy_service.pb.go:66.14,68.3 1 0
github.com/sparkle/gateway/gen/galaxy/v1/galaxy_service.pb.go:69.2,69.11 1 0
github.com/sparkle/gateway/gen/galaxy/v1/galaxy_service.pb.go:72.59,73.14 1 0
github.com/sparkle/gateway/gen/galaxy/v1/galaxy_service.pb.go:73.14,75.3 1 0
github.com/sparkle/gateway/gen/galaxy/v1/galaxy_service.pb.go:76.2,76.12 1 0
github.com/sparkle/gateway/gen/galaxy/v1/galaxy_service.pb.go:79.56,80.14 1 0
github.com/sparkle/gateway/gen/galaxy/v1/galaxy_service.pb.go:80.14,82.3 1 0
github.com/sparkle/gateway/gen/galaxy/v1/galaxy_service.pb.go:83.2,83.11 1 0
github.com/sparkle/gateway/gen/galaxy/v1/galaxy_service.pb.go:86.75,87.14 1 0
github.com/sparkle/gateway/gen/galaxy/v1/galaxy_service.pb.go:87.14,89.3 1 0
github.com/sparkle/gateway/gen/galaxy/v1/galaxy_service.pb.go:90.2,90.12 1 0
github.com/sparkle/gateway/gen/galaxy/v1/galaxy_service.pb.go:102.50,107.2 4 0
github.com/sparkle/gateway/gen/galaxy/v1/galaxy_service.pb.go:109.58,111.2 1 0
github.com/sparkle/gateway/gen/galaxy/v1/galaxy_service.pb.go:113.56,113.57 0 0
github.com/sparkle/gateway/gen/galaxy/v1/galaxy_service.pb.go:115.78,117.14 2 0
github.com/sparkle/gateway/gen/galaxy/v1/galaxy_service.pb.go:117.14,119.34 2 0
github.com/sparkle/gateway/gen/galaxy/v1/galaxy_service.pb.go:119.34,121.4 1 0
github.com/sparkle/gateway/gen/galaxy/v1/galaxy_service.pb.go:122.3,122.12 1 0
github.com/sparkle/gateway/gen/galaxy/v1/galaxy_service.pb.go:124.2,124.24 1 0
github.com/sparkle/gateway/gen/galaxy/v1/galaxy_service.pb.go:128.69,130.2 1 0
github.com/sparkle/gateway/gen/galaxy/v1/galaxy_service.pb.go:132.63,133.14 1 0
github.com/sparkle/gateway/gen/galaxy/v1/galaxy_service.pb.go:133.14,135.3 1 0
github.com/sparkle/gateway/gen/galaxy/v1/galaxy_service.pb.go:136.2,136.11 1 0
github.com/sparkle/gateway/gen/galaxy/v1/galaxy_service.pb.go:139.68,140.14 1 0
github.com/sparkle/gateway/gen/galaxy/v1/galaxy_service.pb.go:140.14,142.3 1 0
github.com/sparkle/gateway/gen/galaxy/v1/galaxy_service.pb.go:143.2,143.12 1 0
github.com/sparkle/gateway/gen/galaxy/v1/galaxy_service.pb.go:146.61,147.14 1 0
github.com/sparkle/gateway/gen/galaxy/v1/galaxy_service.pb.go:147.14,149.3 1 0
github.com/sparkle/gateway/gen/galaxy/v1/galaxy_service.pb.go:150.2,150.11 1 0
github.com/sparkle/gateway/gen/galaxy/v1/galaxy_service.pb.go:161.51,166.2 4 0
github.com/sparkle/gateway/gen/galaxy/v1/galaxy_service.pb.go:168.59,170.2 1 0
github.com/sparkle/gateway/gen/galaxy/v1/galaxy_service.pb.go:172.57,172.58 0 0
github.com/sparkle/gateway/gen/galaxy/v1/galaxy_service.pb.go:174.79,176.14 2 0
github.com/sparkle/gateway/gen/galaxy/v1/galaxy_service.pb.go:176.14,178.34 2 0
github.com/sparkle/gateway/gen/galaxy/v1/galaxy_service.pb.go:178.34,180.4 1 0
github.com/sparkle/gateway/gen/galaxy/v1/galaxy_service.pb.go:181.3,181.12 1 0
github.com/sparkle/gateway/gen/galaxy/v1/galaxy_service.pb.go:183.2,183.24 1 0
github.com/sparkle/gateway/gen/galaxy/v1/galaxy_service.pb.go:187.70,189.2 1 0
github.com/sparkle/gateway/gen/galaxy/v1/galaxy_service.pb.go:191.61,192.14 1 0
github.com/sparkle/gateway/gen/galaxy/v1/galaxy_service.pb.go:192.14,194.3 1 0
github.com/sparkle/gateway/gen/galaxy/v1/galaxy_service.pb.go:195.2,195.14 1 0
github.com/sparkle/gateway/gen/galaxy/v1/galaxy_service.pb.go:198.68,199.14 1 0
github.com/sparkle/gateway/gen/galaxy/v1/galaxy_service.pb.go:199.14,201.3 1 0
github.com/sparkle/gateway/gen/galaxy/v1/galaxy_service.pb.go:202.2,202.12 1 0
github.com/sparkle/gateway/gen/galaxy/v1/galaxy_service.pb.go:217.44,222.2 4 0
github.com/sparkle/gateway/gen/galaxy/v1/galaxy_service.pb.go:224.52,226.2 1 0
github.com/sparkle/gateway/gen/galaxy/v1/galaxy_service.pb.go:228.50,228.51 0 0
github.com/sparkle/gateway/gen/galaxy/v1/galaxy_service.pb.go:230.72,232.14 2 0
github.com/sparkle/gateway/gen/galaxy/v1/galaxy_service.pb.go:232.14,234.34 2 0
github.com/sparkle/gateway/gen/galaxy/v1/galaxy_service.pb.go:234.34,236.4 1 0
github.com/sparkle/gateway/gen/galaxy/v1/galaxy_service.pb.go:237.3,237.12 1 0
github.com/sparkle/gateway/gen/galaxy/v1/galaxy_service.pb.go:239.2,239.24 1 0
github.com/sparkle/gateway/gen/galaxy/v1/galaxy_service.pb.go:243.63,245.2 1 0
github.com/sparkle/gateway/gen/galaxy/v1/galaxy_service.pb.go:247.55,248.14 1 0
github.com/sparkle/gateway/gen/galaxy/v1/galaxy_service.pb.go:248.14,250.3 1 0
github.com/sparkle/gateway/gen/galaxy/v1/galaxy_service.pb.go:251.2,251.11 1 0
github.com/sparkle/gateway/gen/galaxy/v1/galaxy_service.pb.go:254.55,255.14 1 0
github.com/sparkle/gateway/gen/galaxy/v1/galaxy_service.pb.go:255.14,257.3 1 0
github.com/sparkle/gateway/gen/galaxy/v1/galaxy_service.pb.go:258.2,258.11 1 0
github.com/sparkle/gateway/gen/galaxy/v1/galaxy_service.pb.go:261.55,262.14 1 0
github.com/sparkle/gateway/gen/galaxy/v1/galaxy_service.pb.go:262.14,264.3 1 0
github.com/sparkle/gateway/gen/galaxy/v1/galaxy_service.pb.go:265.2,265.10 1 0
github.com/sparkle/gateway/gen/galaxy/v1/galaxy_service.pb.go:268.55,269.14 1 0
github.com/sparkle/gateway/gen/galaxy/v1/galaxy_service.pb.go:269.14,271.3 1 0
github.com/sparkle/gateway/gen/galaxy/v1/galaxy_service.pb.go:272.2,272.11 1 0
github.com/sparkle/gateway/gen/galaxy/v1/galaxy_service.pb.go:275.58,276.14 1 0
github.com/sparkle/gateway/gen/galaxy/v1/galaxy_service.pb.go:276.14,278.3 1 0
github.com/sparkle/gateway/gen/galaxy/v1/galaxy_service.pb.go:279.2,279.11 1 0
github.com/sparkle/gateway/gen/galaxy/v1/galaxy_service.pb.go:282.56,283.14 1 0
github.com/sparkle/gateway/gen/galaxy/v1/galaxy_service.pb.go:283.14,285.3 1 0
github.com/sparkle/gateway/gen/galaxy/v1/galaxy_service.pb.go:286.2,286.10 1 0
github.com/sparkle/gateway/gen/galaxy/v1/galaxy_service.pb.go:301.45,306.2 4 0
github.com/sparkle/gateway/gen/galaxy/v1/galaxy_service.pb.go:308.53,310.2 1 0
github.com/sparkle/gateway/gen/galaxy/v1/galaxy_service.pb.go:312.51,312.52 0 0
github.com/sparkle/gateway/gen/galaxy/v1/galaxy_service.pb.go:314.73,316.14 2 0
github.com/sparkle/gateway/gen/galaxy/v1/galaxy_service.pb.go:316.14,318.34 2 0
github.com/sparkle/gateway/gen/galaxy/v1/galaxy_service.pb.go:318.34,320.4 1 0
github.com/sparkle/gateway/gen/galaxy/v1/galaxy_service.pb.go:321.3,321.12 1 0
github.com/sparkle/gateway/gen/galaxy/v1/galaxy_service.pb.go:323.2,323.24 1 0
github.com/sparkle/gateway/gen/galaxy/v1/galaxy_service.pb.go:327.64,329.2 1 0
github.com/sparkle/gateway/gen/galaxy/v1/galaxy_service.pb.go:331.55,332.14 1 0
github.com/sparkle/gateway/gen/galaxy/v1/galaxy_service.pb.go:332.14,334.3 1 0
github.com/sparkle/gateway/gen/galaxy/v1/galaxy_service.pb.go:335.2,335.14 1 0
github.com/sparkle/gateway/gen/galaxy/v1/galaxy_service.pb.go:338.59,339.14 1 0
github.com/sparkle/gateway/gen/galaxy/v1/galaxy_service.pb.go:339.14,341.3 1 0
github.com/sparkle/gateway/gen/galaxy/v1/galaxy_service.pb.go:342.2,342.10 1 0
github.com/sparkle/gateway/gen/galaxy/v1/galaxy_service.pb.go:345.59,346.14 1 0
github.com/sparkle/gateway/gen/galaxy/v1/galaxy_service.pb.go:346.14,348.3 1 0
github.com/sparkle/gateway/gen/galaxy/v1/galaxy_service.pb.go:349.2,349.10 1 0
github.com/sparkle/gateway/gen/galaxy/v1/galaxy_service.pb.go:352.56,353.14 1 0
github.com/sparkle/gateway/gen/galaxy/v1/galaxy_service.pb.go:353.14,355.3 1 0
github.com/sparkle/gateway/gen/galaxy/v1/galaxy_service.pb.go:356.2,356.11 1 0
github.com/sparkle/gateway/gen/galaxy/v1/galaxy_service.pb.go:359.59,360.14 1 0
github.com/sparkle/gateway/gen/galaxy/v1/galaxy_service.pb.go:360.14,362.3 1 0
github.com/sparkle/gateway/gen/galaxy/v1/galaxy_service.pb.go:363.2,363.11 1 0
github.com/sparkle/gateway/gen/galaxy/v1/galaxy_service.pb.go:366.64,367.14 1 0
github.com/sparkle/gateway/gen/galaxy/v1/galaxy_service.pb.go:367.14,369.3 1 0
github.com/sparkle/gateway/gen/galaxy/v1/galaxy_service.pb.go:370.2,370.10 1 0
github.com/sparkle/gateway/gen/galaxy/v1/galaxy_service.pb.go:458.53,459.50 1 0
github.com/sparkle/gateway/gen/galaxy/v1/galaxy_service.pb.go:459.50,461.3 1 0
github.com/sparkle/gateway/gen/galaxy/v1/galaxy_service.pb.go:462.2,462.46 1 0
github.com/sparkle/gateway/gen/galaxy/v1/galaxy_service.pb.go:487.13,487.49 1 0
github.com/sparkle/gateway/gen/galaxy/v1/galaxy_service.pb.go:488.39,489.38 1 0
github.com/sparkle/gateway/gen/galaxy/v1/galaxy_service.pb.go:489.38,491.3 1 0
github.com/sparkle/gateway/gen/galaxy/v1/galaxy_service.pb.go:492.2,508.41 5 0
github.com/sparkle/gateway/gen/galaxy/v1/galaxy_service_grpc.pb.go:42.78,44.2 1 0
github.com/sparkle/gateway/gen/galaxy/v1/galaxy_service_grpc.pb.go:46.161,50.16 4 0
github.com/sparkle/gateway/gen/galaxy/v1/galaxy_service_grpc.pb.go:50.16,52.3 1 0
github.com/sparkle/gateway/gen/galaxy/v1/galaxy_service_grpc.pb.go:53.2,53.17 1 0
github.com/sparkle/gateway/gen/galaxy/v1/galaxy_service_grpc.pb.go:56.179,60.16 4 0
github.com/sparkle/gateway/gen/galaxy/v1/galaxy_service_grpc.pb.go:60.16,62.3 1 0
github.com/sparkle/gateway/gen/galaxy/v1/galaxy_service_grpc.pb.go:63.2,63.17 1 0
github.com/sparkle/gateway/gen/galaxy/v1/galaxy_service_grpc.pb.go:86.139,88.2 1 0
github.com/sparkle/gateway/gen/galaxy/v1/galaxy_service_grpc.pb.go:89.157,91.2 1 0
github.com/sparkle/gateway/gen/galaxy/v1/galaxy_service_grpc.pb.go:92.86,92.87 0 0
github.com/sparkle/gateway/gen/galaxy/v1/galaxy_service_grpc.pb.go:93.86,93.87 0 0
github.com/sparkle/gateway/gen/galaxy/v1/galaxy_service_grpc.pb.go:102.84,107.59 1 0
github.com/sparkle/gateway/gen/galaxy/v1/galaxy_service_grpc.pb.go:107.59,109.3 1 0
github.com/sparkle/gateway/gen/galaxy/v1/galaxy_service_grpc.pb.go:110.2,110.52 1 0
github.com/sparkle/gateway/gen/galaxy/v1/galaxy_service_grpc.pb.go:113.176,115.32 2 0
github.com/sparkle/gateway/gen/galaxy/v1/galaxy_service_grpc.pb.go:115.32,117.3 1 0
github.com/sparkle/gateway/gen/galaxy/v1/galaxy_service_grpc.pb.go:118.2,118.24 1 0
github.com/sparkle/gateway/gen/galaxy/v1/galaxy_service_grpc.pb.go:118.24,120.3 1 0
github.com/sparkle/gateway/gen/galaxy/v1/galaxy_service_grpc.pb.go:121.2,125.77 2 0
github.com/sparkle/gateway/gen/galaxy/v1/galaxy_service_grpc.pb.go:125.77,127.3 1 0
github.com/sparkle/gateway/gen/galaxy/v1/galaxy_service_grpc.pb.go:128.2,128.44 1 0
github.com/sparkle/gateway/gen/galaxy/v1/galaxy_service_grpc.pb.go:131.182,133.32 2 0
github.com/sparkle/gateway/gen/galaxy/v1/galaxy_service_grpc.pb.go:133.32,135.3 1 0
github.com/sparkle/gateway/gen/galaxy/v1/galaxy_service_grpc.pb.go:136.2,136.24 1 0
github.com/sparkle/gateway/gen/galaxy/v1/galaxy_service_grpc.pb.go:136.24,138.3 1 0
github.com/sparkle/gateway/gen/galaxy/v1/galaxy_service_grpc.pb.go:139.2,143.77 2 0
github.com/sparkle/gateway/gen/galaxy/v1/galaxy_service_grpc.pb.go:143.77,145.3 1 0
github.com/sparkle/gateway/gen/galaxy/v1/galaxy_service_grpc.pb.go:146.2,146.44 1 0
github.com/sparkle/gateway/gen/sparkle/inference/v1/inference.pb.go:68.36,72.2 3 0
github.com/sparkle/gateway/gen/sparkle/inference/v1/inference.pb.go:74.35,76.2 1 0
github.com/sparkle/gateway/gen/sparkle/inference/v1/inference.pb.go:78.58,80.2 1 0
github.com/sparkle/gateway/gen/sparkle/inference/v1/inference.pb.go:82.46,84.2 1 0
github.com/sparkle/gateway/gen/sparkle/inference/v1/inference.pb.go:86.52,88.2 1 0
github.com/sparkle/gateway/gen/sparkle/inference/v1/inference.pb.go:91.50,93.2 1 0
github.com/sparkle/gateway/gen/sparkle/inference/v1/inference.pb.go:120.36,124.2 3 0
github.com/sparkle/gateway/gen/sparkle/inference/v1/inference.pb.go:126.35,128.2 1 0
github.com/sparkle/gateway/gen/sparkle/inference/v1/inference.pb.go:130.58,132.2 1 0
github.com/sparkle/gateway/gen/sparkle/inference/v1/inference.pb.go:134.46,136.2 1 0
github.com/sparkle/gateway/gen/sparkle/inference/v1/inference.pb.go:138.52,140.2 1 0
github.com/sparkle/gateway/gen/sparkle/inference/v1/inference.pb.go:143.50,145.2 1 0
github.com/sparkle/gateway/gen/sparkle/inference/v1/inference.pb.go:169.48,173.2 3 0
github.com/sparkle/gateway/gen/sparkle/inference/v1/inference.pb.go:175.41,177.2 1 0
github.com/sparkle/gateway/gen/sparkle/inference/v1/inference.pb.go:179.64,181.2 1 0
github.com/sparkle/gateway/gen/sparkle/inference/v1/inference.pb.go:183.52,185.2 1 0
github.com/sparkle/gateway/gen/sparkle/inference/v1/inference.pb.go:187.58,189.2 1 0
github.com/sparkle/gateway/gen/sparkle/inference/v1/inference.pb.go:192.56,194.2 1 0
github.com/sparkle/gateway/gen/sparkle/inference/v1/inference.pb.go:227.42,231.2 3 0
github.com/sparkle/gateway/gen/sparkle/inference/v1/inference.pb.go:233.38,235.2 1 0
github.com/sparkle/gateway/gen/sparkle/inference/v1/inference.pb.go:237.61,239.2 1 0
github.com/sparkle/gateway/gen/sparkle/inference/v1/inference.pb.go:241.49,243.2 1 0
github.com/sparkle/gateway/gen/sparkle/inference/v1/inference.pb.go:245.55,247.2 1 0
github.com/sparkle/gateway/gen/sparkle/inference/v1/inference.pb.go:250.53,252.2 1 0
github.com/sparkle/gateway/gen/sparkle/inference/v1/inference.pb.go:279.46,283.2 3 0
github.com/sparkle/gateway/gen/sparkle/inference/v1/inference.pb.go:285.40,287.2 1 0
github.com/sparkle/gateway/gen/sparkle/inference/v1/inference.pb.go:289.63,291.2 1 0
github.com/sparkle/gateway/gen/sparkle/inference/v1/inference.pb.go:293.51,295.2 1 0
github.com/sparkle/gateway/gen/sparkle/inference/v1/inference.pb.go:297.57,299.2 1 0
github.com/sparkle/gateway/gen/sparkle/inference/v1/inference.pb.go:302.55,304.2 1 0
github.com/sparkle/gateway/gen/sparkle/inference/v1/inference.pb.go:314.27,319.2 4 0
github.com/sparkle/gateway/gen/sparkle/inference/v1/inference.pb.go:321.35,323.2 1 0
github.com/sparkle/gateway/gen/sparkle/inference/v1/inference.pb.go:325.33,325.34 0 0
github.com/sparkle/gateway/gen/sparkle/inference/v1/inference.pb.go:327.55,329.14 2 0
github.com/sparkle/gateway/gen/sparkle/inference/v1/inference.pb.go:329.14,331.34 2 0
github.com/sparkle/gateway/gen/sparkle/inference/v1/inference.pb.go:331.34,333.4 1 0
github.com/sparkle/gateway/gen/sparkle/inference/v1/inference.pb.go:334.3,334.12 1 0
github.com/sparkle/gateway/gen/sparkle/inference/v1/inference.pb.go:336.2,336.24 1 0
github.com/sparkle/gateway/gen/sparkle/inference/v1/inference.pb.go:340.46,342.2 1 0
github.com/sparkle/gateway/gen/sparkle/inference/v1/inference.pb.go:344.36,345.14 1 0
github.com/sparkle/gateway/gen/sparkle/inference/v1/inference.pb.go:345.14,347.3 1 0
github.com/sparkle/gateway/gen/sparkle/inference/v1/inference.pb.go:348.2,348.11 1 0
github.com/sparkle/gateway/gen/sparkle/inference/v1/inference.pb.go:351.39,352.14 1 0
github.com/sparkle/gateway/gen/sparkle/inference/v1/inference.pb.go:352.14,354.3 1 0
github.com/sparkle/gateway/gen/sparkle/inference/v1/inference.pb.go:355.2,355.11 1 0
github.com/sparkle/gateway/gen/sparkle/inference/v1/inference.pb.go:367.34,372.2 4 0
github.com/sparkle/gateway/gen/sparkle/inference/v1/inference.pb.go:374.42,376.2 1 0
github.com/sparkle/gateway/gen/sparkle/inference/v1/inference.pb.go:378.40,378.41 0 0
github.com/sparkle/gateway/gen/sparkle/inference/v1/inference.pb.go:380.62,382.14 2 0
github.com/sparkle/gateway/gen/sparkle/inference/v1/inference.pb.go:382.14,384.34 2 0
github.com/sparkle/gateway/gen/sparkle/inference/v1/inference.pb.go:384.34,386.4 1 0
github.com/sparkle/gateway/gen/sparkle/inference/v1/inference.pb.go:387.3,387.12 1 0
github.com/sparkle/gateway/gen/sparkle/inference/v1/inference.pb.go:389.2,389.24 1 0
github.com/sparkle/gateway/gen/sparkle/inference/v1/inference.pb.go:393.53,395.2 1 0
github.com/sparkle/gateway/gen/sparkle/inference/v1/inference.pb.go:397.43,398.14 1 0
github.com/sparkle/gateway/gen/sparkle/inference/v1/inference.pb.go:398.14,400.3 1 0
github.com/sparkle/gateway/gen/sparkle/inference/v1/inference.pb.go:401.2,401.11 1 0
github.com/sparkle/gateway/gen/sparkle/inference/v1/inference.pb.go:404.50,405.14 1 0
github.com/sparkle/gateway/gen/sparkle/inference/v1/inference.pb.go:405.14,407.3 1 0
github.com/sparkle/gateway/gen/sparkle/inference/v1/inference.pb.go:408.2,408.11 1 0
github.com/sparkle/gateway/gen/sparkle/inference/v1/inference.pb.go:411.49,412.14 1 0
github.com/sparkle/gateway/gen/sparkle/inference/v1/inference.pb.go:412.14,414.3 1 0
github.com/sparkle/gateway/gen/sparkle/inference/v1/inference.pb.go:415.2,415.11 1 0
github.com/sparkle/gateway/gen/sparkle/inference/v1/inference.pb.go:427.27,432.2 4 0
github.com/sparkle/gateway/gen/sparkle/inference/v1/inference.pb.go:434.35,436.2 1 0
github.com/sparkle/gateway/gen/sparkle/inference/v1/inference.pb.go:438.33,438.34 0 0
github.com/sparkle/gateway/gen/sparkle/inference/v1/inference.pb.go:440.55,442.14 2 0
github.com/sparkle/gateway/gen/sparkle/inference/v1/inference.pb.go:442.14,444.34 2 0
github.com/sparkle/gateway/gen/sparkle/inference/v1/inference.pb.go:444.34,446.4 1 0
github.com/sparkle/gateway/gen/sparkle/inference/v1/inference.pb.go:447.3,447.12 1 0
github.com/sparkle/gateway/gen/sparkle/inference/v1/inference.pb.go:449.2,449.24 1 0
github.com/sparkle/gateway/gen/sparkle/inference/v1/inference.pb.go:453.46,455.2 1 0
github.com/sparkle/gateway/gen/sparkle/inference/v1/inference.pb.go:457.47,458.14 1 0
github.com/sparkle/gateway/gen/sparkle/inference/v1/inference.pb.go:458.14,460.3 1 0
github.com/sparkle/gateway/gen/sparkle/inference/v1/inference.pb.go:461.2,461.10 1 0
github.com/sparkle/gateway/gen/sparkle/inference/v1/inference.pb.go:464.46,465.14 1 0
github.com/sparkle/gateway/gen/sparkle/inference/v1/inference.pb.go:465.14,467.3 1 0
github.com/sparkle/gateway/gen/sparkle/inference/v1/inference.pb.go:468.2,468.10 1 0
github.com/sparkle/gateway/gen/sparkle/inference/v1/inference.pb.go:471.44,472.14 1 0
github.com/sparkle/gateway/gen/sparkle/inference/v1/inference.pb.go:472.14,474.3 1 0
github.com/sparkle/gateway/gen/sparkle/inference/v1/inference.pb.go:475.2,475.11 1 0
github.com/sparkle/gateway/gen/sparkle/inference/v1/inference.pb.go:500.36,505.2 4 0
github.com/sparkle/gateway/gen/sparkle/inference/v1/inference.pb.go:507.44,509.2 1 0
github.com/sparkle/gateway/gen/sparkle/inference/v1/inference.pb.go:511.42,511.43 0 0
github.com/sparkle/gateway/gen/sparkle/inference/v1/inference.pb.go:513.64,515.14 2 0
github.com/sparkle/gateway/gen/sparkle/inference/v1/inference.pb.go:515.14,517.34 2 0
github.com/sparkle/gateway/gen/sparkle/inference/v1/inference.pb.go:517.34,519.4 1 0
github.com/sparkle/gateway/gen/sparkle/inference/v1/inference.pb.go:520.3,520.12 1 0
github.com/sparkle/gateway/gen/sparkle/inference/v1/inference.pb.go:522.2,522.24 1 0
github.com/sparkle/gateway/gen/sparkle/inference/v1/inference.pb.go:526.55,528.2 1 0
github.com/sparkle/gateway/gen/sparkle/inference/v1/inference.pb.go:530.50,531.14 1 0
github.com/sparkle/gateway/gen/sparkle/inference/v1/inference.pb.go:531.14,533.3 1 0
github.com/sparkle/gateway/gen/sparkle/inference/v1/inference.pb.go:534.2,534.11 1 0
github.com/sparkle/gateway/gen/sparkle/inference/v1/inference.pb.go:537.48,538.14 1 0
github.com/sparkle/gateway/gen/sparkle/inference/v1/inference.pb.go:538.14,540.3 1 0
github.com/sparkle/gateway/gen/sparkle/inference/v1/inference.pb.go:541.2,541.11 1 0
github.com/sparkle/gateway/gen/sparkle/inference/v1/inference.pb.go:544.47,545.14 1 0
github.com/sparkle/gateway/gen/sparkle/inference/v1/inference.pb.go:545.14,547.3 1 0
github.com/sparkle/gateway/gen/sparkle/inference/v1/inference.pb.go:548.2,548.11 1 0
github.com/sparkle/gateway/gen/sparkle/inference/v1/inference.pb.go:551.51,552.14 1 0
github.com/sparkle/gateway/gen/sparkle/inference/v1/inference.pb.go:552.14,554.3 1 0
github.com/sparkle/gateway/gen/sparkle/inference/v1/inference.pb.go:555.2,555.39 1 0
github.com/sparkle/gateway/gen/sparkle/inference/v1/inference.pb.go:558.51,559.14 1 0
github.com/sparkle/gateway/gen/sparkle/inference/v1/inference.pb.go:559.14,561.3 1 0
github.com/sparkle/gateway/gen/sparkle/inference/v1/inference.pb.go:562.2,562.38 1 0
github.com/sparkle/gateway/gen/sparkle/inference/v1/inference.pb.go:565.54,566.14 1 0
github.com/sparkle/gateway/gen/sparkle/inference/v1/inference.pb.go:566.14,568.3 1 0
github.com/sparkle/gateway/gen/sparkle/inference/v1/inference.pb.go:569.2,569.11 1 0
github.com/sparkle/gateway/gen/sparkle/inference/v1/inference.pb.go:572.53,573.14 1 0
github.com/sparkle/gateway/gen/sparkle/inference/v1/inference.pb.go:573.14,575.3 1 0
github.com/sparkle/gateway/gen/sparkle/inference/v1/inference.pb.go:576.2,576.11 1 0
github.com/sparkle/gateway/gen/sparkle/inference/v1/inference.pb.go:579.54,580.14 1 0
github.com/sparkle/gateway/gen/sparkle/inference/v1/inference.pb.go:580.14,582.3 1 0
github.com/sparkle/gateway/gen/sparkle/inference/v1/inference.pb.go:583.2,583.11 1 0
github.com/sparkle/gateway/gen/sparkle/inference/v1/inference.pb.go:586.55,587.14 1 0
github.com/sparkle/gateway/gen/sparkle/inference/v1/inference.pb.go:587.14,589.3 1 0
github.com/sparkle/gateway/gen/sparkle/inference/v1/inference.pb.go:590.2,590.11 1 0
github.com/sparkle/gateway/gen/sparkle/inference/v1/inference.pb.go:593.50,594.14 1 0
github.com/sparkle/gateway/gen/sparkle/inference/v1/inference.pb.go:594.14,596.3 1 0
github.com/sparkle/gateway/gen/sparkle/inference/v1/inference.pb.go:597.2,597.12 1 0
github.com/sparkle/gateway/gen/sparkle/inference/v1/inference.pb.go:600.53,601.14 1 0
github.com/sparkle/gateway/gen/sparkle/inference/v1/inference.pb.go:601.14,603.3 1 0
github.com/sparkle/gateway/gen/sparkle/inference/v1/inference.pb.go:604.2,604.12 1 0
github.com/sparkle/gateway/gen/sparkle/inference/v1/inference.pb.go:607.57,608.14 1 0
github.com/sparkle/gateway/gen/sparkle/inference/v1/inference.pb.go:608.14,610.3 1 0
github.com/sparkle/gateway/gen/sparkle/inference/v1/inference.pb.go:611.2,611.12 1 0
github.com/sparkle/gateway/gen/sparkle/inference/v1/inference.pb.go:614.63,615.14 1 0
github.com/sparkle/gateway/gen/sparkle/inference/v1/inference.pb.go:615.14,617.3 1 0
github.com/sparkle/gateway/gen/sparkle/inference/v1/inference.pb.go:618.2,618.51 1 0
github.com/sparkle/gateway/gen/sparkle/inference/v1/inference.pb.go:621.60,622.14 1 0
github.com/sparkle/gateway/gen/sparkle/inference/v1/inference.pb.go:622.14,624.3 1 0
github.com/sparkle/gateway/gen/sparkle/inference/v1/inference.pb.go:625.2,625.12 1 0
github.com/sparkle/gateway/gen/sparkle/inference/v1/inference.pb.go:628.50,629.14 1 0
github.com/sparkle/gateway/gen/sparkle/inference/v1/inference.pb.go:629.14,631.3 1 0
github.com/sparkle/gateway/gen/sparkle/inference/v1/inference.pb.go:632.2,632.12 1 0
github.com/sparkle/gateway/gen/sparkle/inference/v1/inference.pb.go:635.61,636.14 1 0
github.com/sparkle/gateway/gen/sparkle/inference/v1/inference.pb.go:636.14,638.3 1 0
github.com/sparkle/gateway/gen/sparkle/inference/v1/inference.pb.go:639.2,639.49 1 0
github.com/sparkle/gateway/gen/sparkle/inference/v1/inference.pb.go:658.37,663.2 4 0
github.com/sparkle/gateway/gen/sparkle/inference/v1/inference.pb.go:665.45,667.2 1 0
github.com/sparkle/gateway/gen/sparkle/inference/v1/inference.pb.go:669.43,669.44 0 0
github.com/sparkle/gateway/gen/sparkle/inference/v1/inference.pb.go:671.65,673.14 2 0
github.com/sparkle/gateway/gen/sparkle/inference/v1/inference.pb.go:673.14,675.34 2 0
github.com/sparkle/gateway/gen/sparkle/inference/v1/inference.pb.go:675.34,677.4 1 0
github.com/sparkle/gateway/gen/sparkle/inference/v1/inference.pb.go:678.3,678.12 1 0
github.com/sparkle/gateway/gen/sparkle/inference/v1/inference.pb.go:680.2,680.24 1 0
github.com/sparkle/gateway/gen/sparkle/inference/v1/inference.pb.go:684.56,686.2 1 0
github.com/sparkle/gateway/gen/sparkle/inference/v1/inference.pb.go:688.51,689.14 1 0
github.com/sparkle/gateway/gen/sparkle/inference/v1/inference.pb.go:689.14,691.3 1 0
github.com/sparkle/gateway/gen/sparkle/inference/v1/inference.pb.go:692.2,692.11 1 0
github.com/sparkle/gateway/gen/sparkle/inference/v1/inference.pb.go:695.49,696.14 1 0
github.com/sparkle/gateway/gen/sparkle/inference/v1/inference.pb.go:696.14,698.3 1 0
github.com/sparkle/gateway/gen/sparkle/inference/v1/inference.pb.go:699.2,699.11 1 0
github.com/sparkle/gateway/gen/sparkle/inference/v1/inference.pb.go:702.42,703.14 1 0
github.com/sparkle/gateway/gen/sparkle/inference/v1/inference.pb.go:703.14,705.3 1 0
github.com/sparkle/gateway/gen/sparkle/inference/v1/inference.pb.go:706.2,706.14 1 0
github.com/sparkle/gateway/gen/sparkle/inference/v1/inference.pb.go:709.50,710.14 1 0
github.com/sparkle/gateway/gen/sparkle/inference/v1/inference.pb.go:710.14,712.3 1 0
github.com/sparkle/gateway/gen/sparkle/inference/v1/inference.pb.go:713.2,713.11 1 0
github.com/sparkle/gateway/gen/sparkle/inference/v1/inference.pb.go:716.49,717.14 1 0
github.com/sparkle/gateway/gen/sparkle/inference/v1/inference.pb.go:717.14,719.3 1 0
github.com/sparkle/gateway/gen/sparkle/inference/v1/inference.pb.go:720.2,720.11 1 0
github.com/sparkle/gateway/gen/sparkle/inference/v1/inference.pb.go:723.49,724.14 1 0
github.com/sparkle/gateway/gen/sparkle/inference/v1/inference.pb.go:724.14,726.3 1 0
github.com/sparkle/gateway/gen/sparkle/inference/v1/inference.pb.go:727.2,727.11 1 0
github.com/sparkle/gateway/gen/sparkle/inference/v1/inference.pb.go:730.58,731.14 1 0
github.com/sparkle/gateway/gen/sparkle/inference/v1/inference.pb.go:731.14,733.3 1 0
github.com/sparkle/gateway/gen/sparkle/inference/v1/inference.pb.go:734.2,734.45 1 0
github.com/sparkle/gateway/gen/sparkle/inference/v1/inference.pb.go:737.54,738.14 1 0
github.com/sparkle/gateway/gen/sparkle/inference/v1/inference.pb.go:738.14,740.3 1 0
github.com/sparkle/gateway/gen/sparkle/inference/v1/inference.pb.go:741.2,741.11 1 0
github.com/sparkle/gateway/gen/sparkle/inference/v1/inference.pb.go:744.54,745.14 1 0
github.com/sparkle/gateway/gen/sparkle/inference/v1/inference.pb.go:745.14,747.3 1 0
github.com/sparkle/gateway/gen/sparkle/inference/v1/inference.pb.go:748.2,748.10 1 0
github.com/sparkle/gateway/gen/sparkle/inference/v1/inference.pb.go:751.58,752.14 1 0
github.com/sparkle/gateway/gen/sparkle/inference/v1/inference.pb.go:752.14,754.3 1 0
github.com/sparkle/gateway/gen/sparkle/inference/v1/inference.pb.go:755.2,755.10 1 0
github.com/sparkle/gateway/gen/sparkle/inference/v1/inference.pb.go:766.38,771.2 4 0
github.com/sparkle/gateway/gen/sparkle/inference/v1/inference.pb.go:773.46,775.2 1 0
github.com/sparkle/gateway/gen/sparkle/inference/v1/inference.pb.go:777.44,777.45 0 0
github.com/sparkle/gateway/gen/sparkle/inference/v1/inference.pb.go:779.66,781.14 2 0
github.com/sparkle/gateway/gen/sparkle/inference/v1/inference.pb.go:781.14,783.34 2 0
github.com/sparkle/gateway/gen/sparkle/inference/v1/inference.pb.go:783.34,785.4 1 0
github.com/sparkle/gateway/gen/sparkle/inference/v1/inference.pb.go:786.3,786.12 1 0
github.com/sparkle/gateway/gen/sparkle/inference/v1/inference.pb.go:788.2,788.24 1 0
github.com/sparkle/gateway/gen/sparkle/inference/v1/inference.pb.go:792.57,794.2 1 0
github.com/sparkle/gateway/gen/sparkle/inference/v1/inference.pb.go:796.45,797.14 1 0
github.com/sparkle/gateway/gen/sparkle/inference/v1/inference.pb.go:797.14,799.3 1 0
github.com/sparkle/gateway/gen/sparkle/inference/v1/inference.pb.go:800.2,800.11 1 0
github.com/sparkle/gateway/gen/sparkle/inference/v1/inference.pb.go:803.47,804.14 1 0
github.com/sparkle/gateway/gen/sparkle/inference/v1/inference.pb.go:804.14,806.3 1 0
github.com/sparkle/gateway/gen/sparkle/inference/v1/inference.pb.go:807.2,807.11 1 0
github.com/sparkle/gateway/gen/sparkle/inference/v1/inference.pb.go:823.36,828.2 4 0
github.com/sparkle/gateway/gen/sparkle/inference/v1/inference.pb.go:830.44,832.2 1 0
github.com/sparkle/gateway/gen/sparkle/inference/v1/inference.pb.go:834.42,834.43 0 0
github.com/sparkle/gateway/gen/sparkle/inference/v1/inference.pb.go:836.64,838.14 2 0
github.com/sparkle/gateway/gen/sparkle/inference/v1/inference.pb.go:838.14,840.34 2 0
github.com/sparkle/gateway/gen/sparkle/inference/v1/inference.pb.go:840.34,842.4 1 0
github.com/sparkle/gateway/gen/sparkle/inference/v1/inference.pb.go:843.3,843.12 1 0
github.com/sparkle/gateway/gen/sparkle/inference/v1/inference.pb.go:845.2,845.24 1 0
github.com/sparkle/gateway/gen/sparkle/inference/v1/inference.pb.go:849.55,851.2 1 0
github.com/sparkle/gateway/gen/sparkle/inference/v1/inference.pb.go:853.64,854.14 1 0
github.com/sparkle/gateway/gen/sparkle/inference/v1/inference.pb.go:854.14,856.3 1 0
github.com/sparkle/gateway/gen/sparkle/inference/v1/inference.pb.go:857.2,857.12 1 0
github.com/sparkle/gateway/gen/sparkle/inference/v1/inference.pb.go:860.51,861.14 1 0
github.com/sparkle/gateway/gen/sparkle/inference/v1/inference.pb.go:861.14,863.3 1 0
github.com/sparkle/gateway/gen/sparkle/inference/v1/inference.pb.go:864.2,864.11 1 0
github.com/sparkle/gateway/gen/sparkle/inference/v1/inference.pb.go:867.51,868.14 1 0
github.com/sparkle/gateway/gen/sparkle/inference/v1/inference.pb.go:868.14,870.3 1 0
github.com/sparkle/gateway/gen/sparkle/inference/v1/inference.pb.go:871.2,871.11 1 0
github.com/sparkle/gateway/gen/sparkle/inference/v1/inference.pb.go:874.47,875.14 1 0
github.com/sparkle/gateway/gen/sparkle/inference/v1/inference.pb.go:875.14,877.3 1 0
github.com/sparkle/gateway/gen/sparkle/inference/v1/inference.pb.go:878.2,878.11 1 0
github.com/sparkle/gateway/gen/sparkle/inference/v1/inference.pb.go:881.46,882.14 1 0
github.com/sparkle/gateway/gen/sparkle/inference/v1/inference.pb.go:882.14,884.3 1 0
github.com/sparkle/gateway/gen/sparkle/inference/v1/inference.pb.go:885.2,885.11 1 0
github.com/sparkle/gateway/gen/sparkle/inference/v1/inference.pb.go:888.51,889.14 1 0
github.com/sparkle/gateway/gen/sparkle/inference/v1/inference.pb.go:889.14,891.3 1 0
github.com/sparkle/gateway/gen/sparkle/inference/v1/inference.pb.go:892.2,892.11 1 0
github.com/sparkle/gateway/gen/sparkle/inference/v1/inference.pb.go:895.57,896.14 1 0
github.com/sparkle/gateway/gen/sparkle/inference/v1/inference.pb.go:896.14,898.3 1 0
github.com/sparkle/gateway/gen/sparkle/inference/v1/inference.pb.go:899.2,899.11 1 0
github.com/sparkle/gateway/gen/sparkle/inference/v1/inference.pb.go:913.33,918.2 4 0
github.com/sparkle/gateway/gen/sparkle/inference/v1/inference.pb.go:920.41,922.2 1 0
github.com/sparkle/gateway/gen/sparkle/inference/v1/inference.pb.go:924.39,924.40 0 0
github.com/sparkle/gateway/gen/sparkle/inference/v1/inference.pb.go:926.61,928.14 2 0
github.com/sparkle/gateway/gen/sparkle/inference/v1/inference.pb.go:928.14,930.34 2 0
github.com/sparkle/gateway/gen/sparkle/inference/v1/inference.pb.go:930.34,932.4 1 0
github.com/sparkle/gateway/gen/sparkle/inference/v1/inference.pb.go:933.3,933.12 1 0
github.com/sparkle/gateway/gen/sparkle/inference/v1/inference.pb.go:935.2,935.24 1 0
github.com/sparkle/gateway/gen/sparkle/inference/v1/inference.pb.go:939.52,941.2 1 0
github.com/sparkle/gateway/gen/sparkle/inference/v1/inference.pb.go:943.48,944.14 1 0
github.com/sparkle/gateway/gen/sparkle/inference/v1/inference.pb.go:944.14,946.3 1 0
github.com/sparkle/gateway/gen/sparkle/inference/v1/inference.pb.go:947.2,947.10 1 0
github.com/sparkle/gateway/gen/sparkle/inference/v1/inference.pb.go:950.46,951.14 1 0
github.com/sparkle/gateway/gen/sparkle/inference/v1/inference.pb.go:951.14,953.3 1 0
github.com/sparkle/gateway/gen/sparkle/inference/v1/inference.pb.go:954.2,954.10 1 0
github.com/sparkle/gateway/gen/sparkle/inference/v1/inference.pb.go:957.48,958.14 1 0
github.com/sparkle/gateway/gen/sparkle/inference/v1/inference.pb.go:958.14,960.3 1 0
github.com/sparkle/gateway/gen/sparkle/inference/v1/inference.pb.go:961.2,961.10 1 0
github.com/sparkle/gateway/gen/sparkle/inference/v1/inference.pb.go:964.46,965.14 1 0
github.com/sparkle/gateway/gen/sparkle/inference/v1/inference.pb.go:965.14,967.3 1 0
github.com/sparkle/gateway/gen/sparkle/inference/v1/inference.pb.go:968.2,968.10 1 0
github.com/sparkle/gateway/gen/sparkle/inference/v1/inference.pb.go:971.42,972.14 1 0
github.com/sparkle/gateway/gen/sparkle/inference/v1/inference.pb.go:972.14,974.3 1 0
github.com/sparkle/gateway/gen/sparkle/inference/v1/inference.pb.go:975.2,975.11 1 0
github.com/sparkle/gateway/gen/sparkle/inference/v1/inference.pb.go:988.37,993.2 4 0
github.com/sparkle/gateway/gen/sparkle/inference/v1/inference.pb.go:995.45,997.2 1 0
github.com/sparkle/gateway/gen/sparkle/inference/v1/inference.pb.go:999.43,999.44 0 0
github.com/sparkle/gateway/gen/sparkle/inference/v1/inference.pb.go:1001.65,1003.14 2 0
github.com/sparkle/gateway/gen/sparkle/inference/v1/inference.pb.go:1003.14,1005.34 2 0
github.com/sparkle/gateway/gen/sparkle/inference/v1/inference.pb.go:1005.34,1007.4 1 0
github.com/sparkle/gateway/gen/sparkle/inference/v1/inference.pb.go:1008.3,1008.12 1 0
github.com/sparkle/gateway/gen/sparkle/inference/v1/inference.pb.go:1010.2,1010.24 1 0
github.com/sparkle/gateway/gen/sparkle/inference/v1/inference.pb.go:1014.56,1016.2 1 0
github.com/sparkle/gateway/gen/sparkle/inference/v1/inference.pb.go:1018.44,1019.14 1 0
github.com/sparkle/gateway/gen/sparkle/inference/v1/inference.pb.go:1019.14,1021.3 1 0
github.com/sparkle/gateway/gen/sparkle/inference/v1/inference.pb.go:1022.2,1022.11 1 0
github.com/sparkle/gateway/gen/sparkle/inference/v1/inference.pb.go:1025.53,1026.14 1 0
github.com/sparkle/gateway/gen/sparkle/inference/v1/inference.pb.go:1026.14,1028.3 1 0
github.com/sparkle/gateway/gen/sparkle/inference/v1/inference.pb.go:1029.2,1029.11 1 0
github.com/sparkle/gateway/gen/sparkle/inference/v1/inference.pb.go:1032.49,1033.14 1 0
github.com/sparkle/gateway/gen/sparkle/inference/v1/inference.pb.go:1033.14,1035.3 1 0
github.com/sparkle/gateway/gen/sparkle/inference/v1/inference.pb.go:1036.2,1036.12 1 0
github.com/sparkle/gateway/gen/sparkle/inference/v1/inference.pb.go:1039.57,1040.14 1 0
github.com/sparkle/gateway/gen/sparkle/inference/v1/inference.pb.go:1040.14,1042.3 1 0
github.com/sparkle/gateway/gen/sparkle/inference/v1/inference.pb.go:1043.2,1043.12 1 0
github.com/sparkle/gateway/gen/sparkle/inference/v1/inference.pb.go:1057.37,1062.2 4 0
github.com/sparkle/gateway/gen/sparkle/inference/v1/inference.pb.go:1064.45,1066.2 1 0
github.com/sparkle/gateway/gen/sparkle/inference/v1/inference.pb.go:1068.43,1068.44 0 0
github.com/sparkle/gateway/gen/sparkle/inference/v1/inference.pb.go:1070.65,1072.14 2 0
github.com/sparkle/gateway/gen/sparkle/inference/v1/inference.pb.go:1072.14,1074.34 2 0
github.com/sparkle/gateway/gen/sparkle/inference/v1/inference.pb.go:1074.34,1076.4 1 0
github.com/sparkle/gateway/gen/sparkle/inference/v1/inference.pb.go:1077.3,1077.12 1 0
github.com/sparkle/gateway/gen/sparkle/inference/v1/inference.pb.go:1079.2,1079.24 1 0
github.com/sparkle/gateway/gen/sparkle/inference/v1/inference.pb.go:1083.56,1085.2 1 0
github.com/sparkle/gateway/gen/sparkle/inference/v1/inference.pb.go:1087.64,1088.14 1 0
github.com/sparkle/gateway/gen/sparkle/inference/v1/inference.pb.go:1088.14,1090.3 1 0
github.com/sparkle/gateway/gen/sparkle/inference/v1/inference.pb.go:1091.2,1091.12 1 0
github.com/sparkle/gateway/gen/sparkle/inference/v1/inference.pb.go:1094.50,1095.14 1 0
github.com/sparkle/gateway/gen/sparkle/inference/v1/inference.pb.go:1095.14,1097.3 1 0
github.com/sparkle/gateway/gen/sparkle/inference/v1/inference.pb.go:1098.2,1098.11 1 0
github.com/sparkle/gateway/gen/sparkle/inference/v1/inference.pb.go:1101.49,1102.14 1 0
github.com/sparkle/gateway/gen/sparkle/inference/v1/inference.pb.go:1102.14,1104.3 1 0
github.com/sparkle/gateway/gen/sparkle/inference/v1/inference.pb.go:1105.2,1105.11 1 0
github.com/sparkle/gateway/gen/sparkle/inference/v1/inference.pb.go:1108.48,1109.14 1 0
github.com/sparkle/gateway/gen/sparkle/inference/v1/inference.pb.go:1109.14,1111.3 1 0
github.com/sparkle/gateway/gen/sparkle/inference/v1/inference.pb.go:1112.2,1112.14 1 0
github.com/sparkle/gateway/gen/sparkle/inference/v1/inference.pb.go:1115.50,1116.14 1 0
github.com/sparkle/gateway/gen/sparkle/inference/v1/inference.pb.go:1116.14,1118.3 1 0
github.com/sparkle/gateway/gen/sparkle/inference/v1/inference.pb.go:1119.2,1119.10 1 0
github.com/sparkle/gateway/gen/sparkle/inference/v1/inference.pb.go:1338.69,1339.66 1 0
github.com/sparkle/gateway/gen/sparkle/inference/v1/inference.pb.go:1339.66,1341.3 1 0
github.com/sparkle/gateway/gen/sparkle/inference/v1/inference.pb.go:1342.2,1342.62 1 0
github.com/sparkle/gateway/gen/sparkle/inference/v1/inference.pb.go:1387.13,1387.65 1 0
github.com/sparkle/gateway/gen/sparkle/inference/v1/inference.pb.go:1388.55,1389.54 1 0
github.com/sparkle/gateway/gen/sparkle/inference/v1/inference.pb.go:1389.54,1391.3 1 0
github.com/sparkle/gateway/gen/sparkle/inference/v1/inference.pb.go:1392.2,1409.57 5 0
github.com/sparkle/gateway/gen/sparkle/inference/v1/inference_grpc.pb.go:40.84,42.2 1 0
github.com/sparkle/gateway/gen/sparkle/inference/v1/inference_grpc.pb.go:44.143,48.16 4 0
github.com/sparkle/gateway/gen/sparkle/inference/v1/inference_grpc.pb.go:48.16,50.3 1 0
github.com/sparkle/gateway/gen/sparkle/inference/v1/inference_grpc.pb.go:51.2,51.17 1 0
github.com/sparkle/gateway/gen/sparkle/inference/v1/inference_grpc.pb.go:73.121,75.2 1 0
github.com/sparkle/gateway/gen/sparkle/inference/v1/inference_grpc.pb.go:76.92,76.93 0 0
github.com/sparkle/gateway/gen/sparkle/inference/v1/inference_grpc.pb.go:77.92,77.93 0 0
github.com/sparkle/gateway/gen/sparkle/inference/v1/inference_grpc.pb.go:86.90,91.59 1 0
github.com/sparkle/gateway/gen/sparkle/inference/v1/inference_grpc.pb.go:91.59,93.3 1 0
github.com/sparkle/gateway/gen/sparkle/inference/v1/inference_grpc.pb.go:94.2,94.55 1 0
github.com/sparkle/gateway/gen/sparkle/inference/v1/inference_grpc.pb.go:97.174,99.32 2 0
github.com/sparkle/gateway/gen/sparkle/inference/v1/inference_grpc.pb.go:99.32,101.3 1 0
github.com/sparkle/gateway/gen/sparkle/inference/v1/inference_grpc.pb.go:102.2,102.24 1 0
github.com/sparkle/gateway/gen/sparkle/inference/v1/inference_grpc.pb.go:102.24,104.3 1 0
github.com/sparkle/gateway/gen/sparkle/inference/v1/inference_grpc.pb.go:105.2,109.77 2 0
github.com/sparkle/gateway/gen/sparkle/inference/v1/inference_grpc.pb.go:109.77,111.3 1 0
github.com/sparkle/gateway/gen/sparkle/inference/v1/inference_grpc.pb.go:112.2,112.44 1 0
github.com/sparkle/gateway/gen/stt/v1/stt_service.pb.go:63.42,67.2 3 0
github.com/sparkle/gateway/gen/stt/v1/stt_service.pb.go:69.38,71.2 1 0
github.com/sparkle/gateway/gen/stt/v1/stt_service.pb.go:73.61,75.2 1 0
github.com/sparkle/gateway/gen/stt/v1/stt_service.pb.go:77.49,79.2 1 0
github.com/sparkle/gateway/gen/stt/v1/stt_service.pb.go:81.55,83.2 1 0
github.com/sparkle/gateway/gen/stt/v1/stt_service.pb.go:86.53,88.2 1 0
github.com/sparkle/gateway/gen/stt/v1/stt_service.pb.go:125.44,129.2 3 0
github.com/sparkle/gateway/gen/stt/v1/stt_service.pb.go:131.39,133.2 1 0
github.com/sparkle/gateway/gen/stt/v1/stt_service.pb.go:135.62,137.2 1 0
github.com/sparkle/gateway/gen/stt/v1/stt_service.pb.go:139.50,141.2 1 0
github.com/sparkle/gateway/gen/stt/v1/stt_service.pb.go:143.56,145.2 1 0
github.com/sparkle/gateway/gen/stt/v1/stt_service.pb.go:148.54,150.2 1 0
github.com/sparkle/gateway/gen/stt/v1/stt_service.pb.go:196.44,200.2 3 0
github.com/sparkle/gateway/gen/stt/v1/stt_service.pb.go:202.39,204.2 1 0
github.com/sparkle/gateway/gen/stt/v1/stt_service.pb.go:206.62,208.2 1 0
github.com/sparkle/gateway/gen/stt/v1/stt_service.pb.go:210.50,212.2 1 0
github.com/sparkle/gateway/gen/stt/v1/stt_service.pb.go:214.56,216.2 1 0
github.com/sparkle/gateway/gen/stt/v1/stt_service.pb.go:219.54,221.2 1 0
github.com/sparkle/gateway/gen/stt/v1/stt_service.pb.go:244.30,249.2 4 0
github.com/sparkle/gateway/gen/stt/v1/stt_service.pb.go:251.38,253.2 1 0
github.com/sparkle/gateway/gen/stt/v1/stt_service.pb.go:255.36,255.37 0 0
github.com/sparkle/gateway/gen/stt/v1/stt_service.pb.go:257.58,259.14 2 0
github.com/sparkle/gateway/gen/stt/v1/stt_service.pb.go:259.14,261.34 2 0
github.com/sparkle/gateway/gen/stt/v1/stt_service.pb.go:261.34,263.4 1 0
github.com/sparkle/gateway/gen/stt/v1/stt_service.pb.go:264.3,264.12 1 0
github.com/sparkle/gateway/gen/stt/v1/stt_service.pb.go:266.2,266.24 1 0
github.com/sparkle/gateway/gen/stt/v1/stt_service.pb.go:270.49,272.2 1 0
github.com/sparkle/gateway/gen/stt/v1/stt_service.pb.go:274.39,275.14 1 0
github.com/sparkle/gateway/gen/stt/v1/stt_service.pb.go:275.14,277.3 1 0
github.com/sparkle/gateway/gen/stt/v1/stt_service.pb.go:278.2,278.12 1 0
github.com/sparkle/gateway/gen/stt/v1/stt_service.pb.go:281.44,282.14 1 0
github.com/sparkle/gateway/gen/stt/v1/stt_service.pb.go:282.14,284.3 1 0
github.com/sparkle/gateway/gen/stt/v1/stt_service.pb.go:285.2,285.10 1 0
github.com/sparkle/gateway/gen/stt/v1/stt_service.pb.go:288.41,289.14 1 0
github.com/sparkle/gateway/gen/stt/v1/stt_service.pb.go:289.14,291.3 1 0
github.com/sparkle/gateway/gen/stt/v1/stt_service.pb.go:292.2,292.11 1 0
github.com/sparkle/gateway/gen/stt/v1/stt_service.pb.go:295.43,296.14 1 0
github.com/sparkle/gateway/gen/stt/v1/stt_service.pb.go:296.14,298.3 1 0
github.com/sparkle/gateway/gen/stt/v1/stt_service.pb.go:299.2,299.11 1 0
github.com/sparkle/gateway/gen/stt/v1/stt_service.pb.go:302.41,303.14 1 0
github.com/sparkle/gateway/gen/stt/v1/stt_service.pb.go:303.14,305.3 1 0
github.com/sparkle/gateway/gen/stt/v1/stt_service.pb.go:306.2,306.11 1 0
github.com/sparkle/gateway/gen/stt/v1/stt_service.pb.go:309.44,310.14 1 0
github.com/sparkle/gateway/gen/stt/v1/stt_service.pb.go:310.14,312.3 1 0
github.com/sparkle/gateway/gen/stt/v1/stt_service.pb.go:313.2,313.11 1 0
github.com/sparkle/gateway/gen/stt/v1/stt_service.pb.go:316.44,317.14 1 0
github.com/sparkle/gateway/gen/stt/v1/stt_service.pb.go:317.14,319.3 1 0
github.com/sparkle/gateway/gen/stt/v1/stt_service.pb.go:320.2,320.14 1 0
github.com/sparkle/gateway/gen/stt/v1/stt_service.pb.go:344.39,349.2 4 0
github.com/sparkle/gateway/gen/stt/v1/stt_service.pb.go:351.47,353.2 1 0
github.com/sparkle/gateway/gen/stt/v1/stt_service.pb.go:355.45,355.46 0 0
github.com/sparkle/gateway/gen/stt/v1/stt_service.pb.go:357.67,359.14 2 0
github.com/sparkle/gateway/gen/stt/v1/stt_service.pb.go:359.14,361.34 2 0
github.com/sparkle/gateway/gen/stt/v1/stt_service.pb.go:361.34,363.4 1 0
github.com/sparkle/gateway/gen/stt/v1/stt_service.pb.go:364.3,364.12 1 0
github.com/sparkle/gateway/gen/stt/v1/stt_service.pb.go:366.2,366.24 1 0
github.com/sparkle/gateway/gen/stt/v1/stt_service.pb.go:370.58,372.2 1 0
github.com/sparkle/gateway/gen/stt/v1/stt_service.pb.go:374.48,375.14 1 0
github.com/sparkle/gateway/gen/stt/v1/stt_service.pb.go:375.14,377.3 1 0
github.com/sparkle/gateway/gen/stt/v1/stt_service.pb.go:378.2,378.11 1 0
github.com/sparkle/gateway/gen/stt/v1/stt_service.pb.go:381.49,382.14 1 0
github.com/sparkle/gateway/gen/stt/v1/stt_service.pb.go:382.14,384.3 1 0
github.com/sparkle/gateway/gen/stt/v1/stt_service.pb.go:385.2,385.14 1 0
github.com/sparkle/gateway/gen/stt/v1/stt_service.pb.go:388.55,389.14 1 0
github.com/sparkle/gateway/gen/stt/v1/stt_service.pb.go:389.14,391.3 1 0
github.com/sparkle/gateway/gen/stt/v1/stt_service.pb.go:392.2,392.10 1 0
github.com/sparkle/gateway/gen/stt/v1/stt_service.pb.go:395.51,396.14 1 0
github.com/sparkle/gateway/gen/stt/v1/stt_service.pb.go:396.14,398.3 1 0
github.com/sparkle/gateway/gen/stt/v1/stt_service.pb.go:399.2,399.10 1 0
github.com/sparkle/gateway/gen/stt/v1/stt_service.pb.go:402.69,403.14 1 0
github.com/sparkle/gateway/gen/stt/v1/stt_service.pb.go:403.14,405.3 1 0
github.com/sparkle/gateway/gen/stt/v1/stt_service.pb.go:406.2,406.12 1 0
github.com/sparkle/gateway/gen/stt/v1/stt_service.pb.go:409.53,410.14 1 0
github.com/sparkle/gateway/gen/stt/v1/stt_service.pb.go:410.14,412.3 1 0
github.com/sparkle/gateway/gen/stt/v1/stt_service.pb.go:413.2,413.11 1 0
github.com/sparkle/gateway/gen/stt/v1/stt_service.pb.go:416.62,417.14 1 0
github.com/sparkle/gateway/gen/stt/v1/stt_service.pb.go:417.14,419.3 1 0
github.com/sparkle/gateway/gen/stt/v1/stt_service.pb.go:420.2,420.12 1 0
github.com/sparkle/gateway/gen/stt/v1/stt_service.pb.go:436.38,441.2 4 0
github.com/sparkle/gateway/gen/stt/v1/stt_service.pb.go:443.46,445.2 1 0
github.com/sparkle/gateway/gen/stt/v1/stt_service.pb.go:447.44,447.45 0 0
github.com/sparkle/gateway/gen/stt/v1/stt_service.pb.go:449.66,451.14 2 0
github.com/sparkle/gateway/gen/stt/v1/stt_service.pb.go:451.14,453.34 2 0
github.com/sparkle/gateway/gen/stt/v1/stt_service.pb.go:453.34,455.4 1 0
github.com/sparkle/gateway/gen/stt/v1/stt_service.pb.go:456.3,456.12 1 0
github.com/sparkle/gateway/gen/stt/v1/stt_service.pb.go:458.2,458.24 1 0
github.com/sparkle/gateway/gen/stt/v1/stt_service.pb.go:462.57,464.2 1 0
github.com/sparkle/gateway/gen/stt/v1/stt_service.pb.go:466.47,467.14 1 0
github.com/sparkle/gateway/gen/stt/v1/stt_service.pb.go:467.14,469.3 1 0
github.com/sparkle/gateway/gen/stt/v1/stt_service.pb.go:470.2,470.11 1 0
github.com/sparkle/gateway/gen/stt/v1/stt_service.pb.go:473.50,474.14 1 0
github.com/sparkle/gateway/gen/stt/v1/stt_service.pb.go:474.14,476.3 1 0
github.com/sparkle/gateway/gen/stt/v1/stt_service.pb.go:477.2,477.11 1 0
github.com/sparkle/gateway/gen/stt/v1/stt_service.pb.go:480.52,481.14 1 0
github.com/sparkle/gateway/gen/stt/v1/stt_service.pb.go:481.14,483.3 1 0
github.com/sparkle/gateway/gen/stt/v1/stt_service.pb.go:484.2,484.14 1 0
github.com/sparkle/gateway/gen/stt/v1/stt_service.pb.go:509.37,514.2 4 0
github.com/sparkle/gateway/gen/stt/v1/stt_service.pb.go:516.45,518.2 1 0
github.com/sparkle/gateway/gen/stt/v1/stt_service.pb.go:520.43,520.44 0 0
github.com/sparkle/gateway/gen/stt/v1/stt_service.pb.go:522.65,524.14 2 0
github.com/sparkle/gateway/gen/stt/v1/stt_service.pb.go:524.14,526.34 2 0
github.com/sparkle/gateway/gen/stt/v1/stt_service.pb.go:526.34,528.4 1 0
github.com/sparkle/gateway/gen/stt/v1/stt_service.pb.go:529.3,529.12 1 0
github.com/sparkle/gateway/gen/stt/v1/stt_service.pb.go:531.2,531.24 1 0
github.com/sparkle/gateway/gen/stt/v1/stt_service.pb.go:535.56,537.2 1 0
github.com/sparkle/gateway/gen/stt/v1/stt_service.pb.go:539.51,540.14 1 0
github.com/sparkle/gateway/gen/stt/v1/stt_service.pb.go:540.14,542.3 1 0
github.com/sparkle/gateway/gen/stt/v1/stt_service.pb.go:543.2,543.12 1 0
github.com/sparkle/gateway/gen/stt/v1/stt_service.pb.go:546.50,547.14 1 0
github.com/sparkle/gateway/gen/stt/v1/stt_service.pb.go:547.14,549.3 1 0
github.com/sparkle/gateway/gen/stt/v1/stt_service.pb.go:550.2,550.11 1 0
github.com/sparkle/gateway/gen/stt/v1/stt_service.pb.go:553.50,554.14 1 0
github.com/sparkle/gateway/gen/stt/v1/stt_service.pb.go:554.14,556.3 1 0
github.com/sparkle/gateway/gen/stt/v1/stt_service.pb.go:557.2,557.11 1 0
github.com/sparkle/gateway/gen/stt/v1/stt_service.pb.go:560.48,561.14 1 0
github.com/sparkle/gateway/gen/stt/v1/stt_service.pb.go:561.14,563.3 1 0
github.com/sparkle/gateway/gen/stt/v1/stt_service.pb.go:564.2,564.11 1 0
github.com/sparkle/gateway/gen/stt/v1/stt_service.pb.go:567.48,568.14 1 0
github.com/sparkle/gateway/gen/stt/v1/stt_service.pb.go:568.14,570.3 1 0
github.com/sparkle/gateway/gen/stt/v1/stt_service.pb.go:571.2,571.11 1 0
github.com/sparkle/gateway/gen/stt/v1/stt_service.pb.go:574.57,575.14 1 0
github.com/sparkle/gateway/gen/stt/v1/stt_service.pb.go:575.14,577.3 1 0
github.com/sparkle/gateway/gen/stt/v1/stt_service.pb.go:578.2,578.14 1 0
github.com/sparkle/gateway/gen/stt/v1/stt_service.pb.go:581.51,582.14 1 0
github.com/sparkle/gateway/gen/stt/v1/stt_service.pb.go:582.14,584.3 1 0
github.com/sparkle/gateway/gen/stt/v1/stt_service.pb.go:585.2,585.10 1 0
github.com/sparkle/gateway/gen/stt/v1/stt_service.pb.go:611.38,616.2 4 0
github.com/sparkle/gateway/gen/stt/v1/stt_service.pb.go:618.46,620.2 1 0
github.com/sparkle/gateway/gen/stt/v1/stt_service.pb.go:622.44,622.45 0 0
github.com/sparkle/gateway/gen/stt/v1/stt_service.pb.go:624.66,626.14 2 0
github.com/sparkle/gateway/gen/stt/v1/stt_service.pb.go:626.14,628.34 2 0
github.com/sparkle/gateway/gen/stt/v1/stt_service.pb.go:628.34,630.4 1 0
github.com/sparkle/gateway/gen/stt/v1/stt_service.pb.go:631.3,631.12 1 0
github.com/sparkle/gateway/gen/stt/v1/stt_service.pb.go:633.2,633.24 1 0
github.com/sparkle/gateway/gen/stt/v1/stt_service.pb.go:637.57,639.2 1 0
github.com/sparkle/gateway/gen/stt/v1/stt_service.pb.go:641.47,642.14 1 0
github.com/sparkle/gateway/gen/stt/v1/stt_service.pb.go:642.14,644.3 1 0
github.com/sparkle/gateway/gen/stt/v1/stt_service.pb.go:645.2,645.11 1 0
github.com/sparkle/gateway/gen/stt/v1/stt_service.pb.go:648.59,649.14 1 0
github.com/sparkle/gateway/gen/stt/v1/stt_service.pb.go:649.14,651.3 1 0
github.com/sparkle/gateway/gen/stt/v1/stt_service.pb.go:652.2,652.10 1 0
github.com/sparkle/gateway/gen/stt/v1/stt_service.pb.go:655.54,656.14 1 0
github.com/sparkle/gateway/gen/stt/v1/stt_service.pb.go:656.14,658.3 1 0
github.com/sparkle/gateway/gen/stt/v1/stt_service.pb.go:659.2,659.10 1 0
github.com/sparkle/gateway/gen/stt/v1/stt_service.pb.go:662.59,663.14 1 0
github.com/sparkle/gateway/gen/stt/v1/stt_service.pb.go:663.14,665.3 1 0
github.com/sparkle/gateway/gen/stt/v1/stt_service.pb.go:666.2,666.11 1 0
github.com/sparkle/gateway/gen/stt/v1/stt_service.pb.go:669.55,670.14 1 0
github.com/sparkle/gateway/gen/stt/v1/stt_service.pb.go:670.14,672.3 1 0
github.com/sparkle/gateway/gen/stt/v1/stt_service.pb.go:673.2,673.11 1 0
github.com/sparkle/gateway/gen/stt/v1/stt_service.pb.go:676.58,677.14 1 0
github.com/sparkle/gateway/gen/stt/v1/stt_service.pb.go:677.14,679.3 1 0
github.com/sparkle/gateway/gen/stt/v1/stt_service.pb.go:680.2,680.12 1 0
github.com/sparkle/gateway/gen/stt/v1/stt_service.pb.go:683.67,684.14 1 0
github.com/sparkle/gateway/gen/stt/v1/stt_service.pb.go:684.14,686.3 1 0
github.com/sparkle/gateway/gen/stt/v1/stt_service.pb.go:687.2,687.12 1 0
github.com/sparkle/gateway/gen/stt/v1/stt_service.pb.go:690.61,691.14 1 0
github.com/sparkle/gateway/gen/stt/v1/stt_service.pb.go:691.14,693.3 1 0
github.com/sparkle/gateway/gen/stt/v1/stt_service.pb.go:694.2,694.12 1 0
github.com/sparkle/gateway/gen/stt/v1/stt_service.pb.go:712.33,717.2 4 0
github.com/sparkle/gateway/gen/stt/v1/stt_service.pb.go:719.41,721.2 1 0
github.com/sparkle/gateway/gen/stt/v1/stt_service.pb.go:723.39,723.40 0 0
github.com/sparkle/gateway/gen/stt/v1/stt_service.pb.go:725.61,727.14 2 0
github.com/sparkle/gateway/gen/stt/v1/stt_service.pb.go:727.14,729.34 2 0
github.com/sparkle/gateway/gen/stt/v1/stt_service.pb.go:729.34,731.4 1 0
github.com/sparkle/gateway/gen/stt/v1/stt_service.pb.go:732.3,732.12 1 0
github.com/sparkle/gateway/gen/stt/v1/stt_service.pb.go:734.2,734.24 1 0
github.com/sparkle/gateway/gen/stt/v1/stt_service.pb.go:738.52,740.2 1 0
github.com/sparkle/gateway/gen/stt/v1/stt_service.pb.go:742.42,743.14 1 0
github.com/sparkle/gateway/gen/stt/v1/stt_service.pb.go:743.14,745.3 1 0
github.com/sparkle/gateway/gen/stt/v1/stt_service.pb.go:746.2,746.11 1 0
github.com/sparkle/gateway/gen/stt/v1/stt_service.pb.go:749.48,750.14 1 0
github.com/sparkle/gateway/gen/stt/v1/stt_service.pb.go:750.14,752.3 1 0
github.com/sparkle/gateway/gen/stt/v1/stt_service.pb.go:753.2,753.10 1 0
github.com/sparkle/gateway/gen/stt/v1/stt_service.pb.go:756.46,757.14 1 0
github.com/sparkle/gateway/gen/stt/v1/stt_service.pb.go:757.14,759.3 1 0
github.com/sparkle/gateway/gen/stt/v1/stt_service.pb.go:760.2,760.10 1 0
github.com/sparkle/gateway/gen/stt/v1/stt_service.pb.go:763.49,764.14 1 0
github.com/sparkle/gateway/gen/stt/v1/stt_service.pb.go:764.14,766.3 1 0
github.com/sparkle/gateway/gen/stt/v1/stt_service.pb.go:767.2,767.10 1 0
github.com/sparkle/gateway/gen/stt/v1/stt_service.pb.go:789.41,794.2 4 0
github.com/sparkle/gateway/gen/stt/v1/stt_service.pb.go:796.49,798.2 1 0
github.com/sparkle/gateway/gen/stt/v1/stt_service.pb.go:800.47,800.48 0 0
github.com/sparkle/gateway/gen/stt/v1/stt_service.pb.go:802.69,804.14 2 0
github.com/sparkle/gateway/gen/stt/v1/stt_service.pb.go:804.14,806.34 2 0
github.com/sparkle/gateway/gen/stt/v1/stt_service.pb.go:806.34,808.4 1 0
github.com/sparkle/gateway/gen/stt/v1/stt_service.pb.go:809.3,809.12 1 0
github.com/sparkle/gateway/gen/stt/v1/stt_service.pb.go:811.2,811.24 1 0
github.com/sparkle/gateway/gen/stt/v1/stt_service.pb.go:815.60,817.2 1 0
github.com/sparkle/gateway/gen/stt/v1/stt_service.pb.go:819.54,820.14 1 0
github.com/sparkle/gateway/gen/stt/v1/stt_service.pb.go:820.14,822.3 1 0
github.com/sparkle/gateway/gen/stt/v1/stt_service.pb.go:823.2,823.11 1 0
github.com/sparkle/gateway/gen/stt/v1/stt_service.pb.go:826.51,827.14 1 0
github.com/sparkle/gateway/gen/stt/v1/stt_service.pb.go:827.14,829.3 1 0
github.com/sparkle/gateway/gen/stt/v1/stt_service.pb.go:830.2,830.11 1 0
github.com/sparkle/gateway/gen/stt/v1/stt_service.pb.go:833.61,834.14 1 0
github.com/sparkle/gateway/gen/stt/v1/stt_service.pb.go:834.14,836.3 1 0
github.com/sparkle/gateway/gen/stt/v1/stt_service.pb.go:837.2,837.10 1 0
github.com/sparkle/gateway/gen/stt/v1/stt_service.pb.go:840.58,841.14 1 0
github.com/sparkle/gateway/gen/stt/v1/stt_service.pb.go:841.14,843.3 1 0
github.com/sparkle/gateway/gen/stt/v1/stt_service.pb.go:844.2,844.10 1 0
github.com/sparkle/gateway/gen/stt/v1/stt_service.pb.go:847.53,848.14 1 0
github.com/sparkle/gateway/gen/stt/v1/stt_service.pb.go:848.14,850.3 1 0
github.com/sparkle/gateway/gen/stt/v1/stt_service.pb.go:851.2,851.10 1 0
github.com/sparkle/gateway/gen/stt/v1/stt_service.pb.go:854.55,855.14 1 0
github.com/sparkle/gateway/gen/stt/v1/stt_service.pb.go:855.14,857.3 1 0
github.com/sparkle/gateway/gen/stt/v1/stt_service.pb.go:858.2,858.10 1 0
github.com/sparkle/gateway/gen/stt/v1/stt_service.pb.go:874.34,879.2 4 0
github.com/sparkle/gateway/gen/stt/v1/stt_service.pb.go:881.42,883.2 1 0
github.com/sparkle/gateway/gen/stt/v1/stt_service.pb.go:885.40,885.41 0 0
github.com/sparkle/gateway/gen/stt/v1/stt_service.pb.go:887.62,889.14 2 0
github.com/sparkle/gateway/gen/stt/v1/stt_service.pb.go:889.14,891.34 2 0
github.com/sparkle/gateway/gen/stt/v1/stt_service.pb.go:891.34,893.4 1 0
github.com/sparkle/gateway/gen/stt/v1/stt_service.pb.go:894.3,894.12 1 0
github.com/sparkle/gateway/gen/stt/v1/stt_service.pb.go:896.2,896.24 1 0
github.com/sparkle/gateway/gen/stt/v1/stt_service.pb.go:900.53,902.2 1 0
github.com/sparkle/gateway/gen/stt/v1/stt_service.pb.go:904.43,905.14 1 0
github.com/sparkle/gateway/gen/stt/v1/stt_service.pb.go:905.14,907.3 1 0
github.com/sparkle/gateway/gen/stt/v1/stt_service.pb.go:908.2,908.11 1 0
github.com/sparkle/gateway/gen/stt/v1/stt_service.pb.go:911.45,912.14 1 0
github.com/sparkle/gateway/gen/stt/v1/stt_service.pb.go:912.14,914.3 1 0
github.com/sparkle/gateway/gen/stt/v1/stt_service.pb.go:915.2,915.11 1 0
github.com/sparkle/gateway/gen/stt/v1/stt_service.pb.go:918.59,919.14 1 0
github.com/sparkle/gateway/gen/stt/v1/stt_service.pb.go:919.14,921.3 1 0
github.com/sparkle/gateway/gen/stt/v1/stt_service.pb.go:922.2,922.12 1 0
github.com/sparkle/gateway/gen/stt/v1/stt_service.pb.go:940.38,945.2 4 0
github.com/sparkle/gateway/gen/stt/v1/stt_service.pb.go:947.46,949.2 1 0
github.com/sparkle/gateway/gen/stt/v1/stt_service.pb.go:951.44,951.45 0 0
github.com/sparkle/gateway/gen/stt/v1/stt_service.pb.go:953.66,955.14 2 0
github.com/sparkle/gateway/gen/stt/v1/stt_service.pb.go:955.14,957.34 2 0
github.com/sparkle/gateway/gen/stt/v1/stt_service.pb.go:957.34,959.4 1 0
github.com/sparkle/gateway/gen/stt/v1/stt_service.pb.go:960.3,960.12 1 0
github.com/sparkle/gateway/gen/stt/v1/stt_service.pb.go:962.2,962.24 1 0
github.com/sparkle/gateway/gen/stt/v1/stt_service.pb.go:966.57,968.2 1 0
github.com/sparkle/gateway/gen/stt/v1/stt_service.pb.go:970.55,971.14 1 0
github.com/sparkle/gateway/gen/stt/v1/stt_service.pb.go:971.14,973.3 1 0
github.com/sparkle/gateway/gen/stt/v1/stt_service.pb.go:974.2,974.14 1 0
github.com/sparkle/gateway/gen/stt/v1/stt_service.pb.go:977.53,978.14 1 0
github.com/sparkle/gateway/gen/stt/v1/stt_service.pb.go:978.14,980.3 1 0
github.com/sparkle/gateway/gen/stt/v1/stt_service.pb.go:981.2,981.14 1 0
github.com/sparkle/gateway/gen/stt/v1/stt_service.pb.go:984.55,985.14 1 0
github.com/sparkle/gateway/gen/stt/v1/stt_service.pb.go:985.14,987.3 1 0
github.com/sparkle/gateway/gen/stt/v1/stt_service.pb.go:988.2,988.14 1 0
github.com/sparkle/gateway/gen/stt/v1/stt_service.pb.go:991.51,992.14 1 0
github.com/sparkle/gateway/gen/stt/v1/stt_service.pb.go:992.14,994.3 1 0
github.com/sparkle/gateway/gen/stt/v1/stt_service.pb.go:995.2,995.11 1 0
github.com/sparkle/gateway/gen/stt/v1/stt_service.pb.go:1013.35,1018.2 4 0
github.com/sparkle/gateway/gen/stt/v1/stt_service.pb.go:1020.43,1022.2 1 0
github.com/sparkle/gateway/gen/stt/v1/stt_service.pb.go:1024.41,1024.42 0 0
github.com/sparkle/gateway/gen/stt/v1/stt_service.pb.go:1026.63,1028.14 2 0
github.com/sparkle/gateway/gen/stt/v1/stt_service.pb.go:1028.14,1030.34 2 0
github.com/sparkle/gateway/gen/stt/v1/stt_service.pb.go:1030.34,1032.4 1 0
github.com/sparkle/gateway/gen/stt/v1/stt_service.pb.go:1033.3,1033.12 1 0
github.com/sparkle/gateway/gen/stt/v1/stt_service.pb.go:1035.2,1035.24 1 0
github.com/sparkle/gateway/gen/stt/v1/stt_service.pb.go:1039.54,1041.2 1 0
github.com/sparkle/gateway/gen/stt/v1/stt_service.pb.go:1043.52,1044.14 1 0
github.com/sparkle/gateway/gen/stt/v1/stt_service.pb.go:1044.14,1046.3 1 0
github.com/sparkle/gateway/gen/stt/v1/stt_service.pb.go:1047.2,1047.11 1 0
github.com/sparkle/gateway/gen/stt/v1/stt_service.pb.go:1050.52,1051.14 1 0
github.com/sparkle/gateway/gen/stt/v1/stt_service.pb.go:1051.14,1053.3 1 0
github.com/sparkle/gateway/gen/stt/v1/stt_service.pb.go:1054.2,1054.11 1 0
github.com/sparkle/gateway/gen/stt/v1/stt_service.pb.go:1057.51,1058.14 1 0
github.com/sparkle/gateway/gen/stt/v1/stt_service.pb.go:1058.14,1060.3 1 0
github.com/sparkle/gateway/gen/stt/v1/stt_service.pb.go:1061.2,1061.10 1 0
github.com/sparkle/gateway/gen/stt/v1/stt_service.pb.go:1064.55,1065.14 1 0
github.com/sparkle/gateway/gen/stt/v1/stt_service.pb.go:1065.14,1067.3 1 0
github.com/sparkle/gateway/gen/stt/v1/stt_service.pb.go:1068.2,1068.10 1 0
github.com/sparkle/gateway/gen/stt/v1/stt_service.pb.go:1277.50,1278.47 1 0
github.com/sparkle/gateway/gen/stt/v1/stt_service.pb.go:1278.47,1280.3 1 0
github.com/sparkle/gateway/gen/stt/v1/stt_service.pb.go:1281.2,1281.43 1 0
github.com/sparkle/gateway/gen/stt/v1/stt_service.pb.go:1322.13,1322.46 1 0
github.com/sparkle/gateway/gen/stt/v1/stt_service.pb.go:1323.36,1324.35 1 0
github.com/sparkle/gateway/gen/stt/v1/stt_service.pb.go:1324.35,1326.3 1 0
github.com/sparkle/gateway/gen/stt/v1/stt_service.pb.go:1327.2,1344.38 5 0
github.com/sparkle/gateway/gen/stt/v1/stt_service_grpc.pb.go:50.72,52.2 1 0
github.com/sparkle/gateway/gen/stt/v1/stt_service_grpc.pb.go:54.160,57.16 3 0
github.com/sparkle/gateway/gen/stt/v1/stt_service_grpc.pb.go:57.16,59.3 1 0
github.com/sparkle/gateway/gen/stt/v1/stt_service_grpc.pb.go:60.2,61.15 2 0
github.com/sparkle/gateway/gen/stt/v1/stt_service_grpc.pb.go:67.142,71.16 4 0
github.com/sparkle/gateway/gen/stt/v1/stt_service_grpc.pb.go:71.16,73.3 1 0
github.com/sparkle/gateway/gen/stt/v1/stt_service_grpc.pb.go:74.2,74.17 1 0
github.com/sparkle/gateway/gen/stt/v1/stt_service_grpc.pb.go:77.138,81.16 4 0
github.com/sparkle/gateway/gen/stt/v1/stt_service_grpc.pb.go:81.16,83.3 1 0
github.com/sparkle/gateway/gen/stt/v1/stt_service_grpc.pb.go:84.2,84.17 1 0
github.com/sparkle/gateway/gen/stt/v1/stt_service_grpc.pb.go:114.122,116.2 1 0
github.com/sparkle/gateway/gen/stt/v1/stt_service_grpc.pb.go:117.120,119.2 1 0
github.com/sparkle/gateway/gen/stt/v1/stt_service_grpc.pb.go:120.116,122.2 1 0
github.com/sparkle/gateway/gen/stt/v1/stt_service_grpc.pb.go:123.80,123.81 0 0
github.com/sparkle/gateway/gen/stt/v1/stt_service_grpc.pb.go:124.80,124.81 0 0
github.com/sparkle/gateway/gen/stt/v1/stt_service_grpc.pb.go:133.78,138.59 1 0
github.com/sparkle/gateway/gen/stt/v1/stt_service_grpc.pb.go:138.59,140.3 1 0
github.com/sparkle/gateway/gen/stt/v1/stt_service_grpc.pb.go:141.2,141.49 1 0
github.com/sparkle/gateway/gen/stt/v1/stt_service_grpc.pb.go:144.94,146.2 1 0
github.com/sparkle/gateway/gen/stt/v1/stt_service_grpc.pb.go:151.171,153.32 2 0
github.com/sparkle/gateway/gen/stt/v1/stt_service_grpc.pb.go:153.32,155.3 1 0
github.com/sparkle/gateway/gen/stt/v1/stt_service_grpc.pb.go:156.2,156.24 1 0
github.com/sparkle/gateway/gen/stt/v1/stt_service_grpc.pb.go:156.24,158.3 1 0
github.com/sparkle/gateway/gen/stt/v1/stt_service_grpc.pb.go:159.2,163.77 2 0
github.com/sparkle/gateway/gen/stt/v1/stt_service_grpc.pb.go:163.77,165.3 1 0
github.com/sparkle/gateway/gen/stt/v1/stt_service_grpc.pb.go:166.2,166.44 1 0
github.com/sparkle/gateway/gen/stt/v1/stt_service_grpc.pb.go:169.173,171.32 2 0
github.com/sparkle/gateway/gen/stt/v1/stt_service_grpc.pb.go:171.32,173.3 1 0
github.com/sparkle/gateway/gen/stt/v1/stt_service_grpc.pb.go:174.2,174.24 1 0
github.com/sparkle/gateway/gen/stt/v1/stt_service_grpc.pb.go:174.24,176.3 1 0
github.com/sparkle/gateway/gen/stt/v1/stt_service_grpc.pb.go:177.2,181.77 2 0
github.com/sparkle/gateway/gen/stt/v1/stt_service_grpc.pb.go:181.77,183.3 1 0
github.com/sparkle/gateway/gen/stt/v1/stt_service_grpc.pb.go:184.2,184.44 1 0
github.com/sparkle/gateway/gen/proto/error_book/error_book.pb.go:53.31,58.2 4 0
github.com/sparkle/gateway/gen/proto/error_book/error_book.pb.go:60.39,62.2 1 0
github.com/sparkle/gateway/gen/proto/error_book/error_book.pb.go:64.37,64.38 0 0
github.com/sparkle/gateway/gen/proto/error_book/error_book.pb.go:66.59,68.14 2 0
github.com/sparkle/gateway/gen/proto/error_book/error_book.pb.go:68.14,70.34 2 0
github.com/sparkle/gateway/gen/proto/error_book/error_book.pb.go:70.34,72.4 1 0
github.com/sparkle/gateway/gen/proto/error_book/error_book.pb.go:73.3,73.12 1 0
github.com/sparkle/gateway/gen/proto/error_book/error_book.pb.go:75.2,75.24 1 0
github.com/sparkle/gateway/gen/proto/error_book/error_book.pb.go:79.50,81.2 1 0
github.com/sparkle/gateway/gen/proto/error_book/error_book.pb.go:83.38,84.14 1 0
github.com/sparkle/gateway/gen/proto/error_book/error_book.pb.go:84.14,86.3 1 0
github.com/sparkle/gateway/gen/proto/error_book/error_book.pb.go:87.2,87.11 1 0
github.com/sparkle/gateway/gen/proto/error_book/error_book.pb.go:90.42,91.14 1 0
github.com/sparkle/gateway/gen/proto/error_book/error_book.pb.go:91.14,93.3 1 0
github.com/sparkle/gateway/gen/proto/error_book/error_book.pb.go:94.2,94.11 1 0
github.com/sparkle/gateway/gen/proto/error_book/error_book.pb.go:97.47,98.14 1 0
github.com/sparkle/gateway/gen/proto/error_book/error_book.pb.go:98.14,100.3 1 0
github.com/sparkle/gateway/gen/proto/error_book/error_book.pb.go:101.2,101.11 1 0
github.com/sparkle/gateway/gen/proto/error_book/error_book.pb.go:104.43,105.14 1 0
github.com/sparkle/gateway/gen/proto/error_book/error_book.pb.go:105.14,107.3 1 0
github.com/sparkle/gateway/gen/proto/error_book/error_book.pb.go:108.2,108.11 1 0
github.com/sparkle/gateway/gen/proto/error_book/error_book.pb.go:111.48,112.14 1 0
github.com/sparkle/gateway/gen/proto/error_book/error_book.pb.go:112.14,114.3 1 0
github.com/sparkle/gateway/gen/proto/error_book/error_book.pb.go:115.2,115.11 1 0
github.com/sparkle/gateway/gen/proto/error_book/error_book.pb.go:118.52,119.14 1 0
github.com/sparkle/gateway/gen/proto/error_book/error_book.pb.go:119.14,121.3 1 0
github.com/sparkle/gateway/gen/proto/error_book/error_book.pb.go:122.2,122.11 1 0
github.com/sparkle/gateway/gen/proto/error_book/error_book.pb.go:125.46,126.14 1 0
github.com/sparkle/gateway/gen/proto/error_book/error_book.pb.go:126.14,128.3 1 0
github.com/sparkle/gateway/gen/proto/error_book/error_book.pb.go:129.2,129.11 1 0
github.com/sparkle/gateway/gen/proto/error_book/error_book.pb.go:132.49,133.14 1 0
github.com/sparkle/gateway/gen/proto/error_book/error_book.pb.go:133.14,135.3 1 0
github.com/sparkle/gateway/gen/proto/error_book/error_book.pb.go:136.2,136.11 1 0
github.com/sparkle/gateway/gen/proto/error_book/error_book.pb.go:139.49,140.14 1 0
github.com/sparkle/gateway/gen/proto/error_book/error_book.pb.go:140.14,142.3 1 0
github.com/sparkle/gateway/gen/proto/error_book/error_book.pb.go:143.2,143.10 1 0
github.com/sparkle/gateway/gen/proto/error_book/error_book.pb.go:146.46,147.14 1 0
github.com/sparkle/gateway/gen/proto/error_book/error_book.pb.go:147.14,149.3 1 0
github.com/sparkle/gateway/gen/proto/error_book/error_book.pb.go:150.2,150.10 1 0
github.com/sparkle/gateway/gen/proto/error_book/error_book.pb.go:153.64,154.14 1 0
github.com/sparkle/gateway/gen/proto/error_book/error_book.pb.go:154.14,156.3 1 0
github.com/sparkle/gateway/gen/proto/error_book/error_book.pb.go:157.2,157.12 1 0
github.com/sparkle/gateway/gen/proto/error_book/error_book.pb.go:160.66,161.14 1 0
github.com/sparkle/gateway/gen/proto/error_book/error_book.pb.go:161.14,163.3 1 0
github.com/sparkle/gateway/gen/proto/error_book/error_book.pb.go:164.2,164.12 1 0
github.com/sparkle/gateway/gen/proto/error_book/error_book.pb.go:167.64,168.14 1 0
github.com/sparkle/gateway/gen/proto/error_book/error_book.pb.go:168.14,170.3 1 0
github.com/sparkle/gateway/gen/proto/error_book/error_book.pb.go:171.2,171.12 1 0
github.com/sparkle/gateway/gen/proto/error_book/error_book.pb.go:174.65,175.14 1 0
github.com/sparkle/gateway/gen/proto/error_book/error_book.pb.go:175.14,177.3 1 0
github.com/sparkle/gateway/gen/proto/error_book/error_book.pb.go:178.2,178.12 1 0
github.com/sparkle/gateway/gen/proto/error_book/error_book.pb.go:181.61,182.14 1 0
github.com/sparkle/gateway/gen/proto/error_book/error_book.pb.go:182.14,184.3 1 0
github.com/sparkle/gateway/gen/proto/error_book/error_book.pb.go:185.2,185.12 1 0
github.com/sparkle/gateway/gen/proto/error_book/error_book.pb.go:188.61,189.14 1 0
github.com/sparkle/gateway/gen/proto/error_book/error_book.pb.go:189.14,191.3 1 0
github.com/sparkle/gateway/gen/proto/error_book/error_book.pb.go:192.2,192.12 1 0
github.com/sparkle/gateway/gen/proto/error_book/error_book.pb.go:195.51,196.14 1 0
github.com/sparkle/gateway/gen/proto/error_book/error_book.pb.go:196.14,198.3 1 0
github.com/sparkle/gateway/gen/proto/error_book/error_book.pb.go:199.2,199.12 1 0
github.com/sparkle/gateway/gen/proto/error_book/error_book.pb.go:202.53,203.14 1 0
github.com/sparkle/gateway/gen/proto/error_book/error_book.pb.go:203.14,205.3 1 0
github.com/sparkle/gateway/gen/proto/error_book/error_book.pb.go:206.2,206.11 1 0
github.com/sparkle/gateway/gen/proto/error_book/error_book.pb.go:209.50,210.41 1 0
github.com/sparkle/gateway/gen/proto/error_book/error_book.pb.go:210.41,212.3 1 0
github.com/sparkle/gateway/gen/proto/error_book/error_book.pb.go:213.2,213.11 1 0
github.com/sparkle/gateway/gen/proto/error_book/error_book.pb.go:216.49,217.39 1 0
github.com/sparkle/gateway/gen/proto/error_book/error_book.pb.go:217.39,219.3 1 0
github.com/sparkle/gateway/gen/proto/error_book/error_book.pb.go:220.2,220.10 1 0
github.com/sparkle/gateway/gen/proto/error_book/error_book.pb.go:237.39,242.2 4 0
github.com/sparkle/gateway/gen/proto/error_book/error_book.pb.go:244.47,246.2 1 0
github.com/sparkle/gateway/gen/proto/error_book/error_book.pb.go:248.45,248.46 0 0
github.com/sparkle/gateway/gen/proto/error_book/error_book.pb.go:250.67,252.14 2 0
github.com/sparkle/gateway/gen/proto/error_book/error_book.pb.go:252.14,254.34 2 0
github.com/sparkle/gateway/gen/proto/error_book/error_book.pb.go:254.34,256.4 1 0
github.com/sparkle/gateway/gen/proto/error_book/error_book.pb.go:257.3,257.12 1 0
github.com/sparkle/gateway/gen/proto/error_book/error_book.pb.go:259.2,259.24 1 0
github.com/sparkle/gateway/gen/proto/error_book/error_book.pb.go:263.58,265.2 1 0
github.com/sparkle/gateway/gen/proto/error_book/error_book.pb.go:267.53,268.14 1 0
github.com/sparkle/gateway/gen/proto/error_book/error_book.pb.go:268.14,270.3 1 0
github.com/sparkle/gateway/gen/proto/error_book/error_book.pb.go:271.2,271.11 1 0
github.com/sparkle/gateway/gen/proto/error_book/error_book.pb.go:274.58,275.14 1 0
github.com/sparkle/gateway/gen/proto/error_book/error_book.pb.go:275.14,277.3 1 0
github.com/sparkle/gateway/gen/proto/error_book/error_book.pb.go:278.2,278.11 1 0
github.com/sparkle/gateway/gen/proto/error_book/error_book.pb.go:281.53,282.14 1 0
github.com/sparkle/gateway/gen/proto/error_book/error_book.pb.go:282.14,284.3 1 0
github.com/sparkle/gateway/gen/proto/error_book/error_book.pb.go:285.2,285.11 1 0
github.com/sparkle/gateway/gen/proto/error_book/error_book.pb.go:288.59,289.14 1 0
github.com/sparkle/gateway/gen/proto/error_book/error_book.pb.go:289.14,291.3 1 0
github.com/sparkle/gateway/gen/proto/error_book/error_book.pb.go:292.2,292.11 1 0
github.com/sparkle/gateway/gen/proto/error_book/error_book.pb.go:295.58,296.14 1 0
github.com/sparkle/gateway/gen/proto/error_book/error_book.pb.go:296.14,298.3 1 0
github.com/sparkle/gateway/gen/proto/error_book/error_book.pb.go:299.2,299.12 1 0
github.com/sparkle/gateway/gen/proto/error_book/error_book.pb.go:302.66,303.14 1 0
github.com/sparkle/gateway/gen/proto/error_book/error_book.pb.go:303.14,305.3 1 0
github.com/sparkle/gateway/gen/proto/error_book/error_book.pb.go:306.2,306.12 1 0
github.com/sparkle/gateway/gen/proto/error_book/error_book.pb.go:309.59,310.14 1 0
github.com/sparkle/gateway/gen/proto/error_book/error_book.pb.go:310.14,312.3 1 0
github.com/sparkle/gateway/gen/proto/error_book/error_book.pb.go:313.2,313.11 1 0
github.com/sparkle/gateway/gen/proto/error_book/error_book.pb.go:316.51,317.14 1 0
github.com/sparkle/gateway/gen/proto/error_book/error_book.pb.go:317.14,319.3 1 0
github.com/sparkle/gateway/gen/proto/error_book/error_book.pb.go:320.2,320.11 1 0
github.com/sparkle/gateway/gen/proto/error_book/error_book.pb.go:333.38,338.2 4 0
github.com/sparkle/gateway/gen/proto/error_book/error_book.pb.go:340.46,342.2 1 0
github.com/sparkle/gateway/gen/proto/error_book/error_book.pb.go:344.44,344.45 0 0
github.com/sparkle/gateway/gen/proto/error_book/error_book.pb.go:346.66,348.14 2 0
github.com/sparkle/gateway/gen/proto/error_book/error_book.pb.go:348.14,350.34 2 0
github.com/sparkle/gateway/gen/proto/error_book/error_book.pb.go:350.34,352.4 1 0
github.com/sparkle/gateway/gen/proto/error_book/error_book.pb.go:353.3,353.12 1 0
github.com/sparkle/gateway/gen/proto/error_book/error_book.pb.go:355.2,355.24 1 0
github.com/sparkle/gateway/gen/proto/error_book/error_book.pb.go:359.57,361.2 1 0
github.com/sparkle/gateway/gen/proto/error_book/error_book.pb.go:363.45,364.14 1 0
github.com/sparkle/gateway/gen/proto/error_book/error_book.pb.go:364.14,366.3 1 0
github.com/sparkle/gateway/gen/proto/error_book/error_book.pb.go:367.2,367.11 1 0
github.com/sparkle/gateway/gen/proto/error_book/error_book.pb.go:370.47,371.14 1 0
github.com/sparkle/gateway/gen/proto/error_book/error_book.pb.go:371.14,373.3 1 0
github.com/sparkle/gateway/gen/proto/error_book/error_book.pb.go:374.2,374.11 1 0
github.com/sparkle/gateway/gen/proto/error_book/error_book.pb.go:377.53,378.14 1 0
github.com/sparkle/gateway/gen/proto/error_book/error_book.pb.go:378.14,380.3 1 0
github.com/sparkle/gateway/gen/proto/error_book/error_book.pb.go:381.2,381.10 1 0
github.com/sparkle/gateway/gen/proto/error_book/error_book.pb.go:384.50,385.14 1 0
github.com/sparkle/gateway/gen/proto/error_book/error_book.pb.go:385.14,387.3 1 0
github.com/sparkle/gateway/gen/proto/error_book/error_book.pb.go:388.2,388.14 1 0
github.com/sparkle/gateway/gen/proto/error_book/error_book.pb.go:400.40,405.2 4 0
github.com/sparkle/gateway/gen/proto/error_book/error_book.pb.go:407.48,409.2 1 0
github.com/sparkle/gateway/gen/proto/error_book/error_book.pb.go:411.46,411.47 0 0
github.com/sparkle/gateway/gen/proto/error_book/error_book.pb.go:413.68,415.14 2 0
github.com/sparkle/gateway/gen/proto/error_book/error_book.pb.go:415.14,417.34 2 0
github.com/sparkle/gateway/gen/proto/error_book/error_book.pb.go:417.34,419.4 1 0
github.com/sparkle/gateway/gen/proto/error_book/error_book.pb.go:420.3,420.12 1 0
github.com/sparkle/gateway/gen/proto/error_book/error_book.pb.go:422.2,422.24 1 0
github.com/sparkle/gateway/gen/proto/error_book/error_book.pb.go:426.59,428.2 1 0
github.com/sparkle/gateway/gen/proto/error_book/error_book.pb.go:430.47,431.14 1 0
github.com/sparkle/gateway/gen/proto/error_book/error_book.pb.go:431.14,433.3 1 0
github.com/sparkle/gateway/gen/proto/error_book/error_book.pb.go:434.2,434.11 1 0
github.com/sparkle/gateway/gen/proto/error_book/error_book.pb.go:437.49,438.14 1 0
github.com/sparkle/gateway/gen/proto/error_book/error_book.pb.go:438.14,440.3 1 0
github.com/sparkle/gateway/gen/proto/error_book/error_book.pb.go:441.2,441.11 1 0
github.com/sparkle/gateway/gen/proto/error_book/error_book.pb.go:444.56,445.14 1 0
github.com/sparkle/gateway/gen/proto/error_book/error_book.pb.go:445.14,447.3 1 0
github.com/sparkle/gateway/gen/proto/error_book/error_book.pb.go:448.2,448.11 1 0
github.com/sparkle/gateway/gen/proto/error_book/error_book.pb.go:463.39,468.2 4 0
github.com/sparkle/gateway/gen/proto/error_book/error_book.pb.go:470.47,472.2 1 0
github.com/sparkle/gateway/gen/proto/error_book/error_book.pb.go:474.45,474.46 0 0
github.com/sparkle/gateway/gen/proto/error_book/error_book.pb.go:476.67,478.14 2 0
github.com/sparkle/gateway/gen/proto/error_book/error_book.pb.go:478.14,480.34 2 0
github.com/sparkle/gateway/gen/proto/error_book/error_book.pb.go:480.34,482.4 1 0
github.com/sparkle/gateway/gen/proto/error_book/error_book.pb.go:483.3,483.12 1 0
github.com/sparkle/gateway/gen/proto/error_book/error_book.pb.go:485.2,485.24 1 0
github.com/sparkle/gateway/gen/proto/error_book/error_book.pb.go:489.58,491.2 1 0
github.com/sparkle/gateway/gen/proto/error_book/error_book.pb.go:493.46,494.14 1 0
github.com/sparkle/gateway/gen/proto/error_book/error_book.pb.go:494.14,496.3 1 0
github.com/sparkle/gateway/gen/proto/error_book/error_book.pb.go:497.2,497.11 1 0
github.com/sparkle/gateway/gen/proto/error_book/error_book.pb.go:500.49,501.14 1 0
github.com/sparkle/gateway/gen/proto/error_book/error_book.pb.go:501.14,503.3 1 0
github.com/sparkle/gateway/gen/proto/error_book/error_book.pb.go:504.2,504.11 1 0
github.com/sparkle/gateway/gen/proto/error_book/error_book.pb.go:507.55,508.14 1 0
github.com/sparkle/gateway/gen/proto/error_book/error_book.pb.go:508.14,510.3 1 0
github.com/sparkle/gateway/gen/proto/error_book/error_book.pb.go:511.2,511.11 1 0
github.com/sparkle/gateway/gen/proto/error_book/error_book.pb.go:514.55,515.14 1 0
github.com/sparkle/gateway/gen/proto/error_book/error_book.pb.go:515.14,517.3 1 0
github.com/sparkle/gateway/gen/proto/error_book/error_book.pb.go:518.2,518.11 1 0
github.com/sparkle/gateway/gen/proto/error_book/error_book.pb.go:521.50,522.14 1 0
github.com/sparkle/gateway/gen/proto/error_book/error_book.pb.go:522.14,524.3 1 0
github.com/sparkle/gateway/gen/proto/error_book/error_book.pb.go:525.2,525.12 1 0
github.com/sparkle/gateway/gen/proto/error_book/error_book.pb.go:528.69,529.14 1 0
github.com/sparkle/gateway/gen/proto/error_book/error_book.pb.go:529.14,531.3 1 0
github.com/sparkle/gateway/gen/proto/error_book/error_book.pb.go:532.2,532.12 1 0
github.com/sparkle/gateway/gen/proto/error_book/error_book.pb.go:545.39,550.2 4 0
github.com/sparkle/gateway/gen/proto/error_book/error_book.pb.go:552.47,554.2 1 0
github.com/sparkle/gateway/gen/proto/error_book/error_book.pb.go:556.45,556.46 0 0
github.com/sparkle/gateway/gen/proto/error_book/error_book.pb.go:558.67,560.14 2 0
github.com/sparkle/gateway/gen/proto/error_book/error_book.pb.go:560.14,562.34 2 0
github.com/sparkle/gateway/gen/proto/error_book/error_book.pb.go:562.34,564.4 1 0
github.com/sparkle/gateway/gen/proto/error_book/error_book.pb.go:565.3,565.12 1 0
github.com/sparkle/gateway/gen/proto/error_book/error_book.pb.go:567.2,567.24 1 0
github.com/sparkle/gateway/gen/proto/error_book/error_book.pb.go:571.58,573.2 1 0
github.com/sparkle/gateway/gen/proto/error_book/error_book.pb.go:575.46,576.14 1 0
github.com/sparkle/gateway/gen/proto/error_book/error_book.pb.go:576.14,578.3 1 0
github.com/sparkle/gateway/gen/proto/error_book/error_book.pb.go:579.2,579.11 1 0
github.com/sparkle/gateway/gen/proto/error_book/error_book.pb.go:582.55,583.14 1 0
github.com/sparkle/gateway/gen/proto/error_book/error_book.pb.go:583.14,585.3 1 0
github.com/sparkle/gateway/gen/proto/error_book/error_book.pb.go:586.2,586.11 1 0
github.com/sparkle/gateway/gen/proto/error_book/error_book.pb.go:589.53,590.14 1 0
github.com/sparkle/gateway/gen/proto/error_book/error_book.pb.go:590.14,592.3 1 0
github.com/sparkle/gateway/gen/proto/error_book/error_book.pb.go:593.2,593.11 1 0
github.com/sparkle/gateway/gen/proto/error_book/error_book.pb.go:596.69,597.14 1 0
github.com/sparkle/gateway/gen/proto/error_book/error_book.pb.go:597.14,599.3 1 0
github.com/sparkle/gateway/gen/proto/error_book/error_book.pb.go:600.2,600.12 1 0
github.com/sparkle/gateway/gen/proto/error_book/error_book.pb.go:614.40,619.2 4 0
github.com/sparkle/gateway/gen/proto/error_book/error_book.pb.go:621.48,623.2 1 0
github.com/sparkle/gateway/gen/proto/error_book/error_book.pb.go:625.46,625.47 0 0
github.com/sparkle/gateway/gen/proto/error_book/error_book.pb.go:627.68,629.14 2 0
github.com/sparkle/gateway/gen/proto/error_book/error_book.pb.go:629.14,631.34 2 0
github.com/sparkle/gateway/gen/proto/error_book/error_book.pb.go:631.34,633.4 1 0
github.com/sparkle/gateway/gen/proto/error_book/error_book.pb.go:634.3,634.12 1 0
github.com/sparkle/gateway/gen/proto/error_book/error_book.pb.go:636.2,636.24 1 0
github.com/sparkle/gateway/gen/proto/error_book/error_book.pb.go:640.59,642.2 1 0
github.com/sparkle/gateway/gen/proto/error_book/error_book.pb.go:644.52,645.14 1 0
github.com/sparkle/gateway/gen/proto/error_book/error_book.pb.go:645.14,647.3 1 0
github.com/sparkle/gateway/gen/proto/error_book/error_book.pb.go:648.2,648.11 1 0
github.com/sparkle/gateway/gen/proto/error_book/error_book.pb.go:651.54,652.14 1 0
github.com/sparkle/gateway/gen/proto/error_book/error_book.pb.go:652.14,654.3 1 0
github.com/sparkle/gateway/gen/proto/error_book/error_book.pb.go:655.2,655.11 1 0
github.com/sparkle/gateway/gen/proto/error_book/error_book.pb.go:658.76,659.14 1 0
github.com/sparkle/gateway/gen/proto/error_book/error_book.pb.go:659.14,661.3 1 0
github.com/sparkle/gateway/gen/proto/error_book/error_book.pb.go:662.2,662.12 1 0
github.com/sparkle/gateway/gen/proto/error_book/error_book.pb.go:665.71,666.14 1 0
github.com/sparkle/gateway/gen/proto/error_book/error_book.pb.go:666.14,668.3 1 0
github.com/sparkle/gateway/gen/proto/error_book/error_book.pb.go:669.2,669.12 1 0
github.com/sparkle/gateway/gen/proto/error_book/error_book.pb.go:672.74,673.14 1 0
github.com/sparkle/gateway/gen/proto/error_book/error_book.pb.go:673.14,675.3 1 0
github.com/sparkle/gateway/gen/proto/error_book/error_book.pb.go:676.2,676.12 1 0
github.com/sparkle/gateway/gen/proto/error_book/error_book.pb.go:694.38,699.2 4 0
github.com/sparkle/gateway/gen/proto/error_book/error_book.pb.go:701.46,703.2 1 0
github.com/sparkle/gateway/gen/proto/error_book/error_book.pb.go:705.44,705.45 0 0
github.com/sparkle/gateway/gen/proto/error_book/error_book.pb.go:707.66,709.14 2 0
github.com/sparkle/gateway/gen/proto/error_book/error_book.pb.go:709.14,711.34 2 0
github.com/sparkle/gateway/gen/proto/error_book/error_book.pb.go:711.34,713.4 1 0
github.com/sparkle/gateway/gen/proto/error_book/error_book.pb.go:714.3,714.12 1 0
github.com/sparkle/gateway/gen/proto/error_book/error_book.pb.go:716.2,716.24 1 0
github.com/sparkle/gateway/gen/proto/error_book/error_book.pb.go:720.57,722.2 1 0
github.com/sparkle/gateway/gen/proto/error_book/error_book.pb.go:724.49,725.14 1 0
github.com/sparkle/gateway/gen/proto/error_book/error_book.pb.go:725.14,727.3 1 0
github.com/sparkle/gateway/gen/proto/error_book/error_book.pb.go:728.2,728.11 1 0
github.com/sparkle/gateway/gen/proto/error_book/error_book.pb.go:731.55,732.14 1 0
github.com/sparkle/gateway/gen/proto/error_book/error_book.pb.go:732.14,734.3 1 0
github.com/sparkle/gateway/gen/proto/error_book/error_book.pb.go:735.2,735.11 1 0
github.com/sparkle/gateway/gen/proto/error_book/error_book.pb.go:738.59,739.14 1 0
github.com/sparkle/gateway/gen/proto/error_book/error_book.pb.go:739.14,741.3 1 0
github.com/sparkle/gateway/gen/proto/error_book/error_book.pb.go:742.2,742.11 1 0
github.com/sparkle/gateway/gen/proto/error_book/error_book.pb.go:745.53,746.14 1 0
github.com/sparkle/gateway/gen/proto/error_book/error_book.pb.go:746.14,748.3 1 0
github.com/sparkle/gateway/gen/proto/error_book/error_book.pb.go:749.2,749.11 1 0
github.com/sparkle/gateway/gen/proto/error_book/error_book.pb.go:752.56,753.14 1 0
github.com/sparkle/gateway/gen/proto/error_book/error_book.pb.go:753.14,755.3 1 0
github.com/sparkle/gateway/gen/proto/error_book/error_book.pb.go:756.2,756.11 1 0
github.com/sparkle/gateway/gen/proto/error_book/error_book.pb.go:759.54,760.14 1 0
github.com/sparkle/gateway/gen/proto/error_book/error_book.pb.go:760.14,762.3 1 0
github.com/sparkle/gateway/gen/proto/error_book/error_book.pb.go:763.2,763.11 1 0
github.com/sparkle/gateway/gen/proto/error_book/error_book.pb.go:766.50,767.14 1 0
github.com/sparkle/gateway/gen/proto/error_book/error_book.pb.go:767.14,769.3 1 0
github.com/sparkle/gateway/gen/proto/error_book/error_book.pb.go:770.2,770.11 1 0
github.com/sparkle/gateway/gen/proto/error_book/error_book.pb.go:773.58,774.14 1 0
github.com/sparkle/gateway/gen/proto/error_book/error_book.pb.go:774.14,776.3 1 0
github.com/sparkle/gateway/gen/proto/error_book/error_book.pb.go:777.2,777.12 1 0
github.com/sparkle/gateway/gen/proto/error_book/error_book.pb.go:780.60,781.14 1 0
github.com/sparkle/gateway/gen/proto/error_book/error_book.pb.go:781.14,783.3 1 0
github.com/sparkle/gateway/gen/proto/error_book/error_book.pb.go:784.2,784.11 1 0
github.com/sparkle/gateway/gen/proto/error_book/error_book.pb.go:804.37,809.2 4 0
github.com/sparkle/gateway/gen/proto/error_book/error_book.pb.go:811.45,813.2 1 0
github.com/sparkle/gateway/gen/proto/error_book/error_book.pb.go:815.43,815.44 0 0
github.com/sparkle/gateway/gen/proto/error_book/error_book.pb.go:817.65,819.14 2 0
github.com/sparkle/gateway/gen/proto/error_book/error_book.pb.go:819.14,821.34 2 0
github.com/sparkle/gateway/gen/proto/error_book/error_book.pb.go:821.34,823.4 1 0
github.com/sparkle/gateway/gen/proto/error_book/error_book.pb.go:824.3,824.12 1 0
github.com/sparkle/gateway/gen/proto/error_book/error_book.pb.go:826.2,826.24 1 0
github.com/sparkle/gateway/gen/proto/error_book/error_book.pb.go:830.56,832.2 1 0
github.com/sparkle/gateway/gen/proto/error_book/error_book.pb.go:834.48,835.14 1 0
github.com/sparkle/gateway/gen/proto/error_book/error_book.pb.go:835.14,837.3 1 0
github.com/sparkle/gateway/gen/proto/error_book/error_book.pb.go:838.2,838.11 1 0
github.com/sparkle/gateway/gen/proto/error_book/error_book.pb.go:841.53,842.14 1 0
github.com/sparkle/gateway/gen/proto/error_book/error_book.pb.go:842.14,844.3 1 0
github.com/sparkle/gateway/gen/proto/error_book/error_book.pb.go:845.2,845.11 1 0
github.com/sparkle/gateway/gen/proto/error_book/error_book.pb.go:848.49,849.14 1 0
github.com/sparkle/gateway/gen/proto/error_book/error_book.pb.go:849.14,851.3 1 0
github.com/sparkle/gateway/gen/proto/error_book/error_book.pb.go:852.2,852.11 1 0
github.com/sparkle/gateway/gen/proto/error_book/error_book.pb.go:855.51,856.14 1 0
github.com/sparkle/gateway/gen/proto/error_book/error_book.pb.go:856.14,858.3 1 0
github.com/sparkle/gateway/gen/proto/error_book/error_book.pb.go:859.2,859.11 1 0
github.com/sparkle/gateway/gen/proto/error_book/error_book.pb.go:862.53,863.37 1 0
github.com/sparkle/gateway/gen/proto/error_book/error_book.pb.go:863.37,865.3 1 0
github.com/sparkle/gateway/gen/proto/error_book/error_book.pb.go:866.2,866.10 1 0
github.com/sparkle/gateway/gen/proto/error_book/error_book.pb.go:869.53,870.37 1 0
github.com/sparkle/gateway/gen/proto/error_book/error_book.pb.go:870.37,872.3 1 0
github.com/sparkle/gateway/gen/proto/error_book/error_book.pb.go:873.2,873.10 1 0
github.com/sparkle/gateway/gen/proto/error_book/error_book.pb.go:876.50,877.37 1 0
github.com/sparkle/gateway/gen/proto/error_book/error_book.pb.go:877.37,879.3 1 0
github.com/sparkle/gateway/gen/proto/error_book/error_book.pb.go:880.2,880.14 1 0
github.com/sparkle/gateway/gen/proto/error_book/error_book.pb.go:883.49,884.14 1 0
github.com/sparkle/gateway/gen/proto/error_book/error_book.pb.go:884.14,886.3 1 0
github.com/sparkle/gateway/gen/proto/error_book/error_book.pb.go:887.2,887.11 1 0
github.com/sparkle/gateway/gen/proto/error_book/error_book.pb.go:890.45,891.14 1 0
github.com/sparkle/gateway/gen/proto/error_book/error_book.pb.go:891.14,893.3 1 0
github.com/sparkle/gateway/gen/proto/error_book/error_book.pb.go:894.2,894.10 1 0
github.com/sparkle/gateway/gen/proto/error_book/error_book.pb.go:897.49,898.14 1 0
github.com/sparkle/gateway/gen/proto/error_book/error_book.pb.go:898.14,900.3 1 0
github.com/sparkle/gateway/gen/proto/error_book/error_book.pb.go:901.2,901.10 1 0
github.com/sparkle/gateway/gen/proto/error_book/error_book.pb.go:904.60,905.14 1 0
github.com/sparkle/gateway/gen/proto/error_book/error_book.pb.go:905.14,907.3 1 0
github.com/sparkle/gateway/gen/proto/error_book/error_book.pb.go:908.2,908.11 1 0
github.com/sparkle/gateway/gen/proto/error_book/error_book.pb.go:922.38,927.2 4 0
github.com/sparkle/gateway/gen/proto/error_book/error_book.pb.go:929.46,931.2 1 0
github.com/sparkle/gateway/gen/proto/error_book/error_book.pb.go:933.44,933.45 0 0
github.com/sparkle/gateway/gen/proto/error_book/error_book.pb.go:935.66,937.14 2 0
github.com/sparkle/gateway/gen/proto/error_book/error_book.pb.go:937.14,939.34 2 0
github.com/sparkle/gateway/gen/proto/error_book/error_book.pb.go:939.34,941.4 1 0
github.com/sparkle/gateway/gen/proto/error_book/error_book.pb.go:942.3,942.12 1 0
github.com/sparkle/gateway/gen/proto/error_book/error_book.pb.go:944.2,944.24 1 0
github.com/sparkle/gateway/gen/proto/error_book/error_book.pb.go:948.57,950.2 1 0
github.com/sparkle/gateway/gen/proto/error_book/error_book.pb.go:952.56,953.14 1 0
github.com/sparkle/gateway/gen/proto/error_book/error_book.pb.go:953.14,955.3 1 0
github.com/sparkle/gateway/gen/proto/error_book/error_book.pb.go:956.2,956.12 1 0
github.com/sparkle/gateway/gen/proto/error_book/error_book.pb.go:959.47,960.14 1 0
github.com/sparkle/gateway/gen/proto/error_book/error_book.pb.go:960.14,962.3 1 0
github.com/sparkle/gateway/gen/proto/error_book/error_book.pb.go:963.2,963.10 1 0
github.com/sparkle/gateway/gen/proto/error_book/error_book.pb.go:966.46,967.14 1 0
github.com/sparkle/gateway/gen/proto/error_book/error_book.pb.go:967.14,969.3 1 0
github.com/sparkle/gateway/gen/proto/error_book/error_book.pb.go:970.2,970.10 1 0
github.com/sparkle/gateway/gen/proto/error_book/error_book.pb.go:973.50,974.14 1 0
github.com/sparkle/gateway/gen/proto/error_book/error_book.pb.go:974.14,976.3 1 0
github.com/sparkle/gateway/gen/proto/error_book/error_book.pb.go:977.2,977.10 1 0
github.com/sparkle/gateway/gen/proto/error_book/error_book.pb.go:980.48,981.14 1 0
github.com/sparkle/gateway/gen/proto/error_book/error_book.pb.go:981.14,983.3 1 0
github.com/sparkle/gateway/gen/proto/error_book/error_book.pb.go:984.2,984.14 1 0
github.com/sparkle/gateway/gen/proto/error_book/error_book.pb.go:995.35,1000.2 4 0
github.com/sparkle/gateway/gen/proto/error_book/error_book.pb.go:1002.43,1004.2 1 0
github.com/sparkle/gateway/gen/proto/error_book/error_book.pb.go:1006.41,1006.42 0 0
github.com/sparkle/gateway/gen/proto/error_book/error_book.pb.go:1008.63,1010.14 2 0
github.com/sparkle/gateway/gen/proto/error_book/error_book.pb.go:1010.14,1012.34 2 0
github.com/sparkle/gateway/gen/proto/error_book/error_book.pb.go:1012.34,1014.4 1 0
github.com/sparkle/gateway/gen/proto/error_book/error_book.pb.go:1015.3,1015.12 1 0
github.com/sparkle/gateway/gen/proto/error_book/error_book.pb.go:1017.2,1017.24 1 0
github.com/sparkle/gateway/gen/proto/error_book/error_book.pb.go:1021.54,1023.2 1 0
github.com/sparkle/gateway/gen/proto/error_book/error_book.pb.go:1025.47,1026.14 1 0
github.com/sparkle/gateway/gen/proto/error_book/error_book.pb.go:1026.14,1028.3 1 0
github.com/sparkle/gateway/gen/proto/error_book/error_book.pb.go:1029.2,1029.11 1 0
github.com/sparkle/gateway/gen/proto/error_book/error_book.pb.go:1032.46,1033.14 1 0
github.com/sparkle/gateway/gen/proto/error_book/error_book.pb.go:1033.14,1035.3 1 0
github.com/sparkle/gateway/gen/proto/error_book/error_book.pb.go:1036.2,1036.11 1 0
github.com/sparkle/gateway/gen/proto/error_book/error_book.pb.go:1055.38,1060.2 4 0
github.com/sparkle/gateway/gen/proto/error_book/error_book.pb.go:1062.46,1064.2 1 0
github.com/sparkle/gateway/gen/proto/error_book/error_book.pb.go:1066.44,1066.45 0 0
github.com/sparkle/gateway/gen/proto/error_book/error_book.pb.go:1068.66,1070.14 2 0
github.com/sparkle/gateway/gen/proto/error_book/error_book.pb.go:1070.14,1072.34 2 0
github.com/sparkle/gateway/gen/proto/error_book/error_book.pb.go:1072.34,1074.4 1 0
github.com/sparkle/gateway/gen/proto/error_book/error_book.pb.go:1075.3,1075.12 1 0
github.com/sparkle/gateway/gen/proto/error_book/error_book.pb.go:1077.2,1077.24 1 0
github.com/sparkle/gateway/gen/proto/error_book/error_book.pb.go:1081.57,1083.2 1 0
github.com/sparkle/gateway/gen/proto/error_book/error_book.pb.go:1085.50,1086.14 1 0
github.com/sparkle/gateway/gen/proto/error_book/error_book.pb.go:1086.14,1088.3 1 0
github.com/sparkle/gateway/gen/proto/error_book/error_book.pb.go:1089.2,1089.11 1 0
github.com/sparkle/gateway/gen/proto/error_book/error_book.pb.go:1092.49,1093.14 1 0
github.com/sparkle/gateway/gen/proto/error_book/error_book.pb.go:1093.14,1095.3 1 0
github.com/sparkle/gateway/gen/proto/error_book/error_book.pb.go:1096.2,1096.11 1 0
github.com/sparkle/gateway/gen/proto/error_book/error_book.pb.go:1099.55,1100.39 1 0
github.com/sparkle/gateway/gen/proto/error_book/error_book.pb.go:1100.39,1102.3 1 0
github.com/sparkle/gateway/gen/proto/error_book/error_book.pb.go:1103.2,1103.11 1 0
github.com/sparkle/gateway/gen/proto/error_book/error_book.pb.go:1106.53,1107.37 1 0
github.com/sparkle/gateway/gen/proto/error_book/error_book.pb.go:1107.37,1109.3 1 0
github.com/sparkle/gateway/gen/proto/error_book/error_book.pb.go:1110.2,1110.11 1 0
github.com/sparkle/gateway/gen/proto/error_book/error_book.pb.go:1113.56,1114.40 1 0
github.com/sparkle/gateway/gen/proto/error_book/error_book.pb.go:1114.40,1116.3 1 0
github.com/sparkle/gateway/gen/proto/error_book/error_book.pb.go:1117.2,1117.11 1 0
github.com/sparkle/gateway/gen/proto/error_book/error_book.pb.go:1120.54,1121.38 1 0
github.com/sparkle/gateway/gen/proto/error_book/error_book.pb.go:1121.38,1123.3 1 0
github.com/sparkle/gateway/gen/proto/error_book/error_book.pb.go:1124.2,1124.11 1 0
github.com/sparkle/gateway/gen/proto/error_book/error_book.pb.go:1127.50,1128.34 1 0
github.com/sparkle/gateway/gen/proto/error_book/error_book.pb.go:1128.34,1130.3 1 0
github.com/sparkle/gateway/gen/proto/error_book/error_book.pb.go:1131.2,1131.11 1 0
github.com/sparkle/gateway/gen/proto/error_book/error_book.pb.go:1134.59,1135.43 1 0
github.com/sparkle/gateway/gen/proto/error_book/error_book.pb.go:1135.43,1137.3 1 0
github.com/sparkle/gateway/gen/proto/error_book/error_book.pb.go:1138.2,1138.11 1 0
github.com/sparkle/gateway/gen/proto/error_book/error_book.pb.go:1141.58,1142.14 1 0
github.com/sparkle/gateway/gen/proto/error_book/error_book.pb.go:1142.14,1144.3 1 0
github.com/sparkle/gateway/gen/proto/error_book/error_book.pb.go:1145.2,1145.12 1 0
github.com/sparkle/gateway/gen/proto/error_book/error_book.pb.go:1148.60,1149.44 1 0
github.com/sparkle/gateway/gen/proto/error_book/error_book.pb.go:1149.44,1151.3 1 0
github.com/sparkle/gateway/gen/proto/error_book/error_book.pb.go:1152.2,1152.11 1 0
github.com/sparkle/gateway/gen/proto/error_book/error_book.pb.go:1163.38,1168.2 4 0
github.com/sparkle/gateway/gen/proto/error_book/error_book.pb.go:1170.46,1172.2 1 0
github.com/sparkle/gateway/gen/proto/error_book/error_book.pb.go:1174.44,1174.45 0 0
github.com/sparkle/gateway/gen/proto/error_book/error_book.pb.go:1176.66,1178.14 2 0
github.com/sparkle/gateway/gen/proto/error_book/error_book.pb.go:1178.14,1180.34 2 0
github.com/sparkle/gateway/gen/proto/error_book/error_book.pb.go:1180.34,1182.4 1 0
github.com/sparkle/gateway/gen/proto/error_book/error_book.pb.go:1183.3,1183.12 1 0
github.com/sparkle/gateway/gen/proto/error_book/error_book.pb.go:1185.2,1185.24 1 0
github.com/sparkle/gateway/gen/proto/error_book/error_book.pb.go:1189.57,1191.2 1 0
github.com/sparkle/gateway/gen/proto/error_book/error_book.pb.go:1193.50,1194.14 1 0
github.com/sparkle/gateway/gen/proto/error_book/error_book.pb.go:1194.14,1196.3 1 0
github.com/sparkle/gateway/gen/proto/error_book/error_book.pb.go:1197.2,1197.11 1 0
github.com/sparkle/gateway/gen/proto/error_book/error_book.pb.go:1200.49,1201.14 1 0
github.com/sparkle/gateway/gen/proto/error_book/error_book.pb.go:1201.14,1203.3 1 0
github.com/sparkle/gateway/gen/proto/error_book/error_book.pb.go:1204.2,1204.11 1 0
github.com/sparkle/gateway/gen/proto/error_book/error_book.pb.go:1214.39,1219.2 4 0
github.com/sparkle/gateway/gen/proto/error_book/error_book.pb.go:1221.47,1223.2 1 0
github.com/sparkle/gateway/gen/proto/error_book/error_book.pb.go:1225.45,1225.46 0 0
github.com/sparkle/gateway/gen/proto/error_book/error_book.pb.go:1227.67,1229.14 2 0
github.com/sparkle/gateway/gen/proto/error_book/error_book.pb.go:1229.14,1231.34 2 0
github.com/sparkle/gateway/gen/proto/error_book/error_book.pb.go:1231.34,1233.4 1 0
github.com/sparkle/gateway/gen/proto/error_book/error_book.pb.go:1234.3,1234.12 1 0
github.com/sparkle/gateway/gen/proto/error_book/error_book.pb.go:1236.2,1236.24 1 0
github.com/sparkle/gateway/gen/proto/error_book/error_book.pb.go:1240.58,1242.2 1 0
github.com/sparkle/gateway/gen/proto/error_book/error_book.pb.go:1244.49,1245.14 1 0
github.com/sparkle/gateway/gen/proto/error_book/error_book.pb.go:1245.14,1247.3 1 0
github.com/sparkle/gateway/gen/proto/error_book/error_book.pb.go:1248.2,1248.14 1 0
github.com/sparkle/gateway/gen/proto/error_book/error_book.pb.go:1259.39,1264.2 4 0
github.com/sparkle/gateway/gen/proto/error_book/error_book.pb.go:1266.47,1268.2 1 0
github.com/sparkle/gateway/gen/proto/error_book/error_book.pb.go:1270.45,1270.46 0 0
github.com/sparkle/gateway/gen/proto/error_book/error_book.pb.go:1272.67,1274.14 2 0
github.com/sparkle/gateway/gen/proto/error_book/error_book.pb.go:1274.14,1276.34 2 0
github.com/sparkle/gateway/gen/proto/error_book/error_book.pb.go:1276.34,1278.4 1 0
github.com/sparkle/gateway/gen/proto/error_book/error_book.pb.go:1279.3,1279.12 1 0
github.com/sparkle/gateway/gen/proto/error_book/error_book.pb.go:1281.2,1281.24 1 0
github.com/sparkle/gateway/gen/proto/error_book/error_book.pb.go:1285.58,1287.2 1 0
github.com/sparkle/gateway/gen/proto/error_book/error_book.pb.go:1289.51,1290.14 1 0
github.com/sparkle/gateway/gen/proto/error_book/error_book.pb.go:1290.14,1292.3 1 0
github.com/sparkle/gateway/gen/proto/error_book/error_book.pb.go:1293.2,1293.11 1 0
github.com/sparkle/gateway/gen/proto/error_book/error_book.pb.go:1296.50,1297.14 1 0
github.com/sparkle/gateway/gen/proto/error_book/error_book.pb.go:1297.14,1299.3 1 0
github.com/sparkle/gateway/gen/proto/error_book/error_book.pb.go:1300.2,1300.11 1 0
github.com/sparkle/gateway/gen/proto/error_book/error_book.pb.go:1310.40,1315.2 4 0
github.com/sparkle/gateway/gen/proto/error_book/error_book.pb.go:1317.48,1319.2 1 0
github.com/sparkle/gateway/gen/proto/error_book/error_book.pb.go:1321.46,1321.47 0 0
github.com/sparkle/gateway/gen/proto/error_book/error_book.pb.go:1323.68,1325.14 2 0
github.com/sparkle/gateway/gen/proto/error_book/error_book.pb.go:1325.14,1327.34 2 0
github.com/sparkle/gateway/gen/proto/error_book/error_book.pb.go:1327.34,1329.4 1 0
github.com/sparkle/gateway/gen/proto/error_book/error_book.pb.go:1330.3,1330.12 1 0
github.com/sparkle/gateway/gen/proto/error_book/error_book.pb.go:1332.2,1332.24 1 0
github.com/sparkle/gateway/gen/proto/error_book/error_book.pb.go:1336.59,1338.2 1 0
github.com/sparkle/gateway/gen/proto/error_book/error_book.pb.go:1340.52,1341.14 1 0
github.com/sparkle/gateway/gen/proto/error_book/error_book.pb.go:1341.14,1343.3 1 0
github.com/sparkle/gateway/gen/proto/error_book/error_book.pb.go:1344.2,1344.11 1 0
github.com/sparkle/gateway/gen/proto/error_book/error_book.pb.go:1357.39,1362.2 4 0
github.com/sparkle/gateway/gen/proto/error_book/error_book.pb.go:1364.47,1366.2 1 0
github.com/sparkle/gateway/gen/proto/error_book/error_book.pb.go:1368.45,1368.46 0 0
github.com/sparkle/gateway/gen/proto/error_book/error_book.pb.go:1370.67,1372.14 2 0
github.com/sparkle/gateway/gen/proto/error_book/error_book.pb.go:1372.14,1374.34 2 0
github.com/sparkle/gateway/gen/proto/error_book/error_book.pb.go:1374.34,1376.4 1 0
github.com/sparkle/gateway/gen/proto/error_book/error_book.pb.go:1377.3,1377.12 1 0
github.com/sparkle/gateway/gen/proto/error_book/error_book.pb.go:1379.2,1379.24 1 0
github.com/sparkle/gateway/gen/proto/error_book/error_book.pb.go:1383.58,1385.2 1 0
github.com/sparkle/gateway/gen/proto/error_book/error_book.pb.go:1387.51,1388.14 1 0
github.com/sparkle/gateway/gen/proto/error_book/error_book.pb.go:1388.14,1390.3 1 0
github.com/sparkle/gateway/gen/proto/error_book/error_book.pb.go:1391.2,1391.11 1 0
github.com/sparkle/gateway/gen/proto/error_book/error_book.pb.go:1394.50,1395.14 1 0
github.com/sparkle/gateway/gen/proto/error_book/error_book.pb.go:1395.14,1397.3 1 0
github.com/sparkle/gateway/gen/proto/error_book/error_book.pb.go:1398.2,1398.11 1 0
github.com/sparkle/gateway/gen/proto/error_book/error_book.pb.go:1401.55,1402.14 1 0
github.com/sparkle/gateway/gen/proto/error_book/error_book.pb.go:1402.14,1404.3 1 0
github.com/sparkle/gateway/gen/proto/error_book/error_book.pb.go:1405.2,1405.11 1 0
github.com/sparkle/gateway/gen/proto/error_book/error_book.pb.go:1408.59,1409.14 1 0
github.com/sparkle/gateway/gen/proto/error_book/error_book.pb.go:1409.14,1411.3 1 0
github.com/sparkle/gateway/gen/proto/error_book/error_book.pb.go:1412.2,1412.10 1 0
github.com/sparkle/gateway/gen/proto/error_book/error_book.pb.go:1422.41,1427.2 4 0
github.com/sparkle/gateway/gen/proto/error_book/error_book.pb.go:1429.49,1431.2 1 0
github.com/sparkle/gateway/gen/proto/error_book/error_book.pb.go:1433.47,1433.48 0 0
github.com/sparkle/gateway/gen/proto/error_book/error_book.pb.go:1435.69,1437.14 2 0
github.com/sparkle/gateway/gen/proto/error_book/error_book.pb.go:1437.14,1439.34 2 0
github.com/sparkle/gateway/gen/proto/error_book/error_book.pb.go:1439.34,1441.4 1 0
github.com/sparkle/gateway/gen/proto/error_book/error_book.pb.go:1442.3,1442.12 1 0
github.com/sparkle/gateway/gen/proto/error_book/error_book.pb.go:1444.2,1444.24 1 0
github.com/sparkle/gateway/gen/proto/error_book/error_book.pb.go:1448.60,1450.2 1 0
github.com/sparkle/gateway/gen/proto/error_book/error_book.pb.go:1452.52,1453.14 1 0
github.com/sparkle/gateway/gen/proto/error_book/error_book.pb.go:1453.14,1455.3 1 0
github.com/sparkle/gateway/gen/proto/error_book/error_book.pb.go:1456.2,1456.11 1 0
github.com/sparkle/gateway/gen/proto/error_book/error_book.pb.go:1470.39,1475.2 4 0
github.com/sparkle/gateway/gen/proto/error_book/error_book.pb.go:1477.47,1479.2 1 0
github.com/sparkle/gateway/gen/proto/error_book/error_book.pb.go:1481.45,1481.46 0 0
github.com/sparkle/gateway/gen/proto/error_book/error_book.pb.go:1483.67,1485.14 2 0
github.com/sparkle/gateway/gen/proto/error_book/error_book.pb.go:1485.14,1487.34 2 0
github.com/sparkle/gateway/gen/proto/error_book/error_book.pb.go:1487.34,1489.4 1 0
github.com/sparkle/gateway/gen/proto/error_book/error_book.pb.go:1490.3,1490.12 1 0
github.com/sparkle/gateway/gen/proto/error_book/error_book.pb.go:1492.2,1492.24 1 0
github.com/sparkle/gateway/gen/proto/error_book/error_book.pb.go:1496.58,1498.2 1 0
github.com/sparkle/gateway/gen/proto/error_book/error_book.pb.go:1500.54,1501.14 1 0
github.com/sparkle/gateway/gen/proto/error_book/error_book.pb.go:1501.14,1503.3 1 0
github.com/sparkle/gateway/gen/proto/error_book/error_book.pb.go:1504.2,1504.10 1 0
github.com/sparkle/gateway/gen/proto/error_book/error_book.pb.go:1507.56,1508.14 1 0
github.com/sparkle/gateway/gen/proto/error_book/error_book.pb.go:1508.14,1510.3 1 0
github.com/sparkle/gateway/gen/proto/error_book/error_book.pb.go:1511.2,1511.10 1 0
github.com/sparkle/gateway/gen/proto/error_book/error_book.pb.go:1514.58,1515.14 1 0
github.com/sparkle/gateway/gen/proto/error_book/error_book.pb.go:1515.14,1517.3 1 0
github.com/sparkle/gateway/gen/proto/error_book/error_book.pb.go:1518.2,1518.10 1 0
github.com/sparkle/gateway/gen/proto/error_book/error_book.pb.go:1521.59,1522.14 1 0
github.com/sparkle/gateway/gen/proto/error_book/error_book.pb.go:1522.14,1524.3 1 0
github.com/sparkle/gateway/gen/proto/error_book/error_book.pb.go:1525.2,1525.10 1 0
github.com/sparkle/gateway/gen/proto/error_book/error_book.pb.go:1528.73,1529.14 1 0
github.com/sparkle/gateway/gen/proto/error_book/error_book.pb.go:1529.14,1531.3 1 0
github.com/sparkle/gateway/gen/proto/error_book/error_book.pb.go:1532.2,1532.12 1 0
github.com/sparkle/gateway/gen/proto/error_book/error_book.pb.go:1544.42,1549.2 4 0
github.com/sparkle/gateway/gen/proto/error_book/error_book.pb.go:1551.50,1553.2 1 0
github.com/sparkle/gateway/gen/proto/error_book/error_book.pb.go:1555.48,1555.49 0 0
github.com/sparkle/gateway/gen/proto/error_book/error_book.pb.go:1557.70,1559.14 2 0
github.com/sparkle/gateway/gen/proto/error_book/error_book.pb.go:1559.14,1561.34 2 0
github.com/sparkle/gateway/gen/proto/error_book/error_book.pb.go:1561.34,1563.4 1 0
github.com/sparkle/gateway/gen/proto/error_book/error_book.pb.go:1564.3,1564.12 1 0
github.com/sparkle/gateway/gen/proto/error_book/error_book.pb.go:1566.2,1566.24 1 0
github.com/sparkle/gateway/gen/proto/error_book/error_book.pb.go:1570.61,1572.2 1 0
github.com/sparkle/gateway/gen/proto/error_book/error_book.pb.go:1574.53,1575.14 1 0
github.com/sparkle/gateway/gen/proto/error_book/error_book.pb.go:1575.14,1577.3 1 0
github.com/sparkle/gateway/gen/proto/error_book/error_book.pb.go:1578.2,1578.11 1 0
github.com/sparkle/gateway/gen/proto/error_book/error_book.pb.go:1581.50,1582.14 1 0
github.com/sparkle/gateway/gen/proto/error_book/error_book.pb.go:1582.14,1584.3 1 0
github.com/sparkle/gateway/gen/proto/error_book/error_book.pb.go:1585.2,1585.10 1 0
github.com/sparkle/gateway/gen/proto/error_book/error_book.pb.go:1588.54,1589.14 1 0
github.com/sparkle/gateway/gen/proto/error_book/error_book.pb.go:1589.14,1591.3 1 0
github.com/sparkle/gateway/gen/proto/error_book/error_book.pb.go:1592.2,1592.10 1 0
github.com/sparkle/gateway/gen/proto/error_book/error_book.pb.go:1955.49,1956.46 1 0
github.com/sparkle/gateway/gen/proto/error_book/error_book.pb.go:1956.46,1958.3 1 0
github.com/sparkle/gateway/gen/proto/error_book/error_book.pb.go:1959.2,1959.42 1 0
github.com/sparkle/gateway/gen/proto/error_book/error_book.pb.go:2028.13,2028.45 1 0
github.com/sparkle/gateway/gen/proto/error_book/error_book.pb.go:2029.35,2030.34 1 0
github.com/sparkle/gateway/gen/proto/error_book/error_book.pb.go:2030.34,2032.3 1 0
github.com/sparkle/gateway/gen/proto/error_book/error_book.pb.go:2033.2,2052.37 8 0
github.com/sparkle/gateway/gen/proto/error_book/error_book_grpc.pb.go:64.84,66.2 1 0
github.com/sparkle/gateway/gen/proto/error_book/error_book_grpc.pb.go:68.138,72.16 4 0
github.com/sparkle/gateway/gen/proto/error_book/error_book_grpc.pb.go:72.16,74.3 1 0
github.com/sparkle/gateway/gen/proto/error_book/error_book_grpc.pb.go:75.2,75.17 1 0
github.com/sparkle/gateway/gen/proto/error_book/error_book_grpc.pb.go:78.143,82.16 4 0
github.com/sparkle/gateway/gen/proto/error_book/error_book_grpc.pb.go:82.16,84.3 1 0
github.com/sparkle/gateway/gen/proto/error_book/error_book_grpc.pb.go:85.2,85.17 1 0
github.com/sparkle/gateway/gen/proto/error_book/error_book_grpc.pb.go:88.132,92.16 4 0
github.com/sparkle/gateway/gen/proto/error_book/error_book_grpc.pb.go:92.16,94.3 1 0
github.com/sparkle/gateway/gen/proto/error_book/error_book_grpc.pb.go:95.2,95.17 1 0
github.com/sparkle/gateway/gen/proto/error_book/error_book_grpc.pb.go:98.156,102.16 4 0
github.com/sparkle/gateway/gen/proto/error_book/error_book_grpc.pb.go:102.16,104.3 1 0
github.com/sparkle/gateway/gen/proto/error_book/error_book_grpc.pb.go:105.2,105.17 1 0
github.com/sparkle/gateway/gen/proto/error_book/error_book_grpc.pb.go:108.138,112.16 4 0
github.com/sparkle/gateway/gen/proto/error_book/error_book_grpc.pb.go:112.16,114.3 1 0
github.com/sparkle/gateway/gen/proto/error_book/error_book_grpc.pb.go:115.2,115.17 1 0
github.com/sparkle/gateway/gen/proto/error_book/error_book_grpc.pb.go:118.146,122.16 4 0
github.com/sparkle/gateway/gen/proto/error_book/error_book_grpc.pb.go:122.16,124.3 1 0
github.com/sparkle/gateway/gen/proto/error_book/error_book_grpc.pb.go:125.2,125.17 1 0
github.com/sparkle/gateway/gen/proto/error_book/error_book_grpc.pb.go:128.149,132.16 4 0
github.com/sparkle/gateway/gen/proto/error_book/error_book_grpc.pb.go:132.16,134.3 1 0
github.com/sparkle/gateway/gen/proto/error_book/error_book_grpc.pb.go:135.2,135.17 1 0
github.com/sparkle/gateway/gen/proto/error_book/error_book_grpc.pb.go:138.140,142.16 4 0
github.com/sparkle/gateway/gen/proto/error_book/error_book_grpc.pb.go:142.16,144.3 1 0
github.com/sparkle/gateway/gen/proto/error_book/error_book_grpc.pb.go:145.2,145.17 1 0
github.com/sparkle/gateway/gen/proto/error_book/error_book_grpc.pb.go:148.152,152.16 4 0
github.com/sparkle/gateway/gen/proto/error_book/error_book_grpc.pb.go:152.16,154.3 1 0
github.com/sparkle/gateway/gen/proto/error_book/error_book_grpc.pb.go:155.2,155.17 1 0
github.com/sparkle/gateway/gen/proto/error_book/error_book_grpc.pb.go:158.153,162.16 4 0
github.com/sparkle/gateway/gen/proto/error_book/error_book_grpc.pb.go:162.16,164.3 1 0
github.com/sparkle/gateway/gen/proto/error_book/error_book_grpc.pb.go:165.2,165.17 1 0
github.com/sparkle/gateway/gen/proto/error_book/error_book_grpc.pb.go:202.116,204.2 1 0
github.com/sparkle/gateway/gen/proto/error_book/error_book_grpc.pb.go:205.121,207.2 1 0
github.com/sparkle/gateway/gen/proto/error_book/error_book_grpc.pb.go:208.110,210.2 1 0
github.com/sparkle/gateway/gen/proto/error_book/error_book_grpc.pb.go:211.134,213.2 1 0
github.com/sparkle/gateway/gen/proto/error_book/error_book_grpc.pb.go:214.116,216.2 1 0
github.com/sparkle/gateway/gen/proto/error_book/error_book_grpc.pb.go:217.124,219.2 1 0
github.com/sparkle/gateway/gen/proto/error_book/error_book_grpc.pb.go:220.127,222.2 1 0
github.com/sparkle/gateway/gen/proto/error_book/error_book_grpc.pb.go:223.118,225.2 1 0
github.com/sparkle/gateway/gen/proto/error_book/error_book_grpc.pb.go:226.130,228.2 1 0
github.com/sparkle/gateway/gen/proto/error_book/error_book_grpc.pb.go:229.131,231.2 1 0
github.com/sparkle/gateway/gen/proto/error_book/error_book_grpc.pb.go:232.92,232.93 0 0
github.com/sparkle/gateway/gen/proto/error_book/error_book_grpc.pb.go:233.92,233.93 0 0
github.com/sparkle/gateway/gen/proto/error_book/error_book_grpc.pb.go:242.90,247.59 1 0
github.com/sparkle/gateway/gen/proto/error_book/error_book_grpc.pb.go:247.59,249.3 1 0
github.com/sparkle/gateway/gen/proto/error_book/error_book_grpc.pb.go:250.2,250.55 1 0
github.com/sparkle/gateway/gen/proto/error_book/error_book_grpc.pb.go:253.173,255.32 2 0
github.com/sparkle/gateway/gen/proto/error_book/error_book_grpc.pb.go:255.32,257.3 1 0
github.com/sparkle/gateway/gen/proto/error_book/error_book_grpc.pb.go:258.2,258.24 1 0
github.com/sparkle/gateway/gen/proto/error_book/error_book_grpc.pb.go:258.24,260.3 1 0
github.com/sparkle/gateway/gen/proto/error_book/error_book_grpc.pb.go:261.2,265.77 2 0
github.com/sparkle/gateway/gen/proto/error_book/error_book_grpc.pb.go:265.77,267.3 1 0
github.com/sparkle/gateway/gen/proto/error_book/error_book_grpc.pb.go:268.2,268.44 1 0
github.com/sparkle/gateway/gen/proto/error_book/error_book_grpc.pb.go:271.172,273.32 2 0
github.com/sparkle/gateway/gen/proto/error_book/error_book_grpc.pb.go:273.32,275.3 1 0
github.com/sparkle/gateway/gen/proto/error_book/error_book_grpc.pb.go:276.2,276.24 1 0
github.com/sparkle/gateway/gen/proto/error_book/error_book_grpc.pb.go:276.24,278.3 1 0
github.com/sparkle/gateway/gen/proto/error_book/error_book_grpc.pb.go:279.2,283.77 2 0
github.com/sparkle/gateway/gen/proto/error_book/error_book_grpc.pb.go:283.77,285.3 1 0
github.com/sparkle/gateway/gen/proto/error_book/error_book_grpc.pb.go:286.2,286.44 1 0
github.com/sparkle/gateway/gen/proto/error_book/error_book_grpc.pb.go:289.170,291.32 2 0
github.com/sparkle/gateway/gen/proto/error_book/error_book_grpc.pb.go:291.32,293.3 1 0
github.com/sparkle/gateway/gen/proto/error_book/error_book_grpc.pb.go:294.2,294.24 1 0
github.com/sparkle/gateway/gen/proto/error_book/error_book_grpc.pb.go:294.24,296.3 1 0
github.com/sparkle/gateway/gen/proto/error_book/error_book_grpc.pb.go:297.2,301.77 2 0
github.com/sparkle/gateway/gen/proto/error_book/error_book_grpc.pb.go:301.77,303.3 1 0
github.com/sparkle/gateway/gen/proto/error_book/error_book_grpc.pb.go:304.2,304.44 1 0
github.com/sparkle/gateway/gen/proto/error_book/error_book_grpc.pb.go:307.185,309.32 2 0
github.com/sparkle/gateway/gen/proto/error_book/error_book_grpc.pb.go:309.32,311.3 1 0
github.com/sparkle/gateway/gen/proto/error_book/error_book_grpc.pb.go:312.2,312.24 1 0
github.com/sparkle/gateway/gen/proto/error_book/error_book_grpc.pb.go:312.24,314.3 1 0
github.com/sparkle/gateway/gen/proto/error_book/error_book_grpc.pb.go:315.2,319.77 2 0
github.com/sparkle/gateway/gen/proto/error_book/error_book_grpc.pb.go:319.77,321.3 1 0
github.com/sparkle/gateway/gen/proto/error_book/error_book_grpc.pb.go:322.2,322.44 1 0
github.com/sparkle/gateway/gen/proto/error_book/error_book_grpc.pb.go:325.173,327.32 2 0
github.com/sparkle/gateway/gen/proto/error_book/error_book_grpc.pb.go:327.32,329.3 1 0
github.com/sparkle/gateway/gen/proto/error_book/error_book_grpc.pb.go:330.2,330.24 1 0
github.com/sparkle/gateway/gen/proto/error_book/error_book_grpc.pb.go:330.24,332.3 1 0
github.com/sparkle/gateway/gen/proto/error_book/error_book_grpc.pb.go:333.2,337.77 2 0
github.com/sparkle/gateway/gen/proto/error_book/error_book_grpc.pb.go:337.77,339.3 1 0
github.com/sparkle/gateway/gen/proto/error_book/error_book_grpc.pb.go:340.2,340.44 1 0
github.com/sparkle/gateway/gen/proto/error_book/error_book_grpc.pb.go:343.173,345.32 2 0
github.com/sparkle/gateway/gen/proto/error_book/error_book_grpc.pb.go:345.32,347.3 1 0
github.com/sparkle/gateway/gen/proto/error_book/error_book_grpc.pb.go:348.2,348.24 1 0
github.com/sparkle/gateway/gen/proto/error_book/error_book_grpc.pb.go:348.24,350.3 1 0
github.com/sparkle/gateway/gen/proto/error_book/error_book_grpc.pb.go:351.2,355.77 2 0
github.com/sparkle/gateway/gen/proto/error_book/error_book_grpc.pb.go:355.77,357.3 1 0
github.com/sparkle/gateway/gen/proto/error_book/error_book_grpc.pb.go:358.2,358.44 1 0
github.com/sparkle/gateway/gen/proto/error_book/error_book_grpc.pb.go:361.174,363.32 2 0
github.com/sparkle/gateway/gen/proto/error_book/error_book_grpc.pb.go:363.32,365.3 1 0
github.com/sparkle/gateway/gen/proto/error_book/error_book_grpc.pb.go:366.2,366.24 1 0
github.com/sparkle/gateway/gen/proto/error_book/error_book_grpc.pb.go:366.24,368.3 1 0
github.com/sparkle/gateway/gen/proto/error_book/error_book_grpc.pb.go:369.2,373.77 2 0
github.com/sparkle/gateway/gen/proto/error_book/error_book_grpc.pb.go:373.77,375.3 1 0
github.com/sparkle/gateway/gen/proto/error_book/error_book_grpc.pb.go:376.2,376.44 1 0
github.com/sparkle/gateway/gen/proto/error_book/error_book_grpc.pb.go:379.174,381.32 2 0
github.com/sparkle/gateway/gen/proto/error_book/error_book_grpc.pb.go:381.32,383.3 1 0
github.com/sparkle/gateway/gen/proto/error_book/error_book_grpc.pb.go:384.2,384.24 1 0
github.com/sparkle/gateway/gen/proto/error_book/error_book_grpc.pb.go:384.24,386.3 1 0
github.com/sparkle/gateway/gen/proto/error_book/error_book_grpc.pb.go:387.2,391.77 2 0
github.com/sparkle/gateway/gen/proto/error_book/error_book_grpc.pb.go:391.77,393.3 1 0
github.com/sparkle/gateway/gen/proto/error_book/error_book_grpc.pb.go:394.2,394.44 1 0
github.com/sparkle/gateway/gen/proto/error_book/error_book_grpc.pb.go:397.176,399.32 2 0
github.com/sparkle/gateway/gen/proto/error_book/error_book_grpc.pb.go:399.32,401.3 1 0
github.com/sparkle/gateway/gen/proto/error_book/error_book_grpc.pb.go:402.2,402.24 1 0
github.com/sparkle/gateway/gen/proto/error_book/error_book_grpc.pb.go:402.24,404.3 1 0
github.com/sparkle/gateway/gen/proto/error_book/error_book_grpc.pb.go:405.2,409.77 2 0
github.com/sparkle/gateway/gen/proto/error_book/error_book_grpc.pb.go:409.77,411.3 1 0
github.com/sparkle/gateway/gen/proto/error_book/error_book_grpc.pb.go:412.2,412.44 1 0
github.com/sparkle/gateway/gen/proto/error_book/error_book_grpc.pb.go:415.177,417.32 2 0
github.com/sparkle/gateway/gen/proto/error_book/error_book_grpc.pb.go:417.32,419.3 1 0
github.com/sparkle/gateway/gen/proto/error_book/error_book_grpc.pb.go:420.2,420.24 1 0
github.com/sparkle/gateway/gen/proto/error_book/error_book_grpc.pb.go:420.24,422.3 1 0
github.com/sparkle/gateway/gen/proto/error_book/error_book_grpc.pb.go:423.2,427.77 2 0
github.com/sparkle/gateway/gen/proto/error_book/error_book_grpc.pb.go:427.77,429.3 1 0
github.com/sparkle/gateway/gen/proto/error_book/error_book_grpc.pb.go:430.2,430.44 1 0
github.com/sparkle/gateway/internal/cqrs/event/bus.go:48.41,50.2 1 0
github.com/sparkle/gateway/internal/cqrs/event/bus.go:70.55,77.2 1 0
github.com/sparkle/gateway/internal/cqrs/event/bus.go:93.46,95.2 1 0
github.com/sparkle/gateway/internal/cqrs/event/redis_bus.go:33.57,38.2 1 0
github.com/sparkle/gateway/internal/cqrs/event/redis_bus.go:41.90,43.19 2 0
github.com/sparkle/gateway/internal/cqrs/event/redis_bus.go:43.19,45.3 1 0
github.com/sparkle/gateway/internal/cqrs/event/redis_bus.go:47.2,51.3 1 0
github.com/sparkle/gateway/internal/cqrs/event/redis_bus.go:55.79,59.16 3 0
github.com/sparkle/gateway/internal/cqrs/event/redis_bus.go:59.16,61.3 1 0
github.com/sparkle/gateway/internal/cqrs/event/redis_bus.go:63.2,64.16 2 0
github.com/sparkle/gateway/internal/cqrs/event/redis_bus.go:64.16,66.3 1 0
github.com/sparkle/gateway/internal/cqrs/event/redis_bus.go:68.2,83.18 2 0
github.com/sparkle/gateway/internal/cqrs/event/redis_bus.go:83.18,86.3 2 0
github.com/sparkle/gateway/internal/cqrs/event/redis_bus.go:88.2,89.16 2 0
github.com/sparkle/gateway/internal/cqrs/event/redis_bus.go:89.16,91.3 1 0
github.com/sparkle/gateway/internal/cqrs/event/redis_bus.go:93.2,93.12 1 0
github.com/sparkle/gateway/internal/cqrs/event/redis_bus.go:97.87,98.22 1 0
github.com/sparkle/gateway/internal/cqrs/event/redis_bus.go:98.22,100.3 1 0
github.com/sparkle/gateway/internal/cqrs/event/redis_bus.go:102.2,104.31 2 0
github.com/sparkle/gateway/internal/cqrs/event/redis_bus.go:104.31,108.17 3 0
github.com/sparkle/gateway/internal/cqrs/event/redis_bus.go:108.17,110.4 1 0
github.com/sparkle/gateway/internal/cqrs/event/redis_bus.go:112.3,113.17 2 0
github.com/sparkle/gateway/internal/cqrs/event/redis_bus.go:113.17,115.4 1 0
github.com/sparkle/gateway/internal/cqrs/event/redis_bus.go:117.3,131.19 2 0
github.com/sparkle/gateway/internal/cqrs/event/redis_bus.go:131.19,134.4 2 0
github.com/sparkle/gateway/internal/cqrs/event/redis_bus.go:136.3,136.23 1 0
github.com/sparkle/gateway/internal/cqrs/event/redis_bus.go:139.2,140.16 2 0
github.com/sparkle/gateway/internal/cqrs/event/redis_bus.go:140.16,142.3 1 0
github.com/sparkle/gateway/internal/cqrs/event/redis_bus.go:144.2,144.12 1 0
github.com/sparkle/gateway/internal/cqrs/event/redis_bus.go:148.39,150.2 1 0
github.com/sparkle/gateway/internal/cqrs/event/redis_bus.go:159.99,161.19 2 0
github.com/sparkle/gateway/internal/cqrs/event/redis_bus.go:161.19,163.3 1 0
github.com/sparkle/gateway/internal/cqrs/event/redis_bus.go:165.2,168.3 1 0
github.com/sparkle/gateway/internal/cqrs/event/redis_bus.go:176.9,179.81 2 0
github.com/sparkle/gateway/internal/cqrs/event/redis_bus.go:179.81,181.3 1 0
github.com/sparkle/gateway/internal/cqrs/event/redis_bus.go:183.2,183.6 1 0
github.com/sparkle/gateway/internal/cqrs/event/redis_bus.go:183.6,184.10 1 0
github.com/sparkle/gateway/internal/cqrs/event/redis_bus.go:185.21,186.20 1 0
github.com/sparkle/gateway/internal/cqrs/event/redis_bus.go:187.11,188.86 1 0
github.com/sparkle/gateway/internal/cqrs/event/redis_bus.go:188.86,192.5 1 0
github.com/sparkle/gateway/internal/cqrs/event/redis_bus.go:201.9,210.16 2 0
github.com/sparkle/gateway/internal/cqrs/event/redis_bus.go:210.16,211.23 1 0
github.com/sparkle/gateway/internal/cqrs/event/redis_bus.go:211.23,213.4 1 0
github.com/sparkle/gateway/internal/cqrs/event/redis_bus.go:214.3,214.43 1 0
github.com/sparkle/gateway/internal/cqrs/event/redis_bus.go:217.2,217.33 1 0
github.com/sparkle/gateway/internal/cqrs/event/redis_bus.go:217.33,218.39 1 0
github.com/sparkle/gateway/internal/cqrs/event/redis_bus.go:218.39,220.18 2 0
github.com/sparkle/gateway/internal/cqrs/event/redis_bus.go:220.18,222.13 1 0
github.com/sparkle/gateway/internal/cqrs/event/redis_bus.go:225.4,225.55 1 0
github.com/sparkle/gateway/internal/cqrs/event/redis_bus.go:225.55,227.13 1 0
github.com/sparkle/gateway/internal/cqrs/event/redis_bus.go:230.4,230.33 1 0
github.com/sparkle/gateway/internal/cqrs/event/redis_bus.go:230.33,231.72 1 0
github.com/sparkle/gateway/internal/cqrs/event/redis_bus.go:231.72,233.14 1 0
github.com/sparkle/gateway/internal/cqrs/event/redis_bus.go:239.2,239.12 1 0
github.com/sparkle/gateway/internal/cqrs/event/redis_bus.go:243.105,245.16 2 0
github.com/sparkle/gateway/internal/cqrs/event/redis_bus.go:245.16,247.3 1 0
github.com/sparkle/gateway/internal/cqrs/event/redis_bus.go:248.2,248.12 1 0
github.com/sparkle/gateway/internal/cqrs/event/redis_bus.go:252.107,254.16 2 0
github.com/sparkle/gateway/internal/cqrs/event/redis_bus.go:254.16,256.3 1 0
github.com/sparkle/gateway/internal/cqrs/event/redis_bus.go:257.2,257.24 1 0
github.com/sparkle/gateway/internal/cqrs/event/redis_bus.go:261.44,263.2 1 0
github.com/sparkle/gateway/internal/cqrs/event/redis_bus.go:266.66,271.9 3 0
github.com/sparkle/gateway/internal/cqrs/event/redis_bus.go:271.9,273.3 1 0
github.com/sparkle/gateway/internal/cqrs/event/redis_bus.go:274.2,277.9 3 0
github.com/sparkle/gateway/internal/cqrs/event/redis_bus.go:277.9,279.3 1 0
github.com/sparkle/gateway/internal/cqrs/event/redis_bus.go:280.2,283.9 3 0
github.com/sparkle/gateway/internal/cqrs/event/redis_bus.go:283.9,285.3 1 0
github.com/sparkle/gateway/internal/cqrs/event/redis_bus.go:286.2,289.9 3 0
github.com/sparkle/gateway/internal/cqrs/event/redis_bus.go:289.9,291.3 1 0
github.com/sparkle/gateway/internal/cqrs/event/redis_bus.go:292.2,293.16 2 0
github.com/sparkle/gateway/internal/cqrs/event/redis_bus.go:293.16,295.3 1 0
github.com/sparkle/gateway/internal/cqrs/event/redis_bus.go:296.2,299.9 3 0
github.com/sparkle/gateway/internal/cqrs/event/redis_bus.go:299.9,301.3 1 0
github.com/sparkle/gateway/internal/cqrs/event/redis_bus.go:302.2,303.16 2 0
github.com/sparkle/gateway/internal/cqrs/event/redis_bus.go:303.16,305.3 1 0
github.com/sparkle/gateway/internal/cqrs/event/redis_bus.go:306.2,309.55 2 0
github.com/sparkle/gateway/internal/cqrs/event/redis_bus.go:309.55,313.3 3 0
github.com/sparkle/gateway/internal/cqrs/event/redis_bus.go:313.8,315.3 1 0
github.com/sparkle/gateway/internal/cqrs/event/redis_bus.go:318.2,318.55 1 0
github.com/sparkle/gateway/internal/cqrs/event/redis_bus.go:318.55,319.73 1 0
github.com/sparkle/gateway/internal/cqrs/event/redis_bus.go:319.73,321.4 1 0
github.com/sparkle/gateway/internal/cqrs/event/redis_bus.go:325.2,325.75 1 0
github.com/sparkle/gateway/internal/cqrs/event/redis_bus.go:325.75,326.75 1 0
github.com/sparkle/gateway/internal/cqrs/event/redis_bus.go:326.75,329.4 1 0
github.com/sparkle/gateway/internal/cqrs/event/redis_bus.go:332.2,332.20 1 0
github.com/sparkle/gateway/internal/cqrs/event/redis_bus.go:336.45,338.2 1 0
github.com/sparkle/gateway/internal/cqrs/event/types.go:135.15,146.2 1 0
github.com/sparkle/gateway/internal/cqrs/event/types.go:149.61,151.16 2 0
github.com/sparkle/gateway/internal/cqrs/event/types.go:151.16,153.3 1 0
github.com/sparkle/gateway/internal/cqrs/event/types.go:155.2,156.16 2 0
github.com/sparkle/gateway/internal/cqrs/event/types.go:156.16,158.3 1 0
github.com/sparkle/gateway/internal/cqrs/event/types.go:160.2,169.8 1 0
github.com/sparkle/gateway/internal/cqrs/event/types.go:173.61,175.60 2 0
github.com/sparkle/gateway/internal/cqrs/event/types.go:175.60,177.3 1 0
github.com/sparkle/gateway/internal/cqrs/event/types.go:179.2,180.23 2 0
github.com/sparkle/gateway/internal/cqrs/event/types.go:180.23,181.63 1 0
github.com/sparkle/gateway/internal/cqrs/event/types.go:181.63,183.4 1 0
github.com/sparkle/gateway/internal/cqrs/event/types.go:186.2,195.8 1 0
github.com/sparkle/gateway/internal/cqrs/event/types.go:199.39,200.9 1 0
github.com/sparkle/gateway/internal/cqrs/event/types.go:202.48,203.33 1 0
github.com/sparkle/gateway/internal/cqrs/event/types.go:205.79,206.28 1 0
github.com/sparkle/gateway/internal/cqrs/event/types.go:208.25,209.28 1 0
github.com/sparkle/gateway/internal/cqrs/event/types.go:211.87,212.30 1 0
github.com/sparkle/gateway/internal/cqrs/event/types.go:214.54,215.28 1 0
github.com/sparkle/gateway/internal/cqrs/event/types.go:218.65,219.28 1 0
github.com/sparkle/gateway/internal/cqrs/event/types.go:221.52,222.28 1 0
github.com/sparkle/gateway/internal/cqrs/event/types.go:223.10,224.31 1 0
github.com/sparkle/gateway/internal/cqrs/event/types.go:229.43,230.9 1 0
github.com/sparkle/gateway/internal/cqrs/event/types.go:232.48,233.38 1 0
github.com/sparkle/gateway/internal/cqrs/event/types.go:235.79,236.33 1 0
github.com/sparkle/gateway/internal/cqrs/event/types.go:238.87,239.35 1 0
github.com/sparkle/gateway/internal/cqrs/event/types.go:240.10,241.36 1 0
github.com/sparkle/gateway/gen/agent/v1/agent_service.pb.go:46.44,50.2 3 0
github.com/sparkle/gateway/gen/agent/v1/agent_service.pb.go:52.39,54.2 1 0
github.com/sparkle/gateway/gen/agent/v1/agent_service.pb.go:56.62,58.2 1 0
github.com/sparkle/gateway/gen/agent/v1/agent_service.pb.go:60.50,62.2 1 0
github.com/sparkle/gateway/gen/agent/v1/agent_service.pb.go:64.56,66.2 1 0
github.com/sparkle/gateway/gen/agent/v1/agent_service.pb.go:69.54,71.2 1 0
github.com/sparkle/gateway/gen/agent/v1/agent_service.pb.go:110.48,114.2 3 0
github.com/sparkle/gateway/gen/agent/v1/agent_service.pb.go:116.41,118.2 1 0
github.com/sparkle/gateway/gen/agent/v1/agent_service.pb.go:120.64,122.2 1 0
github.com/sparkle/gateway/gen/agent/v1/agent_service.pb.go:124.52,126.2 1 0
github.com/sparkle/gateway/gen/agent/v1/agent_service.pb.go:128.58,130.2 1 0
github.com/sparkle/gateway/gen/agent/v1/agent_service.pb.go:133.56,135.2 1 0
github.com/sparkle/gateway/gen/agent/v1/agent_service.pb.go:166.56,170.2 3 0
github.com/sparkle/gateway/gen/agent/v1/agent_service.pb.go:172.45,174.2 1 0
github.com/sparkle/gateway/gen/agent/v1/agent_service.pb.go:176.68,178.2 1 0
github.com/sparkle/gateway/gen/agent/v1/agent_service.pb.go:180.56,182.2 1 0
github.com/sparkle/gateway/gen/agent/v1/agent_service.pb.go:184.62,186.2 1 0
github.com/sparkle/gateway/gen/agent/v1/agent_service.pb.go:189.60,191.2 1 0
github.com/sparkle/gateway/gen/agent/v1/agent_service.pb.go:221.70,225.2 3 0
github.com/sparkle/gateway/gen/agent/v1/agent_service.pb.go:227.52,229.2 1 0
github.com/sparkle/gateway/gen/agent/v1/agent_service.pb.go:231.75,233.2 1 0
github.com/sparkle/gateway/gen/agent/v1/agent_service.pb.go:235.63,237.2 1 0
github.com/sparkle/gateway/gen/agent/v1/agent_service.pb.go:239.69,241.2 1 0
github.com/sparkle/gateway/gen/agent/v1/agent_service.pb.go:244.67,246.2 1 0
github.com/sparkle/gateway/gen/agent/v1/agent_service.pb.go:282.44,286.2 3 0
github.com/sparkle/gateway/gen/agent/v1/agent_service.pb.go:288.39,290.2 1 0
github.com/sparkle/gateway/gen/agent/v1/agent_service.pb.go:292.62,294.2 1 0
github.com/sparkle/gateway/gen/agent/v1/agent_service.pb.go:296.50,298.2 1 0
github.com/sparkle/gateway/gen/agent/v1/agent_service.pb.go:300.56,302.2 1 0
github.com/sparkle/gateway/gen/agent/v1/agent_service.pb.go:305.54,307.2 1 0
github.com/sparkle/gateway/gen/agent/v1/agent_service.pb.go:334.54,338.2 3 0
github.com/sparkle/gateway/gen/agent/v1/agent_service.pb.go:340.44,342.2 1 0
github.com/sparkle/gateway/gen/agent/v1/agent_service.pb.go:344.67,346.2 1 0
github.com/sparkle/gateway/gen/agent/v1/agent_service.pb.go:348.55,350.2 1 0
github.com/sparkle/gateway/gen/agent/v1/agent_service.pb.go:352.61,354.2 1 0
github.com/sparkle/gateway/gen/agent/v1/agent_service.pb.go:357.59,359.2 1 0
github.com/sparkle/gateway/gen/agent/v1/agent_service.pb.go:408.38,412.2 3 0
github.com/sparkle/gateway/gen/agent/v1/agent_service.pb.go:414.36,416.2 1 0
github.com/sparkle/gateway/gen/agent/v1/agent_service.pb.go:418.59,420.2 1 0
github.com/sparkle/gateway/gen/agent/v1/agent_service.pb.go:422.47,424.2 1 0
github.com/sparkle/gateway/gen/agent/v1/agent_service.pb.go:426.53,428.2 1 0
github.com/sparkle/gateway/gen/agent/v1/agent_service.pb.go:431.51,433.2 1 0
github.com/sparkle/gateway/gen/agent/v1/agent_service.pb.go:481.38,485.2 3 0
github.com/sparkle/gateway/gen/agent/v1/agent_service.pb.go:487.36,489.2 1 0
github.com/sparkle/gateway/gen/agent/v1/agent_service.pb.go:491.59,493.2 1 0
github.com/sparkle/gateway/gen/agent/v1/agent_service.pb.go:495.47,497.2 1 0
github.com/sparkle/gateway/gen/agent/v1/agent_service.pb.go:499.53,501.2 1 0
github.com/sparkle/gateway/gen/agent/v1/agent_service.pb.go:504.51,506.2 1 0
github.com/sparkle/gateway/gen/agent/v1/agent_service.pb.go:539.54,543.2 3 0
github.com/sparkle/gateway/gen/agent/v1/agent_service.pb.go:545.44,547.2 1 0
github.com/sparkle/gateway/gen/agent/v1/agent_service.pb.go:549.67,551.2 1 0
github.com/sparkle/gateway/gen/agent/v1/agent_service.pb.go:553.55,555.2 1 0
github.com/sparkle/gateway/gen/agent/v1/agent_service.pb.go:557.61,559.2 1 0
github.com/sparkle/gateway/gen/agent/v1/agent_service.pb.go:562.59,564.2 1 0
github.com/sparkle/gateway/gen/agent/v1/agent_service.pb.go:615.31,620.2 4 0
github.com/sparkle/gateway/gen/agent/v1/agent_service.pb.go:622.39,624.2 1 0
github.com/sparkle/gateway/gen/agent/v1/agent_service.pb.go:626.37,626.38 0 0
github.com/sparkle/gateway/gen/agent/v1/agent_service.pb.go:628.59,630.14 2 0
github.com/sparkle/gateway/gen/agent/v1/agent_service.pb.go:630.14,632.34 2 0
github.com/sparkle/gateway/gen/agent/v1/agent_service.pb.go:632.34,634.4 1 0
github.com/sparkle/gateway/gen/agent/v1/agent_service.pb.go:635.3,635.12 1 0
github.com/sparkle/gateway/gen/agent/v1/agent_service.pb.go:637.2,637.24 1 0
github.com/sparkle/gateway/gen/agent/v1/agent_service.pb.go:641.50,643.2 1 0
github.com/sparkle/gateway/gen/agent/v1/agent_service.pb.go:645.42,646.14 1 0
github.com/sparkle/gateway/gen/agent/v1/agent_service.pb.go:646.14,648.3 1 0
github.com/sparkle/gateway/gen/agent/v1/agent_service.pb.go:649.2,649.11 1 0
github.com/sparkle/gateway/gen/agent/v1/agent_service.pb.go:652.45,653.14 1 0
github.com/sparkle/gateway/gen/agent/v1/agent_service.pb.go:653.14,655.3 1 0
github.com/sparkle/gateway/gen/agent/v1/agent_service.pb.go:656.2,656.11 1 0
github.com/sparkle/gateway/gen/agent/v1/agent_service.pb.go:659.54,660.14 1 0
github.com/sparkle/gateway/gen/agent/v1/agent_service.pb.go:660.14,662.3 1 0
github.com/sparkle/gateway/gen/agent/v1/agent_service.pb.go:663.2,663.12 1 0
github.com/sparkle/gateway/gen/agent/v1/agent_service.pb.go:666.43,667.14 1 0
github.com/sparkle/gateway/gen/agent/v1/agent_service.pb.go:667.14,668.50 1 0
github.com/sparkle/gateway/gen/agent/v1/agent_service.pb.go:668.50,670.4 1 0
github.com/sparkle/gateway/gen/agent/v1/agent_service.pb.go:672.2,672.11 1 0
github.com/sparkle/gateway/gen/agent/v1/agent_service.pb.go:675.51,676.14 1 0
github.com/sparkle/gateway/gen/agent/v1/agent_service.pb.go:676.14,677.53 1 0
github.com/sparkle/gateway/gen/agent/v1/agent_service.pb.go:677.53,679.4 1 0
github.com/sparkle/gateway/gen/agent/v1/agent_service.pb.go:681.2,681.12 1 0
github.com/sparkle/gateway/gen/agent/v1/agent_service.pb.go:684.53,685.14 1 0
github.com/sparkle/gateway/gen/agent/v1/agent_service.pb.go:685.14,687.3 1 0
github.com/sparkle/gateway/gen/agent/v1/agent_service.pb.go:688.2,688.12 1 0
github.com/sparkle/gateway/gen/agent/v1/agent_service.pb.go:691.58,692.14 1 0
github.com/sparkle/gateway/gen/agent/v1/agent_service.pb.go:692.14,694.3 1 0
github.com/sparkle/gateway/gen/agent/v1/agent_service.pb.go:695.2,695.12 1 0
github.com/sparkle/gateway/gen/agent/v1/agent_service.pb.go:698.51,699.14 1 0
github.com/sparkle/gateway/gen/agent/v1/agent_service.pb.go:699.14,701.3 1 0
github.com/sparkle/gateway/gen/agent/v1/agent_service.pb.go:702.2,702.12 1 0
github.com/sparkle/gateway/gen/agent/v1/agent_service.pb.go:705.47,706.14 1 0
github.com/sparkle/gateway/gen/agent/v1/agent_service.pb.go:706.14,708.3 1 0
github.com/sparkle/gateway/gen/agent/v1/agent_service.pb.go:709.2,709.12 1 0
github.com/sparkle/gateway/gen/agent/v1/agent_service.pb.go:712.45,713.14 1 0
github.com/sparkle/gateway/gen/agent/v1/agent_service.pb.go:713.14,715.3 1 0
github.com/sparkle/gateway/gen/agent/v1/agent_service.pb.go:716.2,716.11 1 0
github.com/sparkle/gateway/gen/agent/v1/agent_service.pb.go:719.45,720.14 1 0
github.com/sparkle/gateway/gen/agent/v1/agent_service.pb.go:720.14,722.3 1 0
github.com/sparkle/gateway/gen/agent/v1/agent_service.pb.go:723.2,723.12 1 0
github.com/sparkle/gateway/gen/agent/v1/agent_service.pb.go:726.51,727.14 1 0
github.com/sparkle/gateway/gen/agent/v1/agent_service.pb.go:727.14,729.3 1 0
github.com/sparkle/gateway/gen/agent/v1/agent_service.pb.go:730.2,730.14 1 0
github.com/sparkle/gateway/gen/agent/v1/agent_service.pb.go:733.49,734.14 1 0
github.com/sparkle/gateway/gen/agent/v1/agent_service.pb.go:734.14,736.3 1 0
github.com/sparkle/gateway/gen/agent/v1/agent_service.pb.go:737.2,737.12 1 0
github.com/sparkle/gateway/gen/agent/v1/agent_service.pb.go:740.44,741.14 1 0
github.com/sparkle/gateway/gen/agent/v1/agent_service.pb.go:741.14,743.3 1 0
github.com/sparkle/gateway/gen/agent/v1/agent_service.pb.go:744.2,744.11 1 0
github.com/sparkle/gateway/gen/agent/v1/agent_service.pb.go:747.52,748.45 1 0
github.com/sparkle/gateway/gen/agent/v1/agent_service.pb.go:748.45,750.3 1 0
github.com/sparkle/gateway/gen/agent/v1/agent_service.pb.go:751.2,751.14 1 0
github.com/sparkle/gateway/gen/agent/v1/agent_service.pb.go:754.52,755.14 1 0
github.com/sparkle/gateway/gen/agent/v1/agent_service.pb.go:755.14,757.3 1 0
github.com/sparkle/gateway/gen/agent/v1/agent_service.pb.go:758.2,758.12 1 0
github.com/sparkle/gateway/gen/agent/v1/agent_service.pb.go:773.52,773.53 0 0
github.com/sparkle/gateway/gen/agent/v1/agent_service.pb.go:775.55,775.56 0 0
github.com/sparkle/gateway/gen/agent/v1/agent_service.pb.go:798.31,803.2 4 0
github.com/sparkle/gateway/gen/agent/v1/agent_service.pb.go:805.39,807.2 1 0
github.com/sparkle/gateway/gen/agent/v1/agent_service.pb.go:809.37,809.38 0 0
github.com/sparkle/gateway/gen/agent/v1/agent_service.pb.go:811.59,813.14 2 0
github.com/sparkle/gateway/gen/agent/v1/agent_service.pb.go:813.14,815.34 2 0
github.com/sparkle/gateway/gen/agent/v1/agent_service.pb.go:815.34,817.4 1 0
github.com/sparkle/gateway/gen/agent/v1/agent_service.pb.go:818.3,818.12 1 0
github.com/sparkle/gateway/gen/agent/v1/agent_service.pb.go:820.2,820.24 1 0
github.com/sparkle/gateway/gen/agent/v1/agent_service.pb.go:824.50,826.2 1 0
github.com/sparkle/gateway/gen/agent/v1/agent_service.pb.go:828.44,829.14 1 0
github.com/sparkle/gateway/gen/agent/v1/agent_service.pb.go:829.14,831.3 1 0
github.com/sparkle/gateway/gen/agent/v1/agent_service.pb.go:832.2,832.11 1 0
github.com/sparkle/gateway/gen/agent/v1/agent_service.pb.go:835.44,836.14 1 0
github.com/sparkle/gateway/gen/agent/v1/agent_service.pb.go:836.14,838.3 1 0
github.com/sparkle/gateway/gen/agent/v1/agent_service.pb.go:839.2,839.11 1 0
github.com/sparkle/gateway/gen/agent/v1/agent_service.pb.go:842.44,843.14 1 0
github.com/sparkle/gateway/gen/agent/v1/agent_service.pb.go:843.14,845.3 1 0
github.com/sparkle/gateway/gen/agent/v1/agent_service.pb.go:846.2,846.11 1 0
github.com/sparkle/gateway/gen/agent/v1/agent_service.pb.go:849.39,850.14 1 0
github.com/sparkle/gateway/gen/agent/v1/agent_service.pb.go:850.14,852.3 1 0
github.com/sparkle/gateway/gen/agent/v1/agent_service.pb.go:853.2,853.14 1 0
github.com/sparkle/gateway/gen/agent/v1/agent_service.pb.go:856.58,857.14 1 0
github.com/sparkle/gateway/gen/agent/v1/agent_service.pb.go:857.14,859.3 1 0
github.com/sparkle/gateway/gen/agent/v1/agent_service.pb.go:860.2,860.12 1 0
github.com/sparkle/gateway/gen/agent/v1/agent_service.pb.go:863.48,864.14 1 0
github.com/sparkle/gateway/gen/agent/v1/agent_service.pb.go:864.14,866.3 1 0
github.com/sparkle/gateway/gen/agent/v1/agent_service.pb.go:867.2,867.11 1 0
github.com/sparkle/gateway/gen/agent/v1/agent_service.pb.go:870.40,871.14 1 0
github.com/sparkle/gateway/gen/agent/v1/agent_service.pb.go:871.14,873.3 1 0
github.com/sparkle/gateway/gen/agent/v1/agent_service.pb.go:874.2,874.10 1 0
github.com/sparkle/gateway/gen/agent/v1/agent_service.pb.go:877.45,878.14 1 0
github.com/sparkle/gateway/gen/agent/v1/agent_service.pb.go:878.14,880.3 1 0
github.com/sparkle/gateway/gen/agent/v1/agent_service.pb.go:881.2,881.11 1 0
github.com/sparkle/gateway/gen/agent/v1/agent_service.pb.go:892.34,897.2 4 0
github.com/sparkle/gateway/gen/agent/v1/agent_service.pb.go:899.42,901.2 1 0
github.com/sparkle/gateway/gen/agent/v1/agent_service.pb.go:903.40,903.41 0 0
github.com/sparkle/gateway/gen/agent/v1/agent_service.pb.go:905.62,907.14 2 0
github.com/sparkle/gateway/gen/agent/v1/agent_service.pb.go:907.14,909.34 2 0
github.com/sparkle/gateway/gen/agent/v1/agent_service.pb.go:909.34,911.4 1 0
github.com/sparkle/gateway/gen/agent/v1/agent_service.pb.go:912.3,912.12 1 0
github.com/sparkle/gateway/gen/agent/v1/agent_service.pb.go:914.2,914.24 1 0
github.com/sparkle/gateway/gen/agent/v1/agent_service.pb.go:918.53,920.2 1 0
github.com/sparkle/gateway/gen/agent/v1/agent_service.pb.go:922.45,923.14 1 0
github.com/sparkle/gateway/gen/agent/v1/agent_service.pb.go:923.14,925.3 1 0
github.com/sparkle/gateway/gen/agent/v1/agent_service.pb.go:926.2,926.11 1 0
github.com/sparkle/gateway/gen/agent/v1/agent_service.pb.go:937.39,942.2 4 0
github.com/sparkle/gateway/gen/agent/v1/agent_service.pb.go:944.47,946.2 1 0
github.com/sparkle/gateway/gen/agent/v1/agent_service.pb.go:948.45,948.46 0 0
github.com/sparkle/gateway/gen/agent/v1/agent_service.pb.go:950.67,952.14 2 0
github.com/sparkle/gateway/gen/agent/v1/agent_service.pb.go:952.14,954.34 2 0
github.com/sparkle/gateway/gen/agent/v1/agent_service.pb.go:954.34,956.4 1 0
github.com/sparkle/gateway/gen/agent/v1/agent_service.pb.go:957.3,957.12 1 0
github.com/sparkle/gateway/gen/agent/v1/agent_service.pb.go:959.2,959.24 1 0
github.com/sparkle/gateway/gen/agent/v1/agent_service.pb.go:963.58,965.2 1 0
github.com/sparkle/gateway/gen/agent/v1/agent_service.pb.go:967.50,968.14 1 0
github.com/sparkle/gateway/gen/agent/v1/agent_service.pb.go:968.14,970.3 1 0
github.com/sparkle/gateway/gen/agent/v1/agent_service.pb.go:971.2,971.11 1 0
github.com/sparkle/gateway/gen/agent/v1/agent_service.pb.go:974.50,975.14 1 0
github.com/sparkle/gateway/gen/agent/v1/agent_service.pb.go:975.14,977.3 1 0
github.com/sparkle/gateway/gen/agent/v1/agent_service.pb.go:978.2,978.11 1 0
github.com/sparkle/gateway/gen/agent/v1/agent_service.pb.go:989.32,994.2 4 0
github.com/sparkle/gateway/gen/agent/v1/agent_service.pb.go:996.40,998.2 1 0
github.com/sparkle/gateway/gen/agent/v1/agent_service.pb.go:1000.38,1000.39 0 0
github.com/sparkle/gateway/gen/agent/v1/agent_service.pb.go:1002.60,1004.14 2 0
github.com/sparkle/gateway/gen/agent/v1/agent_service.pb.go:1004.14,1006.34 2 0
github.com/sparkle/gateway/gen/agent/v1/agent_service.pb.go:1006.34,1008.4 1 0
github.com/sparkle/gateway/gen/agent/v1/agent_service.pb.go:1009.3,1009.12 1 0
github.com/sparkle/gateway/gen/agent/v1/agent_service.pb.go:1011.2,1011.24 1 0
github.com/sparkle/gateway/gen/agent/v1/agent_service.pb.go:1015.51,1017.2 1 0
github.com/sparkle/gateway/gen/agent/v1/agent_service.pb.go:1019.44,1020.14 1 0
github.com/sparkle/gateway/gen/agent/v1/agent_service.pb.go:1020.14,1022.3 1 0
github.com/sparkle/gateway/gen/agent/v1/agent_service.pb.go:1023.2,1023.11 1 0
github.com/sparkle/gateway/gen/agent/v1/agent_service.pb.go:1026.50,1027.14 1 0
github.com/sparkle/gateway/gen/agent/v1/agent_service.pb.go:1027.14,1029.3 1 0
github.com/sparkle/gateway/gen/agent/v1/agent_service.pb.go:1030.2,1030.10 1 0
github.com/sparkle/gateway/gen/agent/v1/agent_service.pb.go:1046.30,1051.2 4 0
github.com/sparkle/gateway/gen/agent/v1/agent_service.pb.go:1053.38,1055.2 1 0
github.com/sparkle/gateway/gen/agent/v1/agent_service.pb.go:1057.36,1057.37 0 0
github.com/sparkle/gateway/gen/agent/v1/agent_service.pb.go:1059.58,1061.14 2 0
github.com/sparkle/gateway/gen/agent/v1/agent_service.pb.go:1061.14,1063.34 2 0
github.com/sparkle/gateway/gen/agent/v1/agent_service.pb.go:1063.34,1065.4 1 0
github.com/sparkle/gateway/gen/agent/v1/agent_service.pb.go:1066.3,1066.12 1 0
github.com/sparkle/gateway/gen/agent/v1/agent_service.pb.go:1068.2,1068.24 1 0
github.com/sparkle/gateway/gen/agent/v1/agent_service.pb.go:1072.49,1074.2 1 0
github.com/sparkle/gateway/gen/agent/v1/agent_service.pb.go:1076.45,1077.14 1 0
github.com/sparkle/gateway/gen/agent/v1/agent_service.pb.go:1077.14,1079.3 1 0
github.com/sparkle/gateway/gen/agent/v1/agent_service.pb.go:1080.2,1080.11 1 0
github.com/sparkle/gateway/gen/agent/v1/agent_service.pb.go:1083.43,1084.14 1 0
github.com/sparkle/gateway/gen/agent/v1/agent_service.pb.go:1084.14,1086.3 1 0
github.com/sparkle/gateway/gen/agent/v1/agent_service.pb.go:1087.2,1087.11 1 0
github.com/sparkle/gateway/gen/agent/v1/agent_service.pb.go:1090.45,1091.14 1 0
github.com/sparkle/gateway/gen/agent/v1/agent_service.pb.go:1091.14,1093.3 1 0
github.com/sparkle/gateway/gen/agent/v1/agent_service.pb.go:1094.2,1094.11 1 0
github.com/sparkle/gateway/gen/agent/v1/agent_service.pb.go:1097.40,1098.14 1 0
github.com/sparkle/gateway/gen/agent/v1/agent_service.pb.go:1098.14,1100.3 1 0
github.com/sparkle/gateway/gen/agent/v1/agent_service.pb.go:1101.2,1101.14 1 0
github.com/sparkle/gateway/gen/agent/v1/agent_service.pb.go:1104.47,1105.14 1 0
github.com/sparkle/gateway/gen/agent/v1/agent_service.pb.go:1105.14,1107.3 1 0
github.com/sparkle/gateway/gen/agent/v1/agent_service.pb.go:1108.2,1108.11 1 0
github.com/sparkle/gateway/gen/agent/v1/agent_service.pb.go:1122.30,1127.2 4 0
github.com/sparkle/gateway/gen/agent/v1/agent_service.pb.go:1129.38,1131.2 1 0
github.com/sparkle/gateway/gen/agent/v1/agent_service.pb.go:1133.36,1133.37 0 0
github.com/sparkle/gateway/gen/agent/v1/agent_service.pb.go:1135.58,1137.14 2 0
github.com/sparkle/gateway/gen/agent/v1/agent_service.pb.go:1137.14,1139.34 2 0
github.com/sparkle/gateway/gen/agent/v1/agent_service.pb.go:1139.34,1141.4 1 0
github.com/sparkle/gateway/gen/agent/v1/agent_service.pb.go:1142.3,1142.12 1 0
github.com/sparkle/gateway/gen/agent/v1/agent_service.pb.go:1144.2,1144.24 1 0
github.com/sparkle/gateway/gen/agent/v1/agent_service.pb.go:1148.49,1150.2 1 0
github.com/sparkle/gateway/gen/agent/v1/agent_service.pb.go:1152.40,1153.14 1 0
github.com/sparkle/gateway/gen/agent/v1/agent_service.pb.go:1153.14,1155.3 1 0
github.com/sparkle/gateway/gen/agent/v1/agent_service.pb.go:1156.2,1156.11 1 0
github.com/sparkle/gateway/gen/agent/v1/agent_service.pb.go:1159.47,1160.14 1 0
github.com/sparkle/gateway/gen/agent/v1/agent_service.pb.go:1160.14,1162.3 1 0
github.com/sparkle/gateway/gen/agent/v1/agent_service.pb.go:1163.2,1163.10 1 0
github.com/sparkle/gateway/gen/agent/v1/agent_service.pb.go:1166.43,1167.14 1 0
github.com/sparkle/gateway/gen/agent/v1/agent_service.pb.go:1167.14,1169.3 1 0
github.com/sparkle/gateway/gen/agent/v1/agent_service.pb.go:1170.2,1170.10 1 0
github.com/sparkle/gateway/gen/agent/v1/agent_service.pb.go:1173.45,1174.14 1 0
github.com/sparkle/gateway/gen/agent/v1/agent_service.pb.go:1174.14,1176.3 1 0
github.com/sparkle/gateway/gen/agent/v1/agent_service.pb.go:1177.2,1177.14 1 0
github.com/sparkle/gateway/gen/agent/v1/agent_service.pb.go:1192.31,1197.2 4 0
github.com/sparkle/gateway/gen/agent/v1/agent_service.pb.go:1199.39,1201.2 1 0
github.com/sparkle/gateway/gen/agent/v1/agent_service.pb.go:1203.37,1203.38 0 0
github.com/sparkle/gateway/gen/agent/v1/agent_service.pb.go:1205.59,1207.14 2 0
github.com/sparkle/gateway/gen/agent/v1/agent_service.pb.go:1207.14,1209.34 2 0
github.com/sparkle/gateway/gen/agent/v1/agent_service.pb.go:1209.34,1211.4 1 0
github.com/sparkle/gateway/gen/agent/v1/agent_service.pb.go:1212.3,1212.12 1 0
github.com/sparkle/gateway/gen/agent/v1/agent_service.pb.go:1214.2,1214.24 1 0
github.com/sparkle/gateway/gen/agent/v1/agent_service.pb.go:1218.50,1220.2 1 0
github.com/sparkle/gateway/gen/agent/v1/agent_service.pb.go:1222.40,1223.14 1 0
github.com/sparkle/gateway/gen/agent/v1/agent_service.pb.go:1223.14,1225.3 1 0
github.com/sparkle/gateway/gen/agent/v1/agent_service.pb.go:1226.2,1226.11 1 0
github.com/sparkle/gateway/gen/agent/v1/agent_service.pb.go:1229.43,1230.14 1 0
github.com/sparkle/gateway/gen/agent/v1/agent_service.pb.go:1230.14,1232.3 1 0
github.com/sparkle/gateway/gen/agent/v1/agent_service.pb.go:1233.2,1233.11 1 0
github.com/sparkle/gateway/gen/agent/v1/agent_service.pb.go:1236.40,1237.14 1 0
github.com/sparkle/gateway/gen/agent/v1/agent_service.pb.go:1237.14,1239.3 1 0
github.com/sparkle/gateway/gen/agent/v1/agent_service.pb.go:1240.2,1240.11 1 0
github.com/sparkle/gateway/gen/agent/v1/agent_service.pb.go:1243.46,1244.14 1 0
github.com/sparkle/gateway/gen/agent/v1/agent_service.pb.go:1244.14,1246.3 1 0
github.com/sparkle/gateway/gen/agent/v1/agent_service.pb.go:1247.2,1247.11 1 0
github.com/sparkle/gateway/gen/agent/v1/agent_service.pb.go:1250.55,1251.14 1 0
github.com/sparkle/gateway/gen/agent/v1/agent_service.pb.go:1251.14,1253.3 1 0
github.com/sparkle/gateway/gen/agent/v1/agent_service.pb.go:1254.2,1254.12 1 0
github.com/sparkle/gateway/gen/agent/v1/agent_service.pb.go:1297.32,1302.2 4 0
github.com/sparkle/gateway/gen/agent/v1/agent_service.pb.go:1304.40,1306.2 1 0
github.com/sparkle/gateway/gen/agent/v1/agent_service.pb.go:1308.38,1308.39 0 0
github.com/sparkle/gateway/gen/agent/v1/agent_service.pb.go:1310.60,1312.14 2 0
github.com/sparkle/gateway/gen/agent/v1/agent_service.pb.go:1312.14,1314.34 2 0
github.com/sparkle/gateway/gen/agent/v1/agent_service.pb.go:1314.34,1316.4 1 0
github.com/sparkle/gateway/gen/agent/v1/agent_service.pb.go:1317.3,1317.12 1 0
github.com/sparkle/gateway/gen/agent/v1/agent_service.pb.go:1319.2,1319.24 1 0
github.com/sparkle/gateway/gen/agent/v1/agent_service.pb.go:1323.51,1325.2 1 0
github.com/sparkle/gateway/gen/agent/v1/agent_service.pb.go:1327.47,1328.14 1 0
github.com/sparkle/gateway/gen/agent/v1/agent_service.pb.go:1328.14,1330.3 1 0
github.com/sparkle/gateway/gen/agent/v1/agent_service.pb.go:1331.2,1331.11 1 0
github.com/sparkle/gateway/gen/agent/v1/agent_service.pb.go:1334.45,1335.14 1 0
github.com/sparkle/gateway/gen/agent/v1/agent_service.pb.go:1335.14,1337.3 1 0
github.com/sparkle/gateway/gen/agent/v1/agent_service.pb.go:1338.2,1338.10 1 0
github.com/sparkle/gateway/gen/agent/v1/agent_service.pb.go:1341.46,1342.14 1 0
github.com/sparkle/gateway/gen/agent/v1/agent_service.pb.go:1342.14,1344.3 1 0
github.com/sparkle/gateway/gen/agent/v1/agent_service.pb.go:1345.2,1345.11 1 0
github.com/sparkle/gateway/gen/agent/v1/agent_service.pb.go:1348.44,1349.14 1 0
github.com/sparkle/gateway/gen/agent/v1/agent_service.pb.go:1349.14,1351.3 1 0
github.com/sparkle/gateway/gen/agent/v1/agent_service.pb.go:1352.2,1352.11 1 0
github.com/sparkle/gateway/gen/agent/v1/agent_service.pb.go:1355.47,1356.14 1 0
github.com/sparkle/gateway/gen/agent/v1/agent_service.pb.go:1356.14,1358.3 1 0
github.com/sparkle/gateway/gen/agent/v1/agent_service.pb.go:1359.2,1359.11 1 0
github.com/sparkle/gateway/gen/agent/v1/agent_service.pb.go:1362.50,1363.14 1 0
github.com/sparkle/gateway/gen/agent/v1/agent_service.pb.go:1363.14,1365.3 1 0
github.com/sparkle/gateway/gen/agent/v1/agent_service.pb.go:1366.2,1366.11 1 0
github.com/sparkle/gateway/gen/agent/v1/agent_service.pb.go:1369.56,1370.14 1 0
github.com/sparkle/gateway/gen/agent/v1/agent_service.pb.go:1370.14,1372.3 1 0
github.com/sparkle/gateway/gen/agent/v1/agent_service.pb.go:1373.2,1373.12 1 0
github.com/sparkle/gateway/gen/agent/v1/agent_service.pb.go:1376.60,1377.14 1 0
github.com/sparkle/gateway/gen/agent/v1/agent_service.pb.go:1377.14,1379.3 1 0
github.com/sparkle/gateway/gen/agent/v1/agent_service.pb.go:1380.2,1380.12 1 0
github.com/sparkle/gateway/gen/agent/v1/agent_service.pb.go:1383.42,1384.14 1 0
github.com/sparkle/gateway/gen/agent/v1/agent_service.pb.go:1384.14,1385.51 1 0
github.com/sparkle/gateway/gen/agent/v1/agent_service.pb.go:1385.51,1387.4 1 0
github.com/sparkle/gateway/gen/agent/v1/agent_service.pb.go:1389.2,1389.11 1 0
github.com/sparkle/gateway/gen/agent/v1/agent_service.pb.go:1392.48,1393.14 1 0
github.com/sparkle/gateway/gen/agent/v1/agent_service.pb.go:1393.14,1394.54 1 0
github.com/sparkle/gateway/gen/agent/v1/agent_service.pb.go:1394.54,1396.4 1 0
github.com/sparkle/gateway/gen/agent/v1/agent_service.pb.go:1398.2,1398.12 1 0
github.com/sparkle/gateway/gen/agent/v1/agent_service.pb.go:1401.55,1402.14 1 0
github.com/sparkle/gateway/gen/agent/v1/agent_service.pb.go:1402.14,1403.58 1 0
github.com/sparkle/gateway/gen/agent/v1/agent_service.pb.go:1403.58,1405.4 1 0
github.com/sparkle/gateway/gen/agent/v1/agent_service.pb.go:1407.2,1407.12 1 0
github.com/sparkle/gateway/gen/agent/v1/agent_service.pb.go:1410.45,1411.14 1 0
github.com/sparkle/gateway/gen/agent/v1/agent_service.pb.go:1411.14,1412.54 1 0
github.com/sparkle/gateway/gen/agent/v1/agent_service.pb.go:1412.54,1414.4 1 0
github.com/sparkle/gateway/gen/agent/v1/agent_service.pb.go:1416.2,1416.11 1 0
github.com/sparkle/gateway/gen/agent/v1/agent_service.pb.go:1419.42,1420.14 1 0
github.com/sparkle/gateway/gen/agent/v1/agent_service.pb.go:1420.14,1421.51 1 0
github.com/sparkle/gateway/gen/agent/v1/agent_service.pb.go:1421.51,1423.4 1 0
github.com/sparkle/gateway/gen/agent/v1/agent_service.pb.go:1425.2,1425.12 1 0
github.com/sparkle/gateway/gen/agent/v1/agent_service.pb.go:1428.42,1429.14 1 0
github.com/sparkle/gateway/gen/agent/v1/agent_service.pb.go:1429.14,1430.51 1 0
github.com/sparkle/gateway/gen/agent/v1/agent_service.pb.go:1430.51,1432.4 1 0
github.com/sparkle/gateway/gen/agent/v1/agent_service.pb.go:1434.2,1434.12 1 0
github.com/sparkle/gateway/gen/agent/v1/agent_service.pb.go:1437.54,1438.14 1 0
github.com/sparkle/gateway/gen/agent/v1/agent_service.pb.go:1438.14,1439.55 1 0
github.com/sparkle/gateway/gen/agent/v1/agent_service.pb.go:1439.55,1441.4 1 0
github.com/sparkle/gateway/gen/agent/v1/agent_service.pb.go:1443.2,1443.12 1 0
github.com/sparkle/gateway/gen/agent/v1/agent_service.pb.go:1446.59,1447.14 1 0
github.com/sparkle/gateway/gen/agent/v1/agent_service.pb.go:1447.14,1448.56 1 0
github.com/sparkle/gateway/gen/agent/v1/agent_service.pb.go:1448.56,1450.4 1 0
github.com/sparkle/gateway/gen/agent/v1/agent_service.pb.go:1452.2,1452.12 1 0
github.com/sparkle/gateway/gen/agent/v1/agent_service.pb.go:1455.63,1456.14 1 0
github.com/sparkle/gateway/gen/agent/v1/agent_service.pb.go:1456.14,1457.58 1 0
github.com/sparkle/gateway/gen/agent/v1/agent_service.pb.go:1457.58,1459.4 1 0
github.com/sparkle/gateway/gen/agent/v1/agent_service.pb.go:1461.2,1461.12 1 0
github.com/sparkle/gateway/gen/agent/v1/agent_service.pb.go:1464.55,1465.14 1 0
github.com/sparkle/gateway/gen/agent/v1/agent_service.pb.go:1465.14,1467.3 1 0
github.com/sparkle/gateway/gen/agent/v1/agent_service.pb.go:1468.2,1468.26 1 0
github.com/sparkle/gateway/gen/agent/v1/agent_service.pb.go:1471.46,1472.14 1 0
github.com/sparkle/gateway/gen/agent/v1/agent_service.pb.go:1472.14,1474.3 1 0
github.com/sparkle/gateway/gen/agent/v1/agent_service.pb.go:1475.2,1475.11 1 0
github.com/sparkle/gateway/gen/agent/v1/agent_service.pb.go:1478.62,1479.14 1 0
github.com/sparkle/gateway/gen/agent/v1/agent_service.pb.go:1479.14,1481.3 1 0
github.com/sparkle/gateway/gen/agent/v1/agent_service.pb.go:1482.2,1482.12 1 0
github.com/sparkle/gateway/gen/agent/v1/agent_service.pb.go:1535.54,1535.55 0 0
github.com/sparkle/gateway/gen/agent/v1/agent_service.pb.go:1537.57,1537.58 0 0
github.com/sparkle/gateway/gen/agent/v1/agent_service.pb.go:1539.61,1539.62 0 0
github.com/sparkle/gateway/gen/agent/v1/agent_service.pb.go:1541.57,1541.58 0 0
github.com/sparkle/gateway/gen/agent/v1/agent_service.pb.go:1543.54,1543.55 0 0
github.com/sparkle/gateway/gen/agent/v1/agent_service.pb.go:1545.54,1545.55 0 0
github.com/sparkle/gateway/gen/agent/v1/agent_service.pb.go:1547.58,1547.59 0 0
github.com/sparkle/gateway/gen/agent/v1/agent_service.pb.go:1549.59,1549.60 0 0
github.com/sparkle/gateway/gen/agent/v1/agent_service.pb.go:1551.61,1551.62 0 0
github.com/sparkle/gateway/gen/agent/v1/agent_service.pb.go:1568.43,1573.2 4 0
github.com/sparkle/gateway/gen/agent/v1/agent_service.pb.go:1575.51,1577.2 1 0
github.com/sparkle/gateway/gen/agent/v1/agent_service.pb.go:1579.49,1579.50 0 0
github.com/sparkle/gateway/gen/agent/v1/agent_service.pb.go:1581.71,1583.14 2 0
github.com/sparkle/gateway/gen/agent/v1/agent_service.pb.go:1583.14,1585.34 2 0
github.com/sparkle/gateway/gen/agent/v1/agent_service.pb.go:1585.34,1587.4 1 0
github.com/sparkle/gateway/gen/agent/v1/agent_service.pb.go:1588.3,1588.12 1 0
github.com/sparkle/gateway/gen/agent/v1/agent_service.pb.go:1590.2,1590.24 1 0
github.com/sparkle/gateway/gen/agent/v1/agent_service.pb.go:1594.62,1596.2 1 0
github.com/sparkle/gateway/gen/agent/v1/agent_service.pb.go:1598.54,1599.14 1 0
github.com/sparkle/gateway/gen/agent/v1/agent_service.pb.go:1599.14,1601.3 1 0
github.com/sparkle/gateway/gen/agent/v1/agent_service.pb.go:1602.2,1602.11 1 0
github.com/sparkle/gateway/gen/agent/v1/agent_service.pb.go:1605.58,1606.14 1 0
github.com/sparkle/gateway/gen/agent/v1/agent_service.pb.go:1606.14,1608.3 1 0
github.com/sparkle/gateway/gen/agent/v1/agent_service.pb.go:1609.2,1609.11 1 0
github.com/sparkle/gateway/gen/agent/v1/agent_service.pb.go:1612.55,1613.14 1 0
github.com/sparkle/gateway/gen/agent/v1/agent_service.pb.go:1613.14,1615.3 1 0
github.com/sparkle/gateway/gen/agent/v1/agent_service.pb.go:1616.2,1616.11 1 0
github.com/sparkle/gateway/gen/agent/v1/agent_service.pb.go:1619.66,1620.14 1 0
github.com/sparkle/gateway/gen/agent/v1/agent_service.pb.go:1620.14,1622.3 1 0
github.com/sparkle/gateway/gen/agent/v1/agent_service.pb.go:1623.2,1623.38 1 0
github.com/sparkle/gateway/gen/agent/v1/agent_service.pb.go:1626.65,1627.14 1 0
github.com/sparkle/gateway/gen/agent/v1/agent_service.pb.go:1627.14,1629.3 1 0
github.com/sparkle/gateway/gen/agent/v1/agent_service.pb.go:1630.2,1630.12 1 0
github.com/sparkle/gateway/gen/agent/v1/agent_service.pb.go:1633.56,1634.14 1 0
github.com/sparkle/gateway/gen/agent/v1/agent_service.pb.go:1634.14,1636.3 1 0
github.com/sparkle/gateway/gen/agent/v1/agent_service.pb.go:1637.2,1637.11 1 0
github.com/sparkle/gateway/gen/agent/v1/agent_service.pb.go:1640.58,1641.14 1 0
github.com/sparkle/gateway/gen/agent/v1/agent_service.pb.go:1641.14,1643.3 1 0
github.com/sparkle/gateway/gen/agent/v1/agent_service.pb.go:1644.2,1644.11 1 0
github.com/sparkle/gateway/gen/agent/v1/agent_service.pb.go:1647.61,1648.14 1 0
github.com/sparkle/gateway/gen/agent/v1/agent_service.pb.go:1648.14,1650.3 1 0
github.com/sparkle/gateway/gen/agent/v1/agent_service.pb.go:1651.2,1651.11 1 0
github.com/sparkle/gateway/gen/agent/v1/agent_service.pb.go:1654.63,1655.14 1 0
github.com/sparkle/gateway/gen/agent/v1/agent_service.pb.go:1655.14,1657.3 1 0
github.com/sparkle/gateway/gen/agent/v1/agent_service.pb.go:1658.2,1658.12 1 0
github.com/sparkle/gateway/gen/agent/v1/agent_service.pb.go:1670.44,1675.2 4 0
github.com/sparkle/gateway/gen/agent/v1/agent_service.pb.go:1677.52,1679.2 1 0
github.com/sparkle/gateway/gen/agent/v1/agent_service.pb.go:1681.50,1681.51 0 0
github.com/sparkle/gateway/gen/agent/v1/agent_service.pb.go:1683.72,1685.14 2 0
github.com/sparkle/gateway/gen/agent/v1/agent_service.pb.go:1685.14,1687.34 2 0
github.com/sparkle/gateway/gen/agent/v1/agent_service.pb.go:1687.34,1689.4 1 0
github.com/sparkle/gateway/gen/agent/v1/agent_service.pb.go:1690.3,1690.12 1 0
github.com/sparkle/gateway/gen/agent/v1/agent_service.pb.go:1692.2,1692.24 1 0
github.com/sparkle/gateway/gen/agent/v1/agent_service.pb.go:1696.63,1698.2 1 0
github.com/sparkle/gateway/gen/agent/v1/agent_service.pb.go:1700.54,1701.14 1 0
github.com/sparkle/gateway/gen/agent/v1/agent_service.pb.go:1701.14,1703.3 1 0
github.com/sparkle/gateway/gen/agent/v1/agent_service.pb.go:1704.2,1704.14 1 0
github.com/sparkle/gateway/gen/agent/v1/agent_service.pb.go:1707.56,1708.14 1 0
github.com/sparkle/gateway/gen/agent/v1/agent_service.pb.go:1708.14,1710.3 1 0
github.com/sparkle/gateway/gen/agent/v1/agent_service.pb.go:1711.2,1711.11 1 0
github.com/sparkle/gateway/gen/agent/v1/agent_service.pb.go:1714.59,1715.14 1 0
github.com/sparkle/gateway/gen/agent/v1/agent_service.pb.go:1715.14,1717.3 1 0
github.com/sparkle/gateway/gen/agent/v1/agent_service.pb.go:1718.2,1718.11 1 0
github.com/sparkle/gateway/gen/agent/v1/agent_service.pb.go:1736.37,1741.2 4 0
github.com/sparkle/gateway/gen/agent/v1/agent_service.pb.go:1743.45,1745.2 1 0
github.com/sparkle/gateway/gen/agent/v1/agent_service.pb.go:1747.43,1747.44 0 0
github.com/sparkle/gateway/gen/agent/v1/agent_service.pb.go:1749.65,1751.14 2 0
github.com/sparkle/gateway/gen/agent/v1/agent_service.pb.go:1751.14,1753.34 2 0
github.com/sparkle/gateway/gen/agent/v1/agent_service.pb.go:1753.34,1755.4 1 0
github.com/sparkle/gateway/gen/agent/v1/agent_service.pb.go:1756.3,1756.12 1 0
github.com/sparkle/gateway/gen/agent/v1/agent_service.pb.go:1758.2,1758.24 1 0
github.com/sparkle/gateway/gen/agent/v1/agent_service.pb.go:1762.56,1764.2 1 0
github.com/sparkle/gateway/gen/agent/v1/agent_service.pb.go:1766.48,1767.14 1 0
github.com/sparkle/gateway/gen/agent/v1/agent_service.pb.go:1767.14,1769.3 1 0
github.com/sparkle/gateway/gen/agent/v1/agent_service.pb.go:1770.2,1770.11 1 0
github.com/sparkle/gateway/gen/agent/v1/agent_service.pb.go:1773.48,1774.14 1 0
github.com/sparkle/gateway/gen/agent/v1/agent_service.pb.go:1774.14,1776.3 1 0
github.com/sparkle/gateway/gen/agent/v1/agent_service.pb.go:1777.2,1777.11 1 0
github.com/sparkle/gateway/gen/agent/v1/agent_service.pb.go:1780.50,1781.14 1 0
github.com/sparkle/gateway/gen/agent/v1/agent_service.pb.go:1781.14,1783.3 1 0
github.com/sparkle/gateway/gen/agent/v1/agent_service.pb.go:1784.2,1784.11 1 0
github.com/sparkle/gateway/gen/agent/v1/agent_service.pb.go:1787.62,1788.14 1 0
github.com/sparkle/gateway/gen/agent/v1/agent_service.pb.go:1788.14,1790.3 1 0
github.com/sparkle/gateway/gen/agent/v1/agent_service.pb.go:1791.2,1791.60 1 0
github.com/sparkle/gateway/gen/agent/v1/agent_service.pb.go:1794.53,1795.14 1 0
github.com/sparkle/gateway/gen/agent/v1/agent_service.pb.go:1795.14,1797.3 1 0
github.com/sparkle/gateway/gen/agent/v1/agent_service.pb.go:1798.2,1798.11 1 0
github.com/sparkle/gateway/gen/agent/v1/agent_service.pb.go:1801.49,1802.14 1 0
github.com/sparkle/gateway/gen/agent/v1/agent_service.pb.go:1802.14,1804.3 1 0
github.com/sparkle/gateway/gen/agent/v1/agent_service.pb.go:1805.2,1805.11 1 0
github.com/sparkle/gateway/gen/agent/v1/agent_service.pb.go:1808.52,1809.14 1 0
github.com/sparkle/gateway/gen/agent/v1/agent_service.pb.go:1809.14,1811.3 1 0
github.com/sparkle/gateway/gen/agent/v1/agent_service.pb.go:1812.2,1812.11 1 0
github.com/sparkle/gateway/gen/agent/v1/agent_service.pb.go:1815.55,1816.14 1 0
github.com/sparkle/gateway/gen/agent/v1/agent_service.pb.go:1816.14,1818.3 1 0
github.com/sparkle/gateway/gen/agent/v1/agent_service.pb.go:1819.2,1819.11 1 0
github.com/sparkle/gateway/gen/agent/v1/agent_service.pb.go:1822.57,1823.14 1 0
github.com/sparkle/gateway/gen/agent/v1/agent_service.pb.go:1823.14,1825.3 1 0
github.com/sparkle/gateway/gen/agent/v1/agent_service.pb.go:1826.2,1826.12 1 0
github.com/sparkle/gateway/gen/agent/v1/agent_service.pb.go:1839.38,1844.2 4 0
github.com/sparkle/gateway/gen/agent/v1/agent_service.pb.go:1846.46,1848.2 1 0
github.com/sparkle/gateway/gen/agent/v1/agent_service.pb.go:1850.44,1850.45 0 0
github.com/sparkle/gateway/gen/agent/v1/agent_service.pb.go:1852.66,1854.14 2 0
github.com/sparkle/gateway/gen/agent/v1/agent_service.pb.go:1854.14,1856.34 2 0
github.com/sparkle/gateway/gen/agent/v1/agent_service.pb.go:1856.34,1858.4 1 0
github.com/sparkle/gateway/gen/agent/v1/agent_service.pb.go:1859.3,1859.12 1 0
github.com/sparkle/gateway/gen/agent/v1/agent_service.pb.go:1861.2,1861.24 1 0
github.com/sparkle/gateway/gen/agent/v1/agent_service.pb.go:1865.57,1867.2 1 0
github.com/sparkle/gateway/gen/agent/v1/agent_service.pb.go:1869.48,1870.14 1 0
github.com/sparkle/gateway/gen/agent/v1/agent_service.pb.go:1870.14,1872.3 1 0
github.com/sparkle/gateway/gen/agent/v1/agent_service.pb.go:1873.2,1873.14 1 0
github.com/sparkle/gateway/gen/agent/v1/agent_service.pb.go:1876.50,1877.14 1 0
github.com/sparkle/gateway/gen/agent/v1/agent_service.pb.go:1877.14,1879.3 1 0
github.com/sparkle/gateway/gen/agent/v1/agent_service.pb.go:1880.2,1880.11 1 0
github.com/sparkle/gateway/gen/agent/v1/agent_service.pb.go:1883.51,1884.14 1 0
github.com/sparkle/gateway/gen/agent/v1/agent_service.pb.go:1884.14,1886.3 1 0
github.com/sparkle/gateway/gen/agent/v1/agent_service.pb.go:1887.2,1887.11 1 0
github.com/sparkle/gateway/gen/agent/v1/agent_service.pb.go:1890.56,1891.14 1 0
github.com/sparkle/gateway/gen/agent/v1/agent_service.pb.go:1891.14,1893.3 1 0
github.com/sparkle/gateway/gen/agent/v1/agent_service.pb.go:1894.2,1894.11 1 0
github.com/sparkle/gateway/gen/agent/v1/agent_service.pb.go:1912.48,1917.2 4 0
github.com/sparkle/gateway/gen/agent/v1/agent_service.pb.go:1919.56,1921.2 1 0
github.com/sparkle/gateway/gen/agent/v1/agent_service.pb.go:1923.54,1923.55 0 0
github.com/sparkle/gateway/gen/agent/v1/agent_service.pb.go:1925.76,1927.14 2 0
github.com/sparkle/gateway/gen/agent/v1/agent_service.pb.go:1927.14,1929.34 2 0
github.com/sparkle/gateway/gen/agent/v1/agent_service.pb.go:1929.34,1931.4 1 0
github.com/sparkle/gateway/gen/agent/v1/agent_service.pb.go:1932.3,1932.12 1 0
github.com/sparkle/gateway/gen/agent/v1/agent_service.pb.go:1934.2,1934.24 1 0
github.com/sparkle/gateway/gen/agent/v1/agent_service.pb.go:1938.67,1940.2 1 0
github.com/sparkle/gateway/gen/agent/v1/agent_service.pb.go:1942.59,1943.14 1 0
github.com/sparkle/gateway/gen/agent/v1/agent_service.pb.go:1943.14,1945.3 1 0
github.com/sparkle/gateway/gen/agent/v1/agent_service.pb.go:1946.2,1946.11 1 0
github.com/sparkle/gateway/gen/agent/v1/agent_service.pb.go:1949.61,1950.14 1 0
github.com/sparkle/gateway/gen/agent/v1/agent_service.pb.go:1950.14,1952.3 1 0
github.com/sparkle/gateway/gen/agent/v1/agent_service.pb.go:1953.2,1953.11 1 0
github.com/sparkle/gateway/gen/agent/v1/agent_service.pb.go:1956.63,1957.14 1 0
github.com/sparkle/gateway/gen/agent/v1/agent_service.pb.go:1957.14,1959.3 1 0
github.com/sparkle/gateway/gen/agent/v1/agent_service.pb.go:1960.2,1960.11 1 0
github.com/sparkle/gateway/gen/agent/v1/agent_service.pb.go:1963.84,1964.14 1 0
github.com/sparkle/gateway/gen/agent/v1/agent_service.pb.go:1964.14,1966.3 1 0
github.com/sparkle/gateway/gen/agent/v1/agent_service.pb.go:1967.2,1967.44 1 0
github.com/sparkle/gateway/gen/agent/v1/agent_service.pb.go:1970.58,1971.14 1 0
github.com/sparkle/gateway/gen/agent/v1/agent_service.pb.go:1971.14,1973.3 1 0
github.com/sparkle/gateway/gen/agent/v1/agent_service.pb.go:1974.2,1974.10 1 0
github.com/sparkle/gateway/gen/agent/v1/agent_service.pb.go:1977.60,1978.14 1 0
github.com/sparkle/gateway/gen/agent/v1/agent_service.pb.go:1978.14,1980.3 1 0
github.com/sparkle/gateway/gen/agent/v1/agent_service.pb.go:1981.2,1981.11 1 0
github.com/sparkle/gateway/gen/agent/v1/agent_service.pb.go:1984.69,1985.14 1 0
github.com/sparkle/gateway/gen/agent/v1/agent_service.pb.go:1985.14,1987.3 1 0
github.com/sparkle/gateway/gen/agent/v1/agent_service.pb.go:1988.2,1988.12 1 0
github.com/sparkle/gateway/gen/agent/v1/agent_service.pb.go:1991.62,1992.14 1 0
github.com/sparkle/gateway/gen/agent/v1/agent_service.pb.go:1992.14,1994.3 1 0
github.com/sparkle/gateway/gen/agent/v1/agent_service.pb.go:1995.2,1995.11 1 0
github.com/sparkle/gateway/gen/agent/v1/agent_service.pb.go:1998.68,1999.14 1 0
github.com/sparkle/gateway/gen/agent/v1/agent_service.pb.go:1999.14,2001.3 1 0
github.com/sparkle/gateway/gen/agent/v1/agent_service.pb.go:2002.2,2002.12 1 0
github.com/sparkle/gateway/gen/agent/v1/agent_service.pb.go:2014.49,2019.2 4 0
github.com/sparkle/gateway/gen/agent/v1/agent_service.pb.go:2021.57,2023.2 1 0
github.com/sparkle/gateway/gen/agent/v1/agent_service.pb.go:2025.55,2025.56 0 0
github.com/sparkle/gateway/gen/agent/v1/agent_service.pb.go:2027.77,2029.14 2 0
github.com/sparkle/gateway/gen/agent/v1/agent_service.pb.go:2029.14,2031.34 2 0
github.com/sparkle/gateway/gen/agent/v1/agent_service.pb.go:2031.34,2033.4 1 0
github.com/sparkle/gateway/gen/agent/v1/agent_service.pb.go:2034.3,2034.12 1 0
github.com/sparkle/gateway/gen/agent/v1/agent_service.pb.go:2036.2,2036.24 1 0
github.com/sparkle/gateway/gen/agent/v1/agent_service.pb.go:2040.68,2042.2 1 0
github.com/sparkle/gateway/gen/agent/v1/agent_service.pb.go:2044.59,2045.14 1 0
github.com/sparkle/gateway/gen/agent/v1/agent_service.pb.go:2045.14,2047.3 1 0
github.com/sparkle/gateway/gen/agent/v1/agent_service.pb.go:2048.2,2048.14 1 0
github.com/sparkle/gateway/gen/agent/v1/agent_service.pb.go:2051.61,2052.14 1 0
github.com/sparkle/gateway/gen/agent/v1/agent_service.pb.go:2052.14,2054.3 1 0
github.com/sparkle/gateway/gen/agent/v1/agent_service.pb.go:2055.2,2055.11 1 0
github.com/sparkle/gateway/gen/agent/v1/agent_service.pb.go:2058.64,2059.14 1 0
github.com/sparkle/gateway/gen/agent/v1/agent_service.pb.go:2059.14,2061.3 1 0
github.com/sparkle/gateway/gen/agent/v1/agent_service.pb.go:2062.2,2062.11 1 0
github.com/sparkle/gateway/gen/agent/v1/agent_service.pb.go:2079.41,2084.2 4 0
github.com/sparkle/gateway/gen/agent/v1/agent_service.pb.go:2086.49,2088.2 1 0
github.com/sparkle/gateway/gen/agent/v1/agent_service.pb.go:2090.47,2090.48 0 0
github.com/sparkle/gateway/gen/agent/v1/agent_service.pb.go:2092.69,2094.14 2 0
github.com/sparkle/gateway/gen/agent/v1/agent_service.pb.go:2094.14,2096.34 2 0
github.com/sparkle/gateway/gen/agent/v1/agent_service.pb.go:2096.34,2098.4 1 0
github.com/sparkle/gateway/gen/agent/v1/agent_service.pb.go:2099.3,2099.12 1 0
github.com/sparkle/gateway/gen/agent/v1/agent_service.pb.go:2101.2,2101.24 1 0
github.com/sparkle/gateway/gen/agent/v1/agent_service.pb.go:2105.60,2107.2 1 0
github.com/sparkle/gateway/gen/agent/v1/agent_service.pb.go:2109.52,2110.14 1 0
github.com/sparkle/gateway/gen/agent/v1/agent_service.pb.go:2110.14,2112.3 1 0
github.com/sparkle/gateway/gen/agent/v1/agent_service.pb.go:2113.2,2113.11 1 0
github.com/sparkle/gateway/gen/agent/v1/agent_service.pb.go:2116.54,2117.14 1 0
github.com/sparkle/gateway/gen/agent/v1/agent_service.pb.go:2117.14,2119.3 1 0
github.com/sparkle/gateway/gen/agent/v1/agent_service.pb.go:2120.2,2120.11 1 0
github.com/sparkle/gateway/gen/agent/v1/agent_service.pb.go:2123.62,2124.14 1 0
github.com/sparkle/gateway/gen/agent/v1/agent_service.pb.go:2124.14,2126.3 1 0
github.com/sparkle/gateway/gen/agent/v1/agent_service.pb.go:2127.2,2127.11 1 0
github.com/sparkle/gateway/gen/agent/v1/agent_service.pb.go:2130.57,2131.14 1 0
github.com/sparkle/gateway/gen/agent/v1/agent_service.pb.go:2131.14,2133.3 1 0
github.com/sparkle/gateway/gen/agent/v1/agent_service.pb.go:2134.2,2134.11 1 0
github.com/sparkle/gateway/gen/agent/v1/agent_service.pb.go:2137.52,2138.14 1 0
github.com/sparkle/gateway/gen/agent/v1/agent_service.pb.go:2138.14,2140.3 1 0
github.com/sparkle/gateway/gen/agent/v1/agent_service.pb.go:2141.2,2141.11 1 0
github.com/sparkle/gateway/gen/agent/v1/agent_service.pb.go:2144.55,2145.14 1 0
github.com/sparkle/gateway/gen/agent/v1/agent_service.pb.go:2145.14,2147.3 1 0
github.com/sparkle/gateway/gen/agent/v1/agent_service.pb.go:2148.2,2148.11 1 0
github.com/sparkle/gateway/gen/agent/v1/agent_service.pb.go:2151.61,2152.14 1 0
github.com/sparkle/gateway/gen/agent/v1/agent_service.pb.go:2152.14,2154.3 1 0
github.com/sparkle/gateway/gen/agent/v1/agent_service.pb.go:2155.2,2155.12 1 0
github.com/sparkle/gateway/gen/agent/v1/agent_service.pb.go:2167.42,2172.2 4 0
github.com/sparkle/gateway/gen/agent/v1/agent_service.pb.go:2174.50,2176.2 1 0
github.com/sparkle/gateway/gen/agent/v1/agent_service.pb.go:2178.48,2178.49 0 0
github.com/sparkle/gateway/gen/agent/v1/agent_service.pb.go:2180.70,2182.14 2 0
github.com/sparkle/gateway/gen/agent/v1/agent_service.pb.go:2182.14,2184.34 2 0
github.com/sparkle/gateway/gen/agent/v1/agent_service.pb.go:2184.34,2186.4 1 0
github.com/sparkle/gateway/gen/agent/v1/agent_service.pb.go:2187.3,2187.12 1 0
github.com/sparkle/gateway/gen/agent/v1/agent_service.pb.go:2189.2,2189.24 1 0
github.com/sparkle/gateway/gen/agent/v1/agent_service.pb.go:2193.61,2195.2 1 0
github.com/sparkle/gateway/gen/agent/v1/agent_service.pb.go:2197.52,2198.14 1 0
github.com/sparkle/gateway/gen/agent/v1/agent_service.pb.go:2198.14,2200.3 1 0
github.com/sparkle/gateway/gen/agent/v1/agent_service.pb.go:2201.2,2201.14 1 0
github.com/sparkle/gateway/gen/agent/v1/agent_service.pb.go:2204.54,2205.14 1 0
github.com/sparkle/gateway/gen/agent/v1/agent_service.pb.go:2205.14,2207.3 1 0
github.com/sparkle/gateway/gen/agent/v1/agent_service.pb.go:2208.2,2208.11 1 0
github.com/sparkle/gateway/gen/agent/v1/agent_service.pb.go:2211.57,2212.14 1 0
github.com/sparkle/gateway/gen/agent/v1/agent_service.pb.go:2212.14,2214.3 1 0
github.com/sparkle/gateway/gen/agent/v1/agent_service.pb.go:2215.2,2215.11 1 0
github.com/sparkle/gateway/gen/agent/v1/agent_service.pb.go:2231.39,2236.2 4 0
github.com/sparkle/gateway/gen/agent/v1/agent_service.pb.go:2238.47,2240.2 1 0
github.com/sparkle/gateway/gen/agent/v1/agent_service.pb.go:2242.45,2242.46 0 0
github.com/sparkle/gateway/gen/agent/v1/agent_service.pb.go:2244.67,2246.14 2 0
github.com/sparkle/gateway/gen/agent/v1/agent_service.pb.go:2246.14,2248.34 2 0
github.com/sparkle/gateway/gen/agent/v1/agent_service.pb.go:2248.34,2250.4 1 0
github.com/sparkle/gateway/gen/agent/v1/agent_service.pb.go:2251.3,2251.12 1 0
github.com/sparkle/gateway/gen/agent/v1/agent_service.pb.go:2253.2,2253.24 1 0
github.com/sparkle/gateway/gen/agent/v1/agent_service.pb.go:2257.58,2259.2 1 0
github.com/sparkle/gateway/gen/agent/v1/agent_service.pb.go:2261.50,2262.14 1 0
github.com/sparkle/gateway/gen/agent/v1/agent_service.pb.go:2262.14,2264.3 1 0
github.com/sparkle/gateway/gen/agent/v1/agent_service.pb.go:2265.2,2265.11 1 0
github.com/sparkle/gateway/gen/agent/v1/agent_service.pb.go:2268.52,2269.14 1 0
github.com/sparkle/gateway/gen/agent/v1/agent_service.pb.go:2269.14,2271.3 1 0
github.com/sparkle/gateway/gen/agent/v1/agent_service.pb.go:2272.2,2272.11 1 0
github.com/sparkle/gateway/gen/agent/v1/agent_service.pb.go:2275.56,2276.14 1 0
github.com/sparkle/gateway/gen/agent/v1/agent_service.pb.go:2276.14,2278.3 1 0
github.com/sparkle/gateway/gen/agent/v1/agent_service.pb.go:2279.2,2279.11 1 0
github.com/sparkle/gateway/gen/agent/v1/agent_service.pb.go:2282.62,2283.14 1 0
github.com/sparkle/gateway/gen/agent/v1/agent_service.pb.go:2283.14,2285.3 1 0
github.com/sparkle/gateway/gen/agent/v1/agent_service.pb.go:2286.2,2286.12 1 0
github.com/sparkle/gateway/gen/agent/v1/agent_service.pb.go:2289.53,2290.14 1 0
github.com/sparkle/gateway/gen/agent/v1/agent_service.pb.go:2290.14,2292.3 1 0
github.com/sparkle/gateway/gen/agent/v1/agent_service.pb.go:2293.2,2293.11 1 0
github.com/sparkle/gateway/gen/agent/v1/agent_service.pb.go:2296.59,2297.14 1 0
github.com/sparkle/gateway/gen/agent/v1/agent_service.pb.go:2297.14,2299.3 1 0
github.com/sparkle/gateway/gen/agent/v1/agent_service.pb.go:2300.2,2300.12 1 0
github.com/sparkle/gateway/gen/agent/v1/agent_service.pb.go:2313.40,2318.2 4 0
github.com/sparkle/gateway/gen/agent/v1/agent_service.pb.go:2320.48,2322.2 1 0
github.com/sparkle/gateway/gen/agent/v1/agent_service.pb.go:2324.46,2324.47 0 0
github.com/sparkle/gateway/gen/agent/v1/agent_service.pb.go:2326.68,2328.14 2 0
github.com/sparkle/gateway/gen/agent/v1/agent_service.pb.go:2328.14,2330.34 2 0
github.com/sparkle/gateway/gen/agent/v1/agent_service.pb.go:2330.34,2332.4 1 0
github.com/sparkle/gateway/gen/agent/v1/agent_service.pb.go:2333.3,2333.12 1 0
github.com/sparkle/gateway/gen/agent/v1/agent_service.pb.go:2335.2,2335.24 1 0
github.com/sparkle/gateway/gen/agent/v1/agent_service.pb.go:2339.59,2341.2 1 0
github.com/sparkle/gateway/gen/agent/v1/agent_service.pb.go:2343.50,2344.14 1 0
github.com/sparkle/gateway/gen/agent/v1/agent_service.pb.go:2344.14,2346.3 1 0
github.com/sparkle/gateway/gen/agent/v1/agent_service.pb.go:2347.2,2347.14 1 0
github.com/sparkle/gateway/gen/agent/v1/agent_service.pb.go:2350.53,2351.14 1 0
github.com/sparkle/gateway/gen/agent/v1/agent_service.pb.go:2351.14,2353.3 1 0
github.com/sparkle/gateway/gen/agent/v1/agent_service.pb.go:2354.2,2354.11 1 0
github.com/sparkle/gateway/gen/agent/v1/agent_service.pb.go:2357.51,2358.14 1 0
github.com/sparkle/gateway/gen/agent/v1/agent_service.pb.go:2358.14,2360.3 1 0
github.com/sparkle/gateway/gen/agent/v1/agent_service.pb.go:2361.2,2361.11 1 0
github.com/sparkle/gateway/gen/agent/v1/agent_service.pb.go:2364.52,2365.14 1 0
github.com/sparkle/gateway/gen/agent/v1/agent_service.pb.go:2365.14,2367.3 1 0
github.com/sparkle/gateway/gen/agent/v1/agent_service.pb.go:2368.2,2368.11 1 0
github.com/sparkle/gateway/gen/agent/v1/agent_service.pb.go:2380.39,2385.2 4 0
github.com/sparkle/gateway/gen/agent/v1/agent_service.pb.go:2387.47,2389.2 1 0
github.com/sparkle/gateway/gen/agent/v1/agent_service.pb.go:2391.45,2391.46 0 0
github.com/sparkle/gateway/gen/agent/v1/agent_service.pb.go:2393.67,2395.14 2 0
github.com/sparkle/gateway/gen/agent/v1/agent_service.pb.go:2395.14,2397.34 2 0
github.com/sparkle/gateway/gen/agent/v1/agent_service.pb.go:2397.34,2399.4 1 0
github.com/sparkle/gateway/gen/agent/v1/agent_service.pb.go:2400.3,2400.12 1 0
github.com/sparkle/gateway/gen/agent/v1/agent_service.pb.go:2402.2,2402.24 1 0
github.com/sparkle/gateway/gen/agent/v1/agent_service.pb.go:2406.58,2408.2 1 0
github.com/sparkle/gateway/gen/agent/v1/agent_service.pb.go:2410.50,2411.14 1 0
github.com/sparkle/gateway/gen/agent/v1/agent_service.pb.go:2411.14,2413.3 1 0
github.com/sparkle/gateway/gen/agent/v1/agent_service.pb.go:2414.2,2414.11 1 0
github.com/sparkle/gateway/gen/agent/v1/agent_service.pb.go:2417.52,2418.14 1 0
github.com/sparkle/gateway/gen/agent/v1/agent_service.pb.go:2418.14,2420.3 1 0
github.com/sparkle/gateway/gen/agent/v1/agent_service.pb.go:2421.2,2421.11 1 0
github.com/sparkle/gateway/gen/agent/v1/agent_service.pb.go:2440.40,2445.2 4 0
github.com/sparkle/gateway/gen/agent/v1/agent_service.pb.go:2447.48,2449.2 1 0
github.com/sparkle/gateway/gen/agent/v1/agent_service.pb.go:2451.46,2451.47 0 0
github.com/sparkle/gateway/gen/agent/v1/agent_service.pb.go:2453.68,2455.14 2 0
github.com/sparkle/gateway/gen/agent/v1/agent_service.pb.go:2455.14,2457.34 2 0
github.com/sparkle/gateway/gen/agent/v1/agent_service.pb.go:2457.34,2459.4 1 0
github.com/sparkle/gateway/gen/agent/v1/agent_service.pb.go:2460.3,2460.12 1 0
github.com/sparkle/gateway/gen/agent/v1/agent_service.pb.go:2462.2,2462.24 1 0
github.com/sparkle/gateway/gen/agent/v1/agent_service.pb.go:2466.59,2468.2 1 0
github.com/sparkle/gateway/gen/agent/v1/agent_service.pb.go:2470.53,2471.14 1 0
github.com/sparkle/gateway/gen/agent/v1/agent_service.pb.go:2471.14,2473.3 1 0
github.com/sparkle/gateway/gen/agent/v1/agent_service.pb.go:2474.2,2474.11 1 0
github.com/sparkle/gateway/gen/agent/v1/agent_service.pb.go:2477.53,2478.14 1 0
github.com/sparkle/gateway/gen/agent/v1/agent_service.pb.go:2478.14,2480.3 1 0
github.com/sparkle/gateway/gen/agent/v1/agent_service.pb.go:2481.2,2481.11 1 0
github.com/sparkle/gateway/gen/agent/v1/agent_service.pb.go:2484.51,2485.14 1 0
github.com/sparkle/gateway/gen/agent/v1/agent_service.pb.go:2485.14,2487.3 1 0
github.com/sparkle/gateway/gen/agent/v1/agent_service.pb.go:2488.2,2488.11 1 0
github.com/sparkle/gateway/gen/agent/v1/agent_service.pb.go:2491.56,2492.14 1 0
github.com/sparkle/gateway/gen/agent/v1/agent_service.pb.go:2492.14,2494.3 1 0
github.com/sparkle/gateway/gen/agent/v1/agent_service.pb.go:2495.2,2495.11 1 0
github.com/sparkle/gateway/gen/agent/v1/agent_service.pb.go:2498.57,2499.14 1 0
github.com/sparkle/gateway/gen/agent/v1/agent_service.pb.go:2499.14,2501.3 1 0
github.com/sparkle/gateway/gen/agent/v1/agent_service.pb.go:2502.2,2502.11 1 0
github.com/sparkle/gateway/gen/agent/v1/agent_service.pb.go:2505.55,2506.14 1 0
github.com/sparkle/gateway/gen/agent/v1/agent_service.pb.go:2506.14,2508.3 1 0
github.com/sparkle/gateway/gen/agent/v1/agent_service.pb.go:2509.2,2509.11 1 0
github.com/sparkle/gateway/gen/agent/v1/agent_service.pb.go:2512.55,2513.14 1 0
github.com/sparkle/gateway/gen/agent/v1/agent_service.pb.go:2513.14,2515.3 1 0
github.com/sparkle/gateway/gen/agent/v1/agent_service.pb.go:2516.2,2516.11 1 0
github.com/sparkle/gateway/gen/agent/v1/agent_service.pb.go:2519.55,2520.14 1 0
github.com/sparkle/gateway/gen/agent/v1/agent_service.pb.go:2520.14,2522.3 1 0
github.com/sparkle/gateway/gen/agent/v1/agent_service.pb.go:2523.2,2523.11 1 0
github.com/sparkle/gateway/gen/agent/v1/agent_service.pb.go:2526.62,2527.14 1 0
github.com/sparkle/gateway/gen/agent/v1/agent_service.pb.go:2527.14,2529.3 1 0
github.com/sparkle/gateway/gen/agent/v1/agent_service.pb.go:2530.2,2530.11 1 0
github.com/sparkle/gateway/gen/agent/v1/agent_service.pb.go:2533.60,2534.14 1 0
github.com/sparkle/gateway/gen/agent/v1/agent_service.pb.go:2534.14,2536.3 1 0
github.com/sparkle/gateway/gen/agent/v1/agent_service.pb.go:2537.2,2537.10 1 0
github.com/sparkle/gateway/gen/agent/v1/agent_service.pb.go:2563.41,2568.2 4 0
github.com/sparkle/gateway/gen/agent/v1/agent_service.pb.go:2570.49,2572.2 1 0
github.com/sparkle/gateway/gen/agent/v1/agent_service.pb.go:2574.47,2574.48 0 0
github.com/sparkle/gateway/gen/agent/v1/agent_service.pb.go:2576.69,2578.14 2 0
github.com/sparkle/gateway/gen/agent/v1/agent_service.pb.go:2578.14,2580.34 2 0
github.com/sparkle/gateway/gen/agent/v1/agent_service.pb.go:2580.34,2582.4 1 0
github.com/sparkle/gateway/gen/agent/v1/agent_service.pb.go:2583.3,2583.12 1 0
github.com/sparkle/gateway/gen/agent/v1/agent_service.pb.go:2585.2,2585.24 1 0
github.com/sparkle/gateway/gen/agent/v1/agent_service.pb.go:2589.60,2591.2 1 0
github.com/sparkle/gateway/gen/agent/v1/agent_service.pb.go:2593.52,2594.14 1 0
github.com/sparkle/gateway/gen/agent/v1/agent_service.pb.go:2594.14,2596.3 1 0
github.com/sparkle/gateway/gen/agent/v1/agent_service.pb.go:2597.2,2597.11 1 0
github.com/sparkle/gateway/gen/agent/v1/agent_service.pb.go:2600.54,2601.14 1 0
github.com/sparkle/gateway/gen/agent/v1/agent_service.pb.go:2601.14,2603.3 1 0
github.com/sparkle/gateway/gen/agent/v1/agent_service.pb.go:2604.2,2604.11 1 0
github.com/sparkle/gateway/gen/agent/v1/agent_service.pb.go:2607.58,2608.14 1 0
github.com/sparkle/gateway/gen/agent/v1/agent_service.pb.go:2608.14,2610.3 1 0
github.com/sparkle/gateway/gen/agent/v1/agent_service.pb.go:2611.2,2611.11 1 0
github.com/sparkle/gateway/gen/agent/v1/agent_service.pb.go:2614.51,2615.14 1 0
github.com/sparkle/gateway/gen/agent/v1/agent_service.pb.go:2615.14,2617.3 1 0
github.com/sparkle/gateway/gen/agent/v1/agent_service.pb.go:2618.2,2618.10 1 0
github.com/sparkle/gateway/gen/agent/v1/agent_service.pb.go:2621.54,2622.14 1 0
github.com/sparkle/gateway/gen/agent/v1/agent_service.pb.go:2622.14,2624.3 1 0
github.com/sparkle/gateway/gen/agent/v1/agent_service.pb.go:2625.2,2625.14 1 0
github.com/sparkle/gateway/gen/agent/v1/agent_service.pb.go:2628.55,2629.14 1 0
github.com/sparkle/gateway/gen/agent/v1/agent_service.pb.go:2629.14,2631.3 1 0
github.com/sparkle/gateway/gen/agent/v1/agent_service.pb.go:2632.2,2632.14 1 0
github.com/sparkle/gateway/gen/agent/v1/agent_service.pb.go:2635.64,2636.14 1 0
github.com/sparkle/gateway/gen/agent/v1/agent_service.pb.go:2636.14,2638.3 1 0
github.com/sparkle/gateway/gen/agent/v1/agent_service.pb.go:2639.2,2639.12 1 0
github.com/sparkle/gateway/gen/agent/v1/agent_service.pb.go:2642.62,2643.14 1 0
github.com/sparkle/gateway/gen/agent/v1/agent_service.pb.go:2643.14,2645.3 1 0
github.com/sparkle/gateway/gen/agent/v1/agent_service.pb.go:2646.2,2646.11 1 0
github.com/sparkle/gateway/gen/agent/v1/agent_service.pb.go:2649.54,2650.14 1 0
github.com/sparkle/gateway/gen/agent/v1/agent_service.pb.go:2650.14,2652.3 1 0
github.com/sparkle/gateway/gen/agent/v1/agent_service.pb.go:2653.2,2653.11 1 0
github.com/sparkle/gateway/gen/agent/v1/agent_service.pb.go:2656.52,2657.14 1 0
github.com/sparkle/gateway/gen/agent/v1/agent_service.pb.go:2657.14,2659.3 1 0
github.com/sparkle/gateway/gen/agent/v1/agent_service.pb.go:2660.2,2660.12 1 0
github.com/sparkle/gateway/gen/agent/v1/agent_service.pb.go:2673.42,2678.2 4 0
github.com/sparkle/gateway/gen/agent/v1/agent_service.pb.go:2680.50,2682.2 1 0
github.com/sparkle/gateway/gen/agent/v1/agent_service.pb.go:2684.48,2684.49 0 0
github.com/sparkle/gateway/gen/agent/v1/agent_service.pb.go:2686.70,2688.14 2 0
github.com/sparkle/gateway/gen/agent/v1/agent_service.pb.go:2688.14,2690.34 2 0
github.com/sparkle/gateway/gen/agent/v1/agent_service.pb.go:2690.34,2692.4 1 0
github.com/sparkle/gateway/gen/agent/v1/agent_service.pb.go:2693.3,2693.12 1 0
github.com/sparkle/gateway/gen/agent/v1/agent_service.pb.go:2695.2,2695.24 1 0
github.com/sparkle/gateway/gen/agent/v1/agent_service.pb.go:2699.61,2701.2 1 0
github.com/sparkle/gateway/gen/agent/v1/agent_service.pb.go:2703.52,2704.14 1 0
github.com/sparkle/gateway/gen/agent/v1/agent_service.pb.go:2704.14,2706.3 1 0
github.com/sparkle/gateway/gen/agent/v1/agent_service.pb.go:2707.2,2707.14 1 0
github.com/sparkle/gateway/gen/agent/v1/agent_service.pb.go:2710.57,2711.14 1 0
github.com/sparkle/gateway/gen/agent/v1/agent_service.pb.go:2711.14,2713.3 1 0
github.com/sparkle/gateway/gen/agent/v1/agent_service.pb.go:2714.2,2714.11 1 0
github.com/sparkle/gateway/gen/agent/v1/agent_service.pb.go:2717.54,2718.14 1 0
github.com/sparkle/gateway/gen/agent/v1/agent_service.pb.go:2718.14,2720.3 1 0
github.com/sparkle/gateway/gen/agent/v1/agent_service.pb.go:2721.2,2721.11 1 0
github.com/sparkle/gateway/gen/agent/v1/agent_service.pb.go:2742.39,2747.2 4 0
github.com/sparkle/gateway/gen/agent/v1/agent_service.pb.go:2749.47,2751.2 1 0
github.com/sparkle/gateway/gen/agent/v1/agent_service.pb.go:2753.45,2753.46 0 0
github.com/sparkle/gateway/gen/agent/v1/agent_service.pb.go:2755.67,2757.14 2 0
github.com/sparkle/gateway/gen/agent/v1/agent_service.pb.go:2757.14,2759.34 2 0
github.com/sparkle/gateway/gen/agent/v1/agent_service.pb.go:2759.34,2761.4 1 0
github.com/sparkle/gateway/gen/agent/v1/agent_service.pb.go:2762.3,2762.12 1 0
github.com/sparkle/gateway/gen/agent/v1/agent_service.pb.go:2764.2,2764.24 1 0
github.com/sparkle/gateway/gen/agent/v1/agent_service.pb.go:2768.58,2770.2 1 0
github.com/sparkle/gateway/gen/agent/v1/agent_service.pb.go:2772.50,2773.14 1 0
github.com/sparkle/gateway/gen/agent/v1/agent_service.pb.go:2773.14,2775.3 1 0
github.com/sparkle/gateway/gen/agent/v1/agent_service.pb.go:2776.2,2776.11 1 0
github.com/sparkle/gateway/gen/agent/v1/agent_service.pb.go:2779.61,2780.14 1 0
github.com/sparkle/gateway/gen/agent/v1/agent_service.pb.go:2780.14,2782.3 1 0
github.com/sparkle/gateway/gen/agent/v1/agent_service.pb.go:2783.2,2783.11 1 0
github.com/sparkle/gateway/gen/agent/v1/agent_service.pb.go:2786.52,2787.14 1 0
github.com/sparkle/gateway/gen/agent/v1/agent_service.pb.go:2787.14,2789.3 1 0
github.com/sparkle/gateway/gen/agent/v1/agent_service.pb.go:2790.2,2790.11 1 0
github.com/sparkle/gateway/gen/agent/v1/agent_service.pb.go:2793.60,2794.14 1 0
github.com/sparkle/gateway/gen/agent/v1/agent_service.pb.go:2794.14,2796.3 1 0
github.com/sparkle/gateway/gen/agent/v1/agent_service.pb.go:2797.2,2797.11 1 0
github.com/sparkle/gateway/gen/agent/v1/agent_service.pb.go:2800.62,2801.14 1 0
github.com/sparkle/gateway/gen/agent/v1/agent_service.pb.go:2801.14,2803.3 1 0
github.com/sparkle/gateway/gen/agent/v1/agent_service.pb.go:2804.2,2804.12 1 0
github.com/sparkle/gateway/gen/agent/v1/agent_service.pb.go:2807.56,2808.14 1 0
github.com/sparkle/gateway/gen/agent/v1/agent_service.pb.go:2808.14,2810.3 1 0
github.com/sparkle/gateway/gen/agent/v1/agent_service.pb.go:2811.2,2811.12 1 0
github.com/sparkle/gateway/gen/agent/v1/agent_service.pb.go:2814.62,2815.14 1 0
github.com/sparkle/gateway/gen/agent/v1/agent_service.pb.go:2815.14,2817.3 1 0
github.com/sparkle/gateway/gen/agent/v1/agent_service.pb.go:2818.2,2818.11 1 0
github.com/sparkle/gateway/gen/agent/v1/agent_service.pb.go:2836.40,2841.2 4 0
github.com/sparkle/gateway/gen/agent/v1/agent_service.pb.go:2843.48,2845.2 1 0
github.com/sparkle/gateway/gen/agent/v1/agent_service.pb.go:2847.46,2847.47 0 0
github.com/sparkle/gateway/gen/agent/v1/agent_service.pb.go:2849.68,2851.14 2 0
github.com/sparkle/gateway/gen/agent/v1/agent_service.pb.go:2851.14,2853.34 2 0
github.com/sparkle/gateway/gen/agent/v1/agent_service.pb.go:2853.34,2855.4 1 0
github.com/sparkle/gateway/gen/agent/v1/agent_service.pb.go:2856.3,2856.12 1 0
github.com/sparkle/gateway/gen/agent/v1/agent_service.pb.go:2858.2,2858.24 1 0
github.com/sparkle/gateway/gen/agent/v1/agent_service.pb.go:2862.59,2864.2 1 0
github.com/sparkle/gateway/gen/agent/v1/agent_service.pb.go:2866.50,2867.14 1 0
github.com/sparkle/gateway/gen/agent/v1/agent_service.pb.go:2867.14,2869.3 1 0
github.com/sparkle/gateway/gen/agent/v1/agent_service.pb.go:2870.2,2870.14 1 0
github.com/sparkle/gateway/gen/agent/v1/agent_service.pb.go:2873.54,2874.14 1 0
github.com/sparkle/gateway/gen/agent/v1/agent_service.pb.go:2874.14,2876.3 1 0
github.com/sparkle/gateway/gen/agent/v1/agent_service.pb.go:2877.2,2877.11 1 0
github.com/sparkle/gateway/gen/agent/v1/agent_service.pb.go:2880.55,2881.14 1 0
github.com/sparkle/gateway/gen/agent/v1/agent_service.pb.go:2881.14,2883.3 1 0
github.com/sparkle/gateway/gen/agent/v1/agent_service.pb.go:2884.2,2884.11 1 0
github.com/sparkle/gateway/gen/agent/v1/agent_service.pb.go:2887.57,2888.14 1 0
github.com/sparkle/gateway/gen/agent/v1/agent_service.pb.go:2888.14,2890.3 1 0
github.com/sparkle/gateway/gen/agent/v1/agent_service.pb.go:2891.2,2891.11 1 0
github.com/sparkle/gateway/gen/agent/v1/agent_service.pb.go:2894.63,2895.14 1 0
github.com/sparkle/gateway/gen/agent/v1/agent_service.pb.go:2895.14,2897.3 1 0
github.com/sparkle/gateway/gen/agent/v1/agent_service.pb.go:2898.2,2898.11 1 0
github.com/sparkle/gateway/gen/agent/v1/agent_service.pb.go:2901.58,2902.14 1 0
github.com/sparkle/gateway/gen/agent/v1/agent_service.pb.go:2902.14,2904.3 1 0
github.com/sparkle/gateway/gen/agent/v1/agent_service.pb.go:2905.2,2905.12 1 0
github.com/sparkle/gateway/gen/agent/v1/agent_service.pb.go:2908.62,2909.14 1 0
github.com/sparkle/gateway/gen/agent/v1/agent_service.pb.go:2909.14,2911.3 1 0
github.com/sparkle/gateway/gen/agent/v1/agent_service.pb.go:2912.2,2912.10 1 0
github.com/sparkle/gateway/gen/agent/v1/agent_service.pb.go:2915.60,2916.14 1 0
github.com/sparkle/gateway/gen/agent/v1/agent_service.pb.go:2916.14,2918.3 1 0
github.com/sparkle/gateway/gen/agent/v1/agent_service.pb.go:2919.2,2919.10 1 0
github.com/sparkle/gateway/gen/agent/v1/agent_service.pb.go:2931.45,2936.2 4 0
github.com/sparkle/gateway/gen/agent/v1/agent_service.pb.go:2938.53,2940.2 1 0
github.com/sparkle/gateway/gen/agent/v1/agent_service.pb.go:2942.51,2942.52 0 0
github.com/sparkle/gateway/gen/agent/v1/agent_service.pb.go:2944.73,2946.14 2 0
github.com/sparkle/gateway/gen/agent/v1/agent_service.pb.go:2946.14,2948.34 2 0
github.com/sparkle/gateway/gen/agent/v1/agent_service.pb.go:2948.34,2950.4 1 0
github.com/sparkle/gateway/gen/agent/v1/agent_service.pb.go:2951.3,2951.12 1 0
github.com/sparkle/gateway/gen/agent/v1/agent_service.pb.go:2953.2,2953.24 1 0
github.com/sparkle/gateway/gen/agent/v1/agent_service.pb.go:2957.64,2959.2 1 0
github.com/sparkle/gateway/gen/agent/v1/agent_service.pb.go:2961.56,2962.14 1 0
github.com/sparkle/gateway/gen/agent/v1/agent_service.pb.go:2962.14,2964.3 1 0
github.com/sparkle/gateway/gen/agent/v1/agent_service.pb.go:2965.2,2965.11 1 0
github.com/sparkle/gateway/gen/agent/v1/agent_service.pb.go:2968.59,2969.14 1 0
github.com/sparkle/gateway/gen/agent/v1/agent_service.pb.go:2969.14,2971.3 1 0
github.com/sparkle/gateway/gen/agent/v1/agent_service.pb.go:2972.2,2972.10 1 0
github.com/sparkle/gateway/gen/agent/v1/agent_service.pb.go:2989.46,2994.2 4 0
github.com/sparkle/gateway/gen/agent/v1/agent_service.pb.go:2996.54,2998.2 1 0
github.com/sparkle/gateway/gen/agent/v1/agent_service.pb.go:3000.52,3000.53 0 0
github.com/sparkle/gateway/gen/agent/v1/agent_service.pb.go:3002.74,3004.14 2 0
github.com/sparkle/gateway/gen/agent/v1/agent_service.pb.go:3004.14,3006.34 2 0
github.com/sparkle/gateway/gen/agent/v1/agent_service.pb.go:3006.34,3008.4 1 0
github.com/sparkle/gateway/gen/agent/v1/agent_service.pb.go:3009.3,3009.12 1 0
github.com/sparkle/gateway/gen/agent/v1/agent_service.pb.go:3011.2,3011.24 1 0
github.com/sparkle/gateway/gen/agent/v1/agent_service.pb.go:3015.65,3017.2 1 0
github.com/sparkle/gateway/gen/agent/v1/agent_service.pb.go:3019.64,3020.14 1 0
github.com/sparkle/gateway/gen/agent/v1/agent_service.pb.go:3020.14,3022.3 1 0
github.com/sparkle/gateway/gen/agent/v1/agent_service.pb.go:3023.2,3023.10 1 0
github.com/sparkle/gateway/gen/agent/v1/agent_service.pb.go:3026.61,3027.14 1 0
github.com/sparkle/gateway/gen/agent/v1/agent_service.pb.go:3027.14,3029.3 1 0
github.com/sparkle/gateway/gen/agent/v1/agent_service.pb.go:3030.2,3030.10 1 0
github.com/sparkle/gateway/gen/agent/v1/agent_service.pb.go:3033.63,3034.14 1 0
github.com/sparkle/gateway/gen/agent/v1/agent_service.pb.go:3034.14,3036.3 1 0
github.com/sparkle/gateway/gen/agent/v1/agent_service.pb.go:3037.2,3037.10 1 0
github.com/sparkle/gateway/gen/agent/v1/agent_service.pb.go:3040.64,3041.14 1 0
github.com/sparkle/gateway/gen/agent/v1/agent_service.pb.go:3041.14,3043.3 1 0
github.com/sparkle/gateway/gen/agent/v1/agent_service.pb.go:3044.2,3044.10 1 0
github.com/sparkle/gateway/gen/agent/v1/agent_service.pb.go:3047.70,3048.14 1 0
github.com/sparkle/gateway/gen/agent/v1/agent_service.pb.go:3048.14,3050.3 1 0
github.com/sparkle/gateway/gen/agent/v1/agent_service.pb.go:3051.2,3051.10 1 0
github.com/sparkle/gateway/gen/agent/v1/agent_service.pb.go:3054.73,3055.14 1 0
github.com/sparkle/gateway/gen/agent/v1/agent_service.pb.go:3055.14,3057.3 1 0
github.com/sparkle/gateway/gen/agent/v1/agent_service.pb.go:3058.2,3058.10 1 0
github.com/sparkle/gateway/gen/agent/v1/agent_service.pb.go:3061.60,3062.14 1 0
github.com/sparkle/gateway/gen/agent/v1/agent_service.pb.go:3062.14,3064.3 1 0
github.com/sparkle/gateway/gen/agent/v1/agent_service.pb.go:3065.2,3065.10 1 0
github.com/sparkle/gateway/gen/agent/v1/agent_service.pb.go:3078.46,3083.2 4 0
github.com/sparkle/gateway/gen/agent/v1/agent_service.pb.go:3085.54,3087.2 1 0
github.com/sparkle/gateway/gen/agent/v1/agent_service.pb.go:3089.52,3089.53 0 0
github.com/sparkle/gateway/gen/agent/v1/agent_service.pb.go:3091.74,3093.14 2 0
github.com/sparkle/gateway/gen/agent/v1/agent_service.pb.go:3093.14,3095.34 2 0
github.com/sparkle/gateway/gen/agent/v1/agent_service.pb.go:3095.34,3097.4 1 0
github.com/sparkle/gateway/gen/agent/v1/agent_service.pb.go:3098.3,3098.12 1 0
github.com/sparkle/gateway/gen/agent/v1/agent_service.pb.go:3100.2,3100.24 1 0
github.com/sparkle/gateway/gen/agent/v1/agent_service.pb.go:3104.65,3106.2 1 0
github.com/sparkle/gateway/gen/agent/v1/agent_service.pb.go:3108.55,3109.14 1 0
github.com/sparkle/gateway/gen/agent/v1/agent_service.pb.go:3109.14,3111.3 1 0
github.com/sparkle/gateway/gen/agent/v1/agent_service.pb.go:3112.2,3112.10 1 0
github.com/sparkle/gateway/gen/agent/v1/agent_service.pb.go:3115.65,3116.14 1 0
github.com/sparkle/gateway/gen/agent/v1/agent_service.pb.go:3116.14,3118.3 1 0
github.com/sparkle/gateway/gen/agent/v1/agent_service.pb.go:3119.2,3119.11 1 0
github.com/sparkle/gateway/gen/agent/v1/agent_service.pb.go:3122.63,3123.14 1 0
github.com/sparkle/gateway/gen/agent/v1/agent_service.pb.go:3123.14,3125.3 1 0
github.com/sparkle/gateway/gen/agent/v1/agent_service.pb.go:3126.2,3126.11 1 0
github.com/sparkle/gateway/gen/agent/v1/agent_service.pb.go:3154.39,3159.2 4 0
github.com/sparkle/gateway/gen/agent/v1/agent_service.pb.go:3161.47,3163.2 1 0
github.com/sparkle/gateway/gen/agent/v1/agent_service.pb.go:3165.45,3165.46 0 0
github.com/sparkle/gateway/gen/agent/v1/agent_service.pb.go:3167.67,3169.14 2 0
github.com/sparkle/gateway/gen/agent/v1/agent_service.pb.go:3169.14,3171.34 2 0
github.com/sparkle/gateway/gen/agent/v1/agent_service.pb.go:3171.34,3173.4 1 0
github.com/sparkle/gateway/gen/agent/v1/agent_service.pb.go:3174.3,3174.12 1 0
github.com/sparkle/gateway/gen/agent/v1/agent_service.pb.go:3176.2,3176.24 1 0
github.com/sparkle/gateway/gen/agent/v1/agent_service.pb.go:3180.58,3182.2 1 0
github.com/sparkle/gateway/gen/agent/v1/agent_service.pb.go:3184.50,3185.14 1 0
github.com/sparkle/gateway/gen/agent/v1/agent_service.pb.go:3185.14,3187.3 1 0
github.com/sparkle/gateway/gen/agent/v1/agent_service.pb.go:3188.2,3188.11 1 0
github.com/sparkle/gateway/gen/agent/v1/agent_service.pb.go:3191.52,3192.14 1 0
github.com/sparkle/gateway/gen/agent/v1/agent_service.pb.go:3192.14,3194.3 1 0
github.com/sparkle/gateway/gen/agent/v1/agent_service.pb.go:3195.2,3195.11 1 0
github.com/sparkle/gateway/gen/agent/v1/agent_service.pb.go:3198.52,3199.14 1 0
github.com/sparkle/gateway/gen/agent/v1/agent_service.pb.go:3199.14,3201.3 1 0
github.com/sparkle/gateway/gen/agent/v1/agent_service.pb.go:3202.2,3202.11 1 0
github.com/sparkle/gateway/gen/agent/v1/agent_service.pb.go:3205.50,3206.14 1 0
github.com/sparkle/gateway/gen/agent/v1/agent_service.pb.go:3206.14,3208.3 1 0
github.com/sparkle/gateway/gen/agent/v1/agent_service.pb.go:3209.2,3209.11 1 0
github.com/sparkle/gateway/gen/agent/v1/agent_service.pb.go:3212.60,3213.14 1 0
github.com/sparkle/gateway/gen/agent/v1/agent_service.pb.go:3213.14,3215.3 1 0
github.com/sparkle/gateway/gen/agent/v1/agent_service.pb.go:3216.2,3216.11 1 0
github.com/sparkle/gateway/gen/agent/v1/agent_service.pb.go:3219.52,3220.14 1 0
github.com/sparkle/gateway/gen/agent/v1/agent_service.pb.go:3220.14,3222.3 1 0
github.com/sparkle/gateway/gen/agent/v1/agent_service.pb.go:3223.2,3223.11 1 0
github.com/sparkle/gateway/gen/agent/v1/agent_service.pb.go:3226.53,3227.14 1 0
github.com/sparkle/gateway/gen/agent/v1/agent_service.pb.go:3227.14,3229.3 1 0
github.com/sparkle/gateway/gen/agent/v1/agent_service.pb.go:3230.2,3230.11 1 0
github.com/sparkle/gateway/gen/agent/v1/agent_service.pb.go:3233.50,3234.14 1 0
github.com/sparkle/gateway/gen/agent/v1/agent_service.pb.go:3234.14,3236.3 1 0
github.com/sparkle/gateway/gen/agent/v1/agent_service.pb.go:3237.2,3237.11 1 0
github.com/sparkle/gateway/gen/agent/v1/agent_service.pb.go:3240.54,3241.14 1 0
github.com/sparkle/gateway/gen/agent/v1/agent_service.pb.go:3241.14,3243.3 1 0
github.com/sparkle/gateway/gen/agent/v1/agent_service.pb.go:3244.2,3244.11 1 0
github.com/sparkle/gateway/gen/agent/v1/agent_service.pb.go:3247.54,3248.14 1 0
github.com/sparkle/gateway/gen/agent/v1/agent_service.pb.go:3248.14,3250.3 1 0
github.com/sparkle/gateway/gen/agent/v1/agent_service.pb.go:3251.2,3251.11 1 0
github.com/sparkle/gateway/gen/agent/v1/agent_service.pb.go:3254.64,3255.14 1 0
github.com/sparkle/gateway/gen/agent/v1/agent_service.pb.go:3255.14,3257.3 1 0
github.com/sparkle/gateway/gen/agent/v1/agent_service.pb.go:3258.2,3258.10 1 0
github.com/sparkle/gateway/gen/agent/v1/agent_service.pb.go:3261.65,3262.14 1 0
github.com/sparkle/gateway/gen/agent/v1/agent_service.pb.go:3262.14,3264.3 1 0
github.com/sparkle/gateway/gen/agent/v1/agent_service.pb.go:3265.2,3265.10 1 0
github.com/sparkle/gateway/gen/agent/v1/agent_service.pb.go:3268.61,3269.14 1 0
github.com/sparkle/gateway/gen/agent/v1/agent_service.pb.go:3269.14,3271.3 1 0
github.com/sparkle/gateway/gen/agent/v1/agent_service.pb.go:3272.2,3272.10 1 0
github.com/sparkle/gateway/gen/agent/v1/agent_service.pb.go:3275.54,3276.14 1 0
github.com/sparkle/gateway/gen/agent/v1/agent_service.pb.go:3276.14,3278.3 1 0
github.com/sparkle/gateway/gen/agent/v1/agent_service.pb.go:3279.2,3279.11 1 0
github.com/sparkle/gateway/gen/agent/v1/agent_service.pb.go:3282.57,3283.14 1 0
github.com/sparkle/gateway/gen/agent/v1/agent_service.pb.go:3283.14,3285.3 1 0
github.com/sparkle/gateway/gen/agent/v1/agent_service.pb.go:3286.2,3286.11 1 0
github.com/sparkle/gateway/gen/agent/v1/agent_service.pb.go:3289.54,3290.14 1 0
github.com/sparkle/gateway/gen/agent/v1/agent_service.pb.go:3290.14,3292.3 1 0
github.com/sparkle/gateway/gen/agent/v1/agent_service.pb.go:3293.2,3293.11 1 0
github.com/sparkle/gateway/gen/agent/v1/agent_service.pb.go:3296.54,3297.14 1 0
github.com/sparkle/gateway/gen/agent/v1/agent_service.pb.go:3297.14,3299.3 1 0
github.com/sparkle/gateway/gen/agent/v1/agent_service.pb.go:3300.2,3300.11 1 0
github.com/sparkle/gateway/gen/agent/v1/agent_service.pb.go:3303.51,3304.14 1 0
github.com/sparkle/gateway/gen/agent/v1/agent_service.pb.go:3304.14,3306.3 1 0
github.com/sparkle/gateway/gen/agent/v1/agent_service.pb.go:3307.2,3307.12 1 0
github.com/sparkle/gateway/gen/agent/v1/agent_service.pb.go:3319.47,3324.2 4 0
github.com/sparkle/gateway/gen/agent/v1/agent_service.pb.go:3326.55,3328.2 1 0
github.com/sparkle/gateway/gen/agent/v1/agent_service.pb.go:3330.53,3330.54 0 0
github.com/sparkle/gateway/gen/agent/v1/agent_service.pb.go:3332.75,3334.14 2 0
github.com/sparkle/gateway/gen/agent/v1/agent_service.pb.go:3334.14,3336.34 2 0
github.com/sparkle/gateway/gen/agent/v1/agent_service.pb.go:3336.34,3338.4 1 0
github.com/sparkle/gateway/gen/agent/v1/agent_service.pb.go:3339.3,3339.12 1 0
github.com/sparkle/gateway/gen/agent/v1/agent_service.pb.go:3341.2,3341.24 1 0
github.com/sparkle/gateway/gen/agent/v1/agent_service.pb.go:3345.66,3347.2 1 0
github.com/sparkle/gateway/gen/agent/v1/agent_service.pb.go:3349.73,3350.14 1 0
github.com/sparkle/gateway/gen/agent/v1/agent_service.pb.go:3350.14,3352.3 1 0
github.com/sparkle/gateway/gen/agent/v1/agent_service.pb.go:3353.2,3353.12 1 0
github.com/sparkle/gateway/gen/agent/v1/agent_service.pb.go:3356.61,3357.14 1 0
github.com/sparkle/gateway/gen/agent/v1/agent_service.pb.go:3357.14,3359.3 1 0
github.com/sparkle/gateway/gen/agent/v1/agent_service.pb.go:3360.2,3360.10 1 0
github.com/sparkle/gateway/gen/agent/v1/agent_service.pb.go:3373.48,3378.2 4 0
github.com/sparkle/gateway/gen/agent/v1/agent_service.pb.go:3380.56,3382.2 1 0
github.com/sparkle/gateway/gen/agent/v1/agent_service.pb.go:3384.54,3384.55 0 0
github.com/sparkle/gateway/gen/agent/v1/agent_service.pb.go:3386.76,3388.14 2 0
github.com/sparkle/gateway/gen/agent/v1/agent_service.pb.go:3388.14,3390.34 2 0
github.com/sparkle/gateway/gen/agent/v1/agent_service.pb.go:3390.34,3392.4 1 0
github.com/sparkle/gateway/gen/agent/v1/agent_service.pb.go:3393.3,3393.12 1 0
github.com/sparkle/gateway/gen/agent/v1/agent_service.pb.go:3395.2,3395.24 1 0
github.com/sparkle/gateway/gen/agent/v1/agent_service.pb.go:3399.67,3401.2 1 0
github.com/sparkle/gateway/gen/agent/v1/agent_service.pb.go:3403.59,3404.14 1 0
github.com/sparkle/gateway/gen/agent/v1/agent_service.pb.go:3404.14,3406.3 1 0
github.com/sparkle/gateway/gen/agent/v1/agent_service.pb.go:3407.2,3407.11 1 0
github.com/sparkle/gateway/gen/agent/v1/agent_service.pb.go:3410.65,3411.14 1 0
github.com/sparkle/gateway/gen/agent/v1/agent_service.pb.go:3411.14,3413.3 1 0
github.com/sparkle/gateway/gen/agent/v1/agent_service.pb.go:3414.2,3414.11 1 0
github.com/sparkle/gateway/gen/agent/v1/agent_service.pb.go:3417.67,3418.14 1 0
github.com/sparkle/gateway/gen/agent/v1/agent_service.pb.go:3418.14,3420.3 1 0
github.com/sparkle/gateway/gen/agent/v1/agent_service.pb.go:3421.2,3421.11 1 0
github.com/sparkle/gateway/gen/agent/v1/agent_service.pb.go:3433.49,3438.2 4 0
github.com/sparkle/gateway/gen/agent/v1/agent_service.pb.go:3440.57,3442.2 1 0
github.com/sparkle/gateway/gen/agent/v1/agent_service.pb.go:3444.55,3444.56 0 0
github.com/sparkle/gateway/gen/agent/v1/agent_service.pb.go:3446.77,3448.14 2 0
github.com/sparkle/gateway/gen/agent/v1/agent_service.pb.go:3448.14,3450.34 2 0
github.com/sparkle/gateway/gen/agent/v1/agent_service.pb.go:3450.34,3452.4 1 0
github.com/sparkle/gateway/gen/agent/v1/agent_service.pb.go:3453.3,3453.12 1 0
github.com/sparkle/gateway/gen/agent/v1/agent_service.pb.go:3455.2,3455.24 1 0
github.com/sparkle/gateway/gen/agent/v1/agent_service.pb.go:3459.68,3461.2 1 0
github.com/sparkle/gateway/gen/agent/v1/agent_service.pb.go:3463.59,3464.14 1 0
github.com/sparkle/gateway/gen/agent/v1/agent_service.pb.go:3464.14,3466.3 1 0
github.com/sparkle/gateway/gen/agent/v1/agent_service.pb.go:3467.2,3467.14 1 0
github.com/sparkle/gateway/gen/agent/v1/agent_service.pb.go:3470.61,3471.14 1 0
github.com/sparkle/gateway/gen/agent/v1/agent_service.pb.go:3471.14,3473.3 1 0
github.com/sparkle/gateway/gen/agent/v1/agent_service.pb.go:3474.2,3474.11 1 0
github.com/sparkle/gateway/gen/agent/v1/agent_service.pb.go:3490.52,3495.2 4 0
github.com/sparkle/gateway/gen/agent/v1/agent_service.pb.go:3497.60,3499.2 1 0
github.com/sparkle/gateway/gen/agent/v1/agent_service.pb.go:3501.58,3501.59 0 0
github.com/sparkle/gateway/gen/agent/v1/agent_service.pb.go:3503.80,3505.14 2 0
github.com/sparkle/gateway/gen/agent/v1/agent_service.pb.go:3505.14,3507.34 2 0
github.com/sparkle/gateway/gen/agent/v1/agent_service.pb.go:3507.34,3509.4 1 0
github.com/sparkle/gateway/gen/agent/v1/agent_service.pb.go:3510.3,3510.12 1 0
github.com/sparkle/gateway/gen/agent/v1/agent_service.pb.go:3512.2,3512.24 1 0
github.com/sparkle/gateway/gen/agent/v1/agent_service.pb.go:3516.71,3518.2 1 0
github.com/sparkle/gateway/gen/agent/v1/agent_service.pb.go:3520.63,3521.14 1 0
github.com/sparkle/gateway/gen/agent/v1/agent_service.pb.go:3521.14,3523.3 1 0
github.com/sparkle/gateway/gen/agent/v1/agent_service.pb.go:3524.2,3524.11 1 0
github.com/sparkle/gateway/gen/agent/v1/agent_service.pb.go:3527.65,3528.14 1 0
github.com/sparkle/gateway/gen/agent/v1/agent_service.pb.go:3528.14,3530.3 1 0
github.com/sparkle/gateway/gen/agent/v1/agent_service.pb.go:3531.2,3531.11 1 0
github.com/sparkle/gateway/gen/agent/v1/agent_service.pb.go:3534.68,3535.14 1 0
github.com/sparkle/gateway/gen/agent/v1/agent_service.pb.go:3535.14,3537.3 1 0
github.com/sparkle/gateway/gen/agent/v1/agent_service.pb.go:3538.2,3538.11 1 0
github.com/sparkle/gateway/gen/agent/v1/agent_service.pb.go:3541.69,3542.14 1 0
github.com/sparkle/gateway/gen/agent/v1/agent_service.pb.go:3542.14,3544.3 1 0
github.com/sparkle/gateway/gen/agent/v1/agent_service.pb.go:3545.2,3545.11 1 0
github.com/sparkle/gateway/gen/agent/v1/agent_service.pb.go:3548.71,3549.14 1 0
github.com/sparkle/gateway/gen/agent/v1/agent_service.pb.go:3549.14,3551.3 1 0
github.com/sparkle/gateway/gen/agent/v1/agent_service.pb.go:3552.2,3552.11 1 0
github.com/sparkle/gateway/gen/agent/v1/agent_service.pb.go:3555.73,3556.14 1 0
github.com/sparkle/gateway/gen/agent/v1/agent_service.pb.go:3556.14,3558.3 1 0
github.com/sparkle/gateway/gen/agent/v1/agent_service.pb.go:3559.2,3559.11 1 0
github.com/sparkle/gateway/gen/agent/v1/agent_service.pb.go:3572.53,3577.2 4 0
github.com/sparkle/gateway/gen/agent/v1/agent_service.pb.go:3579.61,3581.2 1 0
github.com/sparkle/gateway/gen/agent/v1/agent_service.pb.go:3583.59,3583.60 0 0
github.com/sparkle/gateway/gen/agent/v1/agent_service.pb.go:3585.81,3587.14 2 0
github.com/sparkle/gateway/gen/agent/v1/agent_service.pb.go:3587.14,3589.34 2 0
github.com/sparkle/gateway/gen/agent/v1/agent_service.pb.go:3589.34,3591.4 1 0
github.com/sparkle/gateway/gen/agent/v1/agent_service.pb.go:3592.3,3592.12 1 0
github.com/sparkle/gateway/gen/agent/v1/agent_service.pb.go:3594.2,3594.24 1 0
github.com/sparkle/gateway/gen/agent/v1/agent_service.pb.go:3598.72,3600.2 1 0
github.com/sparkle/gateway/gen/agent/v1/agent_service.pb.go:3602.63,3603.14 1 0
github.com/sparkle/gateway/gen/agent/v1/agent_service.pb.go:3603.14,3605.3 1 0
github.com/sparkle/gateway/gen/agent/v1/agent_service.pb.go:3606.2,3606.14 1 0
github.com/sparkle/gateway/gen/agent/v1/agent_service.pb.go:3609.68,3610.14 1 0
github.com/sparkle/gateway/gen/agent/v1/agent_service.pb.go:3610.14,3612.3 1 0
github.com/sparkle/gateway/gen/agent/v1/agent_service.pb.go:3613.2,3613.11 1 0
github.com/sparkle/gateway/gen/agent/v1/agent_service.pb.go:3616.65,3617.14 1 0
github.com/sparkle/gateway/gen/agent/v1/agent_service.pb.go:3617.14,3619.3 1 0
github.com/sparkle/gateway/gen/agent/v1/agent_service.pb.go:3620.2,3620.11 1 0
github.com/sparkle/gateway/gen/agent/v1/agent_service.pb.go:3630.51,3635.2 4 0
github.com/sparkle/gateway/gen/agent/v1/agent_service.pb.go:3637.59,3639.2 1 0
github.com/sparkle/gateway/gen/agent/v1/agent_service.pb.go:3641.57,3641.58 0 0
github.com/sparkle/gateway/gen/agent/v1/agent_service.pb.go:3643.79,3645.14 2 0
github.com/sparkle/gateway/gen/agent/v1/agent_service.pb.go:3645.14,3647.34 2 0
github.com/sparkle/gateway/gen/agent/v1/agent_service.pb.go:3647.34,3649.4 1 0
github.com/sparkle/gateway/gen/agent/v1/agent_service.pb.go:3650.3,3650.12 1 0
github.com/sparkle/gateway/gen/agent/v1/agent_service.pb.go:3652.2,3652.24 1 0
github.com/sparkle/gateway/gen/agent/v1/agent_service.pb.go:3656.70,3658.2 1 0
github.com/sparkle/gateway/gen/agent/v1/agent_service.pb.go:3674.45,3679.2 4 0
github.com/sparkle/gateway/gen/agent/v1/agent_service.pb.go:3681.53,3683.2 1 0
github.com/sparkle/gateway/gen/agent/v1/agent_service.pb.go:3685.51,3685.52 0 0
github.com/sparkle/gateway/gen/agent/v1/agent_service.pb.go:3687.73,3689.14 2 0
github.com/sparkle/gateway/gen/agent/v1/agent_service.pb.go:3689.14,3691.34 2 0
github.com/sparkle/gateway/gen/agent/v1/agent_service.pb.go:3691.34,3693.4 1 0
github.com/sparkle/gateway/gen/agent/v1/agent_service.pb.go:3694.3,3694.12 1 0
github.com/sparkle/gateway/gen/agent/v1/agent_service.pb.go:3696.2,3696.24 1 0
github.com/sparkle/gateway/gen/agent/v1/agent_service.pb.go:3700.64,3702.2 1 0
github.com/sparkle/gateway/gen/agent/v1/agent_service.pb.go:3704.61,3705.14 1 0
github.com/sparkle/gateway/gen/agent/v1/agent_service.pb.go:3705.14,3707.3 1 0
github.com/sparkle/gateway/gen/agent/v1/agent_service.pb.go:3708.2,3708.10 1 0
github.com/sparkle/gateway/gen/agent/v1/agent_service.pb.go:3711.62,3712.14 1 0
github.com/sparkle/gateway/gen/agent/v1/agent_service.pb.go:3712.14,3714.3 1 0
github.com/sparkle/gateway/gen/agent/v1/agent_service.pb.go:3715.2,3715.10 1 0
github.com/sparkle/gateway/gen/agent/v1/agent_service.pb.go:3718.62,3719.14 1 0
github.com/sparkle/gateway/gen/agent/v1/agent_service.pb.go:3719.14,3721.3 1 0
github.com/sparkle/gateway/gen/agent/v1/agent_service.pb.go:3722.2,3722.10 1 0
github.com/sparkle/gateway/gen/agent/v1/agent_service.pb.go:3725.67,3726.14 1 0
github.com/sparkle/gateway/gen/agent/v1/agent_service.pb.go:3726.14,3728.3 1 0
github.com/sparkle/gateway/gen/agent/v1/agent_service.pb.go:3729.2,3729.10 1 0
github.com/sparkle/gateway/gen/agent/v1/agent_service.pb.go:3732.73,3733.14 1 0
github.com/sparkle/gateway/gen/agent/v1/agent_service.pb.go:3733.14,3735.3 1 0
github.com/sparkle/gateway/gen/agent/v1/agent_service.pb.go:3736.2,3736.10 1 0
github.com/sparkle/gateway/gen/agent/v1/agent_service.pb.go:3739.70,3740.14 1 0
github.com/sparkle/gateway/gen/agent/v1/agent_service.pb.go:3740.14,3742.3 1 0
github.com/sparkle/gateway/gen/agent/v1/agent_service.pb.go:3743.2,3743.12 1 0
github.com/sparkle/gateway/gen/agent/v1/agent_service.pb.go:3746.68,3747.14 1 0
github.com/sparkle/gateway/gen/agent/v1/agent_service.pb.go:3747.14,3749.3 1 0
github.com/sparkle/gateway/gen/agent/v1/agent_service.pb.go:3750.2,3750.12 1 0
github.com/sparkle/gateway/gen/agent/v1/agent_service.pb.go:3761.52,3766.2 4 0
github.com/sparkle/gateway/gen/agent/v1/agent_service.pb.go:3768.60,3770.2 1 0
github.com/sparkle/gateway/gen/agent/v1/agent_service.pb.go:3772.58,3772.59 0 0
github.com/sparkle/gateway/gen/agent/v1/agent_service.pb.go:3774.80,3776.14 2 0
github.com/sparkle/gateway/gen/agent/v1/agent_service.pb.go:3776.14,3778.34 2 0
github.com/sparkle/gateway/gen/agent/v1/agent_service.pb.go:3778.34,3780.4 1 0
github.com/sparkle/gateway/gen/agent/v1/agent_service.pb.go:3781.3,3781.12 1 0
github.com/sparkle/gateway/gen/agent/v1/agent_service.pb.go:3783.2,3783.24 1 0
github.com/sparkle/gateway/gen/agent/v1/agent_service.pb.go:3787.71,3789.2 1 0
github.com/sparkle/gateway/gen/agent/v1/agent_service.pb.go:3791.82,3792.14 1 0
github.com/sparkle/gateway/gen/agent/v1/agent_service.pb.go:3792.14,3794.3 1 0
github.com/sparkle/gateway/gen/agent/v1/agent_service.pb.go:3795.2,3795.12 1 0
github.com/sparkle/gateway/gen/agent/v1/agent_service.pb.go:3805.33,3810.2 4 0
github.com/sparkle/gateway/gen/agent/v1/agent_service.pb.go:3812.41,3814.2 1 0
github.com/sparkle/gateway/gen/agent/v1/agent_service.pb.go:3816.39,3816.40 0 0
github.com/sparkle/gateway/gen/agent/v1/agent_service.pb.go:3818.61,3820.14 2 0
github.com/sparkle/gateway/gen/agent/v1/agent_service.pb.go:3820.14,3822.34 2 0
github.com/sparkle/gateway/gen/agent/v1/agent_service.pb.go:3822.34,3824.4 1 0
github.com/sparkle/gateway/gen/agent/v1/agent_service.pb.go:3825.3,3825.12 1 0
github.com/sparkle/gateway/gen/agent/v1/agent_service.pb.go:3827.2,3827.24 1 0
github.com/sparkle/gateway/gen/agent/v1/agent_service.pb.go:3831.52,3833.2 1 0
github.com/sparkle/gateway/gen/agent/v1/agent_service.pb.go:3835.52,3836.14 1 0
github.com/sparkle/gateway/gen/agent/v1/agent_service.pb.go:3836.14,3838.3 1 0
github.com/sparkle/gateway/gen/agent/v1/agent_service.pb.go:3839.2,3839.12 1 0
github.com/sparkle/gateway/gen/agent/v1/agent_service.pb.go:3858.28,3863.2 4 0
github.com/sparkle/gateway/gen/agent/v1/agent_service.pb.go:3865.36,3867.2 1 0
github.com/sparkle/gateway/gen/agent/v1/agent_service.pb.go:3869.34,3869.35 0 0
github.com/sparkle/gateway/gen/agent/v1/agent_service.pb.go:3871.56,3873.14 2 0
github.com/sparkle/gateway/gen/agent/v1/agent_service.pb.go:3873.14,3875.34 2 0
github.com/sparkle/gateway/gen/agent/v1/agent_service.pb.go:3875.34,3877.4 1 0
github.com/sparkle/gateway/gen/agent/v1/agent_service.pb.go:3878.3,3878.12 1 0
github.com/sparkle/gateway/gen/agent/v1/agent_service.pb.go:3880.2,3880.24 1 0
github.com/sparkle/gateway/gen/agent/v1/agent_service.pb.go:3884.47,3886.2 1 0
github.com/sparkle/gateway/gen/agent/v1/agent_service.pb.go:3888.35,3889.14 1 0
github.com/sparkle/gateway/gen/agent/v1/agent_service.pb.go:3889.14,3891.3 1 0
github.com/sparkle/gateway/gen/agent/v1/agent_service.pb.go:3892.2,3892.11 1 0
github.com/sparkle/gateway/gen/agent/v1/agent_service.pb.go:3895.38,3896.14 1 0
github.com/sparkle/gateway/gen/agent/v1/agent_service.pb.go:3896.14,3898.3 1 0
github.com/sparkle/gateway/gen/agent/v1/agent_service.pb.go:3899.2,3899.11 1 0
github.com/sparkle/gateway/gen/agent/v1/agent_service.pb.go:3902.40,3903.14 1 0
github.com/sparkle/gateway/gen/agent/v1/agent_service.pb.go:3903.14,3905.3 1 0
github.com/sparkle/gateway/gen/agent/v1/agent_service.pb.go:3906.2,3906.11 1 0
github.com/sparkle/gateway/gen/agent/v1/agent_service.pb.go:3909.43,3910.14 1 0
github.com/sparkle/gateway/gen/agent/v1/agent_service.pb.go:3910.14,3912.3 1 0
github.com/sparkle/gateway/gen/agent/v1/agent_service.pb.go:3913.2,3913.11 1 0
github.com/sparkle/gateway/gen/agent/v1/agent_service.pb.go:3916.36,3917.14 1 0
github.com/sparkle/gateway/gen/agent/v1/agent_service.pb.go:3917.14,3919.3 1 0
github.com/sparkle/gateway/gen/agent/v1/agent_service.pb.go:3920.2,3920.11 1 0
github.com/sparkle/gateway/gen/agent/v1/agent_service.pb.go:3923.39,3924.14 1 0
github.com/sparkle/gateway/gen/agent/v1/agent_service.pb.go:3924.14,3926.3 1 0
github.com/sparkle/gateway/gen/agent/v1/agent_service.pb.go:3927.2,3927.10 1 0
github.com/sparkle/gateway/gen/agent/v1/agent_service.pb.go:3930.39,3931.14 1 0
github.com/sparkle/gateway/gen/agent/v1/agent_service.pb.go:3931.14,3933.3 1 0
github.com/sparkle/gateway/gen/agent/v1/agent_service.pb.go:3934.2,3934.11 1 0
github.com/sparkle/gateway/gen/agent/v1/agent_service.pb.go:3937.42,3938.14 1 0
github.com/sparkle/gateway/gen/agent/v1/agent_service.pb.go:3938.14,3940.3 1 0
github.com/sparkle/gateway/gen/agent/v1/agent_service.pb.go:3941.2,3941.10 1 0
github.com/sparkle/gateway/gen/agent/v1/agent_service.pb.go:3944.42,3945.14 1 0
github.com/sparkle/gateway/gen/agent/v1/agent_service.pb.go:3945.14,3947.3 1 0
github.com/sparkle/gateway/gen/agent/v1/agent_service.pb.go:3948.2,3948.10 1 0
github.com/sparkle/gateway/gen/agent/v1/agent_service.pb.go:3951.45,3952.14 1 0
github.com/sparkle/gateway/gen/agent/v1/agent_service.pb.go:3952.14,3954.3 1 0
github.com/sparkle/gateway/gen/agent/v1/agent_service.pb.go:3955.2,3955.11 1 0
github.com/sparkle/gateway/gen/agent/v1/agent_service.pb.go:3967.28,3972.2 4 0
github.com/sparkle/gateway/gen/agent/v1/agent_service.pb.go:3974.36,3976.2 1 0
github.com/sparkle/gateway/gen/agent/v1/agent_service.pb.go:3978.34,3978.35 0 0
github.com/sparkle/gateway/gen/agent/v1/agent_service.pb.go:3980.56,3982.14 2 0
github.com/sparkle/gateway/gen/agent/v1/agent_service.pb.go:3982.14,3984.34 2 0
github.com/sparkle/gateway/gen/agent/v1/agent_service.pb.go:3984.34,3986.4 1 0
github.com/sparkle/gateway/gen/agent/v1/agent_service.pb.go:3987.3,3987.12 1 0
github.com/sparkle/gateway/gen/agent/v1/agent_service.pb.go:3989.2,3989.24 1 0
github.com/sparkle/gateway/gen/agent/v1/agent_service.pb.go:3993.47,3995.2 1 0
github.com/sparkle/gateway/gen/agent/v1/agent_service.pb.go:3997.35,3998.14 1 0
github.com/sparkle/gateway/gen/agent/v1/agent_service.pb.go:3998.14,4000.3 1 0
github.com/sparkle/gateway/gen/agent/v1/agent_service.pb.go:4001.2,4001.11 1 0
github.com/sparkle/gateway/gen/agent/v1/agent_service.pb.go:4004.37,4005.14 1 0
github.com/sparkle/gateway/gen/agent/v1/agent_service.pb.go:4005.14,4007.3 1 0
github.com/sparkle/gateway/gen/agent/v1/agent_service.pb.go:4008.2,4008.11 1 0
github.com/sparkle/gateway/gen/agent/v1/agent_service.pb.go:4011.42,4012.14 1 0
github.com/sparkle/gateway/gen/agent/v1/agent_service.pb.go:4012.14,4014.3 1 0
github.com/sparkle/gateway/gen/agent/v1/agent_service.pb.go:4015.2,4015.11 1 0
github.com/sparkle/gateway/gen/agent/v1/agent_service.pb.go:4032.37,4037.2 4 0
github.com/sparkle/gateway/gen/agent/v1/agent_service.pb.go:4039.45,4041.2 1 0
github.com/sparkle/gateway/gen/agent/v1/agent_service.pb.go:4043.43,4043.44 0 0
github.com/sparkle/gateway/gen/agent/v1/agent_service.pb.go:4045.65,4047.14 2 0
github.com/sparkle/gateway/gen/agent/v1/agent_service.pb.go:4047.14,4049.34 2 0
github.com/sparkle/gateway/gen/agent/v1/agent_service.pb.go:4049.34,4051.4 1 0
github.com/sparkle/gateway/gen/agent/v1/agent_service.pb.go:4052.3,4052.12 1 0
github.com/sparkle/gateway/gen/agent/v1/agent_service.pb.go:4054.2,4054.24 1 0
github.com/sparkle/gateway/gen/agent/v1/agent_service.pb.go:4058.56,4060.2 1 0
github.com/sparkle/gateway/gen/agent/v1/agent_service.pb.go:4062.50,4063.14 1 0
github.com/sparkle/gateway/gen/agent/v1/agent_service.pb.go:4063.14,4065.3 1 0
github.com/sparkle/gateway/gen/agent/v1/agent_service.pb.go:4066.2,4066.11 1 0
github.com/sparkle/gateway/gen/agent/v1/agent_service.pb.go:4069.47,4070.14 1 0
github.com/sparkle/gateway/gen/agent/v1/agent_service.pb.go:4070.14,4072.3 1 0
github.com/sparkle/gateway/gen/agent/v1/agent_service.pb.go:4073.2,4073.14 1 0
github.com/sparkle/gateway/gen/agent/v1/agent_service.pb.go:4076.56,4077.14 1 0
github.com/sparkle/gateway/gen/agent/v1/agent_service.pb.go:4077.14,4079.3 1 0
github.com/sparkle/gateway/gen/agent/v1/agent_service.pb.go:4080.2,4080.12 1 0
github.com/sparkle/gateway/gen/agent/v1/agent_service.pb.go:4083.54,4084.14 1 0
github.com/sparkle/gateway/gen/agent/v1/agent_service.pb.go:4084.14,4086.3 1 0
github.com/sparkle/gateway/gen/agent/v1/agent_service.pb.go:4087.2,4087.11 1 0
github.com/sparkle/gateway/gen/agent/v1/agent_service.pb.go:4090.52,4091.14 1 0
github.com/sparkle/gateway/gen/agent/v1/agent_service.pb.go:4091.14,4093.3 1 0
github.com/sparkle/gateway/gen/agent/v1/agent_service.pb.go:4094.2,4094.11 1 0
github.com/sparkle/gateway/gen/agent/v1/agent_service.pb.go:4097.52,4098.14 1 0
github.com/sparkle/gateway/gen/agent/v1/agent_service.pb.go:4098.14,4100.3 1 0
github.com/sparkle/gateway/gen/agent/v1/agent_service.pb.go:4101.2,4101.11 1 0
github.com/sparkle/gateway/gen/agent/v1/agent_service.pb.go:4104.62,4105.14 1 0
github.com/sparkle/gateway/gen/agent/v1/agent_service.pb.go:4105.14,4107.3 1 0
github.com/sparkle/gateway/gen/agent/v1/agent_service.pb.go:4108.2,4108.12 1 0
github.com/sparkle/gateway/gen/agent/v1/agent_service.pb.go:4111.52,4112.14 1 0
github.com/sparkle/gateway/gen/agent/v1/agent_service.pb.go:4112.14,4114.3 1 0
github.com/sparkle/gateway/gen/agent/v1/agent_service.pb.go:4115.2,4115.11 1 0
github.com/sparkle/gateway/gen/agent/v1/agent_service.pb.go:4128.31,4133.2 4 0
github.com/sparkle/gateway/gen/agent/v1/agent_service.pb.go:4135.39,4137.2 1 0
github.com/sparkle/gateway/gen/agent/v1/agent_service.pb.go:4139.37,4139.38 0 0
github.com/sparkle/gateway/gen/agent/v1/agent_service.pb.go:4141.59,4143.14 2 0
github.com/sparkle/gateway/gen/agent/v1/agent_service.pb.go:4143.14,4145.34 2 0
github.com/sparkle/gateway/gen/agent/v1/agent_service.pb.go:4145.34,4147.4 1 0
github.com/sparkle/gateway/gen/agent/v1/agent_service.pb.go:4148.3,4148.12 1 0
github.com/sparkle/gateway/gen/agent/v1/agent_service.pb.go:4150.2,4150.24 1 0
github.com/sparkle/gateway/gen/agent/v1/agent_service.pb.go:4154.50,4156.2 1 0
github.com/sparkle/gateway/gen/agent/v1/agent_service.pb.go:4158.40,4159.14 1 0
github.com/sparkle/gateway/gen/agent/v1/agent_service.pb.go:4159.14,4161.3 1 0
github.com/sparkle/gateway/gen/agent/v1/agent_service.pb.go:4162.2,4162.11 1 0
github.com/sparkle/gateway/gen/agent/v1/agent_service.pb.go:4165.38,4166.14 1 0
github.com/sparkle/gateway/gen/agent/v1/agent_service.pb.go:4166.14,4168.3 1 0
github.com/sparkle/gateway/gen/agent/v1/agent_service.pb.go:4169.2,4169.11 1 0
github.com/sparkle/gateway/gen/agent/v1/agent_service.pb.go:4172.49,4173.14 1 0
github.com/sparkle/gateway/gen/agent/v1/agent_service.pb.go:4173.14,4175.3 1 0
github.com/sparkle/gateway/gen/agent/v1/agent_service.pb.go:4176.2,4176.11 1 0
github.com/sparkle/gateway/gen/agent/v1/agent_service.pb.go:4179.45,4180.14 1 0
github.com/sparkle/gateway/gen/agent/v1/agent_service.pb.go:4180.14,4182.3 1 0
github.com/sparkle/gateway/gen/agent/v1/agent_service.pb.go:4183.2,4183.14 1 0
github.com/sparkle/gateway/gen/agent/v1/agent_service.pb.go:4194.34,4199.2 4 0
github.com/sparkle/gateway/gen/agent/v1/agent_service.pb.go:4201.42,4203.2 1 0
github.com/sparkle/gateway/gen/agent/v1/agent_service.pb.go:4205.40,4205.41 0 0
github.com/sparkle/gateway/gen/agent/v1/agent_service.pb.go:4207.62,4209.14 2 0
github.com/sparkle/gateway/gen/agent/v1/agent_service.pb.go:4209.14,4211.34 2 0
github.com/sparkle/gateway/gen/agent/v1/agent_service.pb.go:4211.34,4213.4 1 0
github.com/sparkle/gateway/gen/agent/v1/agent_service.pb.go:4214.3,4214.12 1 0
github.com/sparkle/gateway/gen/agent/v1/agent_service.pb.go:4216.2,4216.24 1 0
github.com/sparkle/gateway/gen/agent/v1/agent_service.pb.go:4220.53,4222.2 1 0
github.com/sparkle/gateway/gen/agent/v1/agent_service.pb.go:4224.45,4225.14 1 0
github.com/sparkle/gateway/gen/agent/v1/agent_service.pb.go:4225.14,4227.3 1 0
github.com/sparkle/gateway/gen/agent/v1/agent_service.pb.go:4228.2,4228.11 1 0
github.com/sparkle/gateway/gen/agent/v1/agent_service.pb.go:4231.45,4232.14 1 0
github.com/sparkle/gateway/gen/agent/v1/agent_service.pb.go:4232.14,4234.3 1 0
github.com/sparkle/gateway/gen/agent/v1/agent_service.pb.go:4235.2,4235.10 1 0
github.com/sparkle/gateway/gen/agent/v1/agent_service.pb.go:4249.38,4254.2 4 0
github.com/sparkle/gateway/gen/agent/v1/agent_service.pb.go:4256.46,4258.2 1 0
github.com/sparkle/gateway/gen/agent/v1/agent_service.pb.go:4260.44,4260.45 0 0
github.com/sparkle/gateway/gen/agent/v1/agent_service.pb.go:4262.66,4264.14 2 0
github.com/sparkle/gateway/gen/agent/v1/agent_service.pb.go:4264.14,4266.34 2 0
github.com/sparkle/gateway/gen/agent/v1/agent_service.pb.go:4266.34,4268.4 1 0
github.com/sparkle/gateway/gen/agent/v1/agent_service.pb.go:4269.3,4269.12 1 0
github.com/sparkle/gateway/gen/agent/v1/agent_service.pb.go:4271.2,4271.24 1 0
github.com/sparkle/gateway/gen/agent/v1/agent_service.pb.go:4275.57,4277.2 1 0
github.com/sparkle/gateway/gen/agent/v1/agent_service.pb.go:4279.57,4280.14 1 0
github.com/sparkle/gateway/gen/agent/v1/agent_service.pb.go:4280.14,4282.3 1 0
github.com/sparkle/gateway/gen/agent/v1/agent_service.pb.go:4283.2,4283.11 1 0
github.com/sparkle/gateway/gen/agent/v1/agent_service.pb.go:4286.58,4287.14 1 0
github.com/sparkle/gateway/gen/agent/v1/agent_service.pb.go:4287.14,4289.3 1 0
github.com/sparkle/gateway/gen/agent/v1/agent_service.pb.go:4290.2,4290.11 1 0
github.com/sparkle/gateway/gen/agent/v1/agent_service.pb.go:4293.54,4294.14 1 0
github.com/sparkle/gateway/gen/agent/v1/agent_service.pb.go:4294.14,4296.3 1 0
github.com/sparkle/gateway/gen/agent/v1/agent_service.pb.go:4297.2,4297.10 1 0
github.com/sparkle/gateway/gen/agent/v1/agent_service.pb.go:4300.63,4301.14 1 0
github.com/sparkle/gateway/gen/agent/v1/agent_service.pb.go:4301.14,4303.3 1 0
github.com/sparkle/gateway/gen/agent/v1/agent_service.pb.go:4304.2,4304.12 1 0
github.com/sparkle/gateway/gen/agent/v1/agent_service.pb.go:4307.58,4308.14 1 0
github.com/sparkle/gateway/gen/agent/v1/agent_service.pb.go:4308.14,4310.3 1 0
github.com/sparkle/gateway/gen/agent/v1/agent_service.pb.go:4311.2,4311.12 1 0
github.com/sparkle/gateway/gen/agent/v1/agent_service.pb.go:4334.39,4339.2 4 0
github.com/sparkle/gateway/gen/agent/v1/agent_service.pb.go:4341.47,4343.2 1 0
github.com/sparkle/gateway/gen/agent/v1/agent_service.pb.go:4345.45,4345.46 0 0
github.com/sparkle/gateway/gen/agent/v1/agent_service.pb.go:4347.67,4349.14 2 0
github.com/sparkle/gateway/gen/agent/v1/agent_service.pb.go:4349.14,4351.34 2 0
github.com/sparkle/gateway/gen/agent/v1/agent_service.pb.go:4351.34,4353.4 1 0
github.com/sparkle/gateway/gen/agent/v1/agent_service.pb.go:4354.3,4354.12 1 0
github.com/sparkle/gateway/gen/agent/v1/agent_service.pb.go:4356.2,4356.24 1 0
github.com/sparkle/gateway/gen/agent/v1/agent_service.pb.go:4360.58,4362.2 1 0
github.com/sparkle/gateway/gen/agent/v1/agent_service.pb.go:4364.46,4365.14 1 0
github.com/sparkle/gateway/gen/agent/v1/agent_service.pb.go:4365.14,4367.3 1 0
github.com/sparkle/gateway/gen/agent/v1/agent_service.pb.go:4368.2,4368.11 1 0
github.com/sparkle/gateway/gen/agent/v1/agent_service.pb.go:4371.53,4372.14 1 0
github.com/sparkle/gateway/gen/agent/v1/agent_service.pb.go:4372.14,4374.3 1 0
github.com/sparkle/gateway/gen/agent/v1/agent_service.pb.go:4375.2,4375.11 1 0
github.com/sparkle/gateway/gen/agent/v1/agent_service.pb.go:4378.49,4379.14 1 0
github.com/sparkle/gateway/gen/agent/v1/agent_service.pb.go:4379.14,4381.3 1 0
github.com/sparkle/gateway/gen/agent/v1/agent_service.pb.go:4382.2,4382.11 1 0
github.com/sparkle/gateway/gen/agent/v1/agent_service.pb.go:4385.54,4386.14 1 0
github.com/sparkle/gateway/gen/agent/v1/agent_service.pb.go:4386.14,4388.3 1 0
github.com/sparkle/gateway/gen/agent/v1/agent_service.pb.go:4389.2,4389.10 1 0
github.com/sparkle/gateway/gen/agent/v1/agent_service.pb.go:4392.54,4393.14 1 0
github.com/sparkle/gateway/gen/agent/v1/agent_service.pb.go:4393.14,4395.3 1 0
github.com/sparkle/gateway/gen/agent/v1/agent_service.pb.go:4396.2,4396.10 1 0
github.com/sparkle/gateway/gen/agent/v1/agent_service.pb.go:4399.55,4400.14 1 0
github.com/sparkle/gateway/gen/agent/v1/agent_service.pb.go:4400.14,4402.3 1 0
github.com/sparkle/gateway/gen/agent/v1/agent_service.pb.go:4403.2,4403.14 1 0
github.com/sparkle/gateway/gen/agent/v1/agent_service.pb.go:4406.56,4407.14 1 0
github.com/sparkle/gateway/gen/agent/v1/agent_service.pb.go:4407.14,4409.3 1 0
github.com/sparkle/gateway/gen/agent/v1/agent_service.pb.go:4410.2,4410.11 1 0
github.com/sparkle/gateway/gen/agent/v1/agent_service.pb.go:4413.57,4414.14 1 0
github.com/sparkle/gateway/gen/agent/v1/agent_service.pb.go:4414.14,4416.3 1 0
github.com/sparkle/gateway/gen/agent/v1/agent_service.pb.go:4417.2,4417.11 1 0
github.com/sparkle/gateway/gen/agent/v1/agent_service.pb.go:4420.57,4421.14 1 0
github.com/sparkle/gateway/gen/agent/v1/agent_service.pb.go:4421.14,4423.3 1 0
github.com/sparkle/gateway/gen/agent/v1/agent_service.pb.go:4424.2,4424.11 1 0
github.com/sparkle/gateway/gen/agent/v1/agent_service.pb.go:4427.56,4428.14 1 0
github.com/sparkle/gateway/gen/agent/v1/agent_service.pb.go:4428.14,4430.3 1 0
github.com/sparkle/gateway/gen/agent/v1/agent_service.pb.go:4431.2,4431.11 1 0
github.com/sparkle/gateway/gen/agent/v1/agent_service.pb.go:4434.63,4435.14 1 0
github.com/sparkle/gateway/gen/agent/v1/agent_service.pb.go:4435.14,4437.3 1 0
github.com/sparkle/gateway/gen/agent/v1/agent_service.pb.go:4438.2,4438.12 1 0
github.com/sparkle/gateway/gen/agent/v1/agent_service.pb.go:4441.60,4442.14 1 0
github.com/sparkle/gateway/gen/agent/v1/agent_service.pb.go:4442.14,4444.3 1 0
github.com/sparkle/gateway/gen/agent/v1/agent_service.pb.go:4445.2,4445.40 1 0
github.com/sparkle/gateway/gen/agent/v1/agent_service.pb.go:4448.61,4449.14 1 0
github.com/sparkle/gateway/gen/agent/v1/agent_service.pb.go:4449.14,4451.3 1 0
github.com/sparkle/gateway/gen/agent/v1/agent_service.pb.go:4452.2,4452.12 1 0
github.com/sparkle/gateway/gen/agent/v1/agent_service.pb.go:4455.61,4456.14 1 0
github.com/sparkle/gateway/gen/agent/v1/agent_service.pb.go:4456.14,4458.3 1 0
github.com/sparkle/gateway/gen/agent/v1/agent_service.pb.go:4459.2,4459.12 1 0
github.com/sparkle/gateway/gen/agent/v1/agent_service.pb.go:4469.39,4474.2 4 0
github.com/sparkle/gateway/gen/agent/v1/agent_service.pb.go:4476.47,4478.2 1 0
github.com/sparkle/gateway/gen/agent/v1/agent_service.pb.go:4480.45,4480.46 0 0
github.com/sparkle/gateway/gen/agent/v1/agent_service.pb.go:4482.67,4484.14 2 0
github.com/sparkle/gateway/gen/agent/v1/agent_service.pb.go:4484.14,4486.34 2 0
github.com/sparkle/gateway/gen/agent/v1/agent_service.pb.go:4486.34,4488.4 1 0
github.com/sparkle/gateway/gen/agent/v1/agent_service.pb.go:4489.3,4489.12 1 0
github.com/sparkle/gateway/gen/agent/v1/agent_service.pb.go:4491.2,4491.24 1 0
github.com/sparkle/gateway/gen/agent/v1/agent_service.pb.go:4495.58,4497.2 1 0
github.com/sparkle/gateway/gen/agent/v1/agent_service.pb.go:4499.65,4500.14 1 0
github.com/sparkle/gateway/gen/agent/v1/agent_service.pb.go:4500.14,4502.3 1 0
github.com/sparkle/gateway/gen/agent/v1/agent_service.pb.go:4503.2,4503.12 1 0
github.com/sparkle/gateway/gen/agent/v1/agent_service.pb.go:4516.31,4521.2 4 0
github.com/sparkle/gateway/gen/agent/v1/agent_service.pb.go:4523.39,4525.2 1 0
github.com/sparkle/gateway/gen/agent/v1/agent_service.pb.go:4527.37,4527.38 0 0
github.com/sparkle/gateway/gen/agent/v1/agent_service.pb.go:4529.59,4531.14 2 0
github.com/sparkle/gateway/gen/agent/v1/agent_service.pb.go:4531.14,4533.34 2 0
github.com/sparkle/gateway/gen/agent/v1/agent_service.pb.go:4533.34,4535.4 1 0
github.com/sparkle/gateway/gen/agent/v1/agent_service.pb.go:4536.3,4536.12 1 0
github.com/sparkle/gateway/gen/agent/v1/agent_service.pb.go:4538.2,4538.24 1 0
github.com/sparkle/gateway/gen/agent/v1/agent_service.pb.go:4542.50,4544.2 1 0
github.com/sparkle/gateway/gen/agent/v1/agent_service.pb.go:4546.52,4547.14 1 0
github.com/sparkle/gateway/gen/agent/v1/agent_service.pb.go:4547.14,4549.3 1 0
github.com/sparkle/gateway/gen/agent/v1/agent_service.pb.go:4550.2,4550.28 1 0
github.com/sparkle/gateway/gen/agent/v1/agent_service.pb.go:4553.43,4554.14 1 0
github.com/sparkle/gateway/gen/agent/v1/agent_service.pb.go:4554.14,4556.3 1 0
github.com/sparkle/gateway/gen/agent/v1/agent_service.pb.go:4557.2,4557.11 1 0
github.com/sparkle/gateway/gen/agent/v1/agent_service.pb.go:4560.52,4561.14 1 0
github.com/sparkle/gateway/gen/agent/v1/agent_service.pb.go:4561.14,4563.3 1 0
github.com/sparkle/gateway/gen/agent/v1/agent_service.pb.go:4564.2,4564.11 1 0
github.com/sparkle/gateway/gen/agent/v1/agent_service.pb.go:4567.50,4568.14 1 0
github.com/sparkle/gateway/gen/agent/v1/agent_service.pb.go:4568.14,4570.3 1 0
github.com/sparkle/gateway/gen/agent/v1/agent_service.pb.go:4571.2,4571.32 1 0
github.com/sparkle/gateway/gen/agent/v1/agent_service.pb.go:4584.25,4589.2 4 0
github.com/sparkle/gateway/gen/agent/v1/agent_service.pb.go:4591.33,4593.2 1 0
github.com/sparkle/gateway/gen/agent/v1/agent_service.pb.go:4595.31,4595.32 0 0
github.com/sparkle/gateway/gen/agent/v1/agent_service.pb.go:4597.53,4599.14 2 0
github.com/sparkle/gateway/gen/agent/v1/agent_service.pb.go:4599.14,4601.34 2 0
github.com/sparkle/gateway/gen/agent/v1/agent_service.pb.go:4601.34,4603.4 1 0
github.com/sparkle/gateway/gen/agent/v1/agent_service.pb.go:4604.3,4604.12 1 0
github.com/sparkle/gateway/gen/agent/v1/agent_service.pb.go:4606.2,4606.24 1 0
github.com/sparkle/gateway/gen/agent/v1/agent_service.pb.go:4610.44,4612.2 1 0
github.com/sparkle/gateway/gen/agent/v1/agent_service.pb.go:4614.37,4615.14 1 0
github.com/sparkle/gateway/gen/agent/v1/agent_service.pb.go:4615.14,4617.3 1 0
github.com/sparkle/gateway/gen/agent/v1/agent_service.pb.go:4618.2,4618.11 1 0
github.com/sparkle/gateway/gen/agent/v1/agent_service.pb.go:4621.37,4622.14 1 0
github.com/sparkle/gateway/gen/agent/v1/agent_service.pb.go:4622.14,4624.3 1 0
github.com/sparkle/gateway/gen/agent/v1/agent_service.pb.go:4625.2,4625.14 1 0
github.com/sparkle/gateway/gen/agent/v1/agent_service.pb.go:4628.48,4629.14 1 0
github.com/sparkle/gateway/gen/agent/v1/agent_service.pb.go:4629.14,4631.3 1 0
github.com/sparkle/gateway/gen/agent/v1/agent_service.pb.go:4632.2,4632.12 1 0
github.com/sparkle/gateway/gen/agent/v1/agent_service.pb.go:4635.42,4636.14 1 0
github.com/sparkle/gateway/gen/agent/v1/agent_service.pb.go:4636.14,4638.3 1 0
github.com/sparkle/gateway/gen/agent/v1/agent_service.pb.go:4639.2,4639.41 1 0
github.com/sparkle/gateway/gen/agent/v1/agent_service.pb.go:4652.25,4657.2 4 0
github.com/sparkle/gateway/gen/agent/v1/agent_service.pb.go:4659.33,4661.2 1 0
github.com/sparkle/gateway/gen/agent/v1/agent_service.pb.go:4663.31,4663.32 0 0
github.com/sparkle/gateway/gen/agent/v1/agent_service.pb.go:4665.53,4667.14 2 0
github.com/sparkle/gateway/gen/agent/v1/agent_service.pb.go:4667.14,4669.34 2 0
github.com/sparkle/gateway/gen/agent/v1/agent_service.pb.go:4669.34,4671.4 1 0
github.com/sparkle/gateway/gen/agent/v1/agent_service.pb.go:4672.3,4672.12 1 0
github.com/sparkle/gateway/gen/agent/v1/agent_service.pb.go:4674.2,4674.24 1 0
github.com/sparkle/gateway/gen/agent/v1/agent_service.pb.go:4678.44,4680.2 1 0
github.com/sparkle/gateway/gen/agent/v1/agent_service.pb.go:4682.41,4683.14 1 0
github.com/sparkle/gateway/gen/agent/v1/agent_service.pb.go:4683.14,4685.3 1 0
github.com/sparkle/gateway/gen/agent/v1/agent_service.pb.go:4686.2,4686.10 1 0
github.com/sparkle/gateway/gen/agent/v1/agent_service.pb.go:4689.45,4690.14 1 0
github.com/sparkle/gateway/gen/agent/v1/agent_service.pb.go:4690.14,4692.3 1 0
github.com/sparkle/gateway/gen/agent/v1/agent_service.pb.go:4693.2,4693.10 1 0
github.com/sparkle/gateway/gen/agent/v1/agent_service.pb.go:4696.40,4697.14 1 0
github.com/sparkle/gateway/gen/agent/v1/agent_service.pb.go:4697.14,4699.3 1 0
github.com/sparkle/gateway/gen/agent/v1/agent_service.pb.go:4700.2,4700.10 1 0
github.com/sparkle/gateway/gen/agent/v1/agent_service.pb.go:4703.41,4704.14 1 0
github.com/sparkle/gateway/gen/agent/v1/agent_service.pb.go:4704.14,4706.3 1 0
github.com/sparkle/gateway/gen/agent/v1/agent_service.pb.go:4707.2,4707.10 1 0
github.com/sparkle/gateway/gen/agent/v1/agent_service.pb.go:4726.31,4731.2 4 0
github.com/sparkle/gateway/gen/agent/v1/agent_service.pb.go:4733.39,4735.2 1 0
github.com/sparkle/gateway/gen/agent/v1/agent_service.pb.go:4737.37,4737.38 0 0
github.com/sparkle/gateway/gen/agent/v1/agent_service.pb.go:4739.59,4741.14 2 0
github.com/sparkle/gateway/gen/agent/v1/agent_service.pb.go:4741.14,4743.34 2 0
github.com/sparkle/gateway/gen/agent/v1/agent_service.pb.go:4743.34,4745.4 1 0
github.com/sparkle/gateway/gen/agent/v1/agent_service.pb.go:4746.3,4746.12 1 0
github.com/sparkle/gateway/gen/agent/v1/agent_service.pb.go:4748.2,4748.24 1 0
github.com/sparkle/gateway/gen/agent/v1/agent_service.pb.go:4752.50,4754.2 1 0
github.com/sparkle/gateway/gen/agent/v1/agent_service.pb.go:4756.42,4757.14 1 0
github.com/sparkle/gateway/gen/agent/v1/agent_service.pb.go:4757.14,4759.3 1 0
github.com/sparkle/gateway/gen/agent/v1/agent_service.pb.go:4760.2,4760.11 1 0
github.com/sparkle/gateway/gen/agent/v1/agent_service.pb.go:4763.45,4764.14 1 0
github.com/sparkle/gateway/gen/agent/v1/agent_service.pb.go:4764.14,4766.3 1 0
github.com/sparkle/gateway/gen/agent/v1/agent_service.pb.go:4767.2,4767.11 1 0
github.com/sparkle/gateway/gen/agent/v1/agent_service.pb.go:4770.40,4771.14 1 0
github.com/sparkle/gateway/gen/agent/v1/agent_service.pb.go:4771.14,4773.3 1 0
github.com/sparkle/gateway/gen/agent/v1/agent_service.pb.go:4774.2,4774.10 1 0
github.com/sparkle/gateway/gen/agent/v1/agent_service.pb.go:4777.45,4778.14 1 0
github.com/sparkle/gateway/gen/agent/v1/agent_service.pb.go:4778.14,4780.3 1 0
github.com/sparkle/gateway/gen/agent/v1/agent_service.pb.go:4781.2,4781.10 1 0
github.com/sparkle/gateway/gen/agent/v1/agent_service.pb.go:4784.49,4785.14 1 0
github.com/sparkle/gateway/gen/agent/v1/agent_service.pb.go:4785.14,4787.3 1 0
github.com/sparkle/gateway/gen/agent/v1/agent_service.pb.go:4788.2,4788.12 1 0
github.com/sparkle/gateway/gen/agent/v1/agent_service.pb.go:4791.48,4792.14 1 0
github.com/sparkle/gateway/gen/agent/v1/agent_service.pb.go:4792.14,4794.3 1 0
github.com/sparkle/gateway/gen/agent/v1/agent_service.pb.go:4795.2,4795.10 1 0
github.com/sparkle/gateway/gen/agent/v1/agent_service.pb.go:4808.32,4813.2 4 0
github.com/sparkle/gateway/gen/agent/v1/agent_service.pb.go:4815.40,4817.2 1 0
github.com/sparkle/gateway/gen/agent/v1/agent_service.pb.go:4819.38,4819.39 0 0
github.com/sparkle/gateway/gen/agent/v1/agent_service.pb.go:4821.60,4823.14 2 0
github.com/sparkle/gateway/gen/agent/v1/agent_service.pb.go:4823.14,4825.34 2 0
github.com/sparkle/gateway/gen/agent/v1/agent_service.pb.go:4825.34,4827.4 1 0
github.com/sparkle/gateway/gen/agent/v1/agent_service.pb.go:4828.3,4828.12 1 0
github.com/sparkle/gateway/gen/agent/v1/agent_service.pb.go:4830.2,4830.24 1 0
github.com/sparkle/gateway/gen/agent/v1/agent_service.pb.go:4834.51,4836.2 1 0
github.com/sparkle/gateway/gen/agent/v1/agent_service.pb.go:4838.43,4839.14 1 0
github.com/sparkle/gateway/gen/agent/v1/agent_service.pb.go:4839.14,4841.3 1 0
github.com/sparkle/gateway/gen/agent/v1/agent_service.pb.go:4842.2,4842.12 1 0
github.com/sparkle/gateway/gen/agent/v1/agent_service.pb.go:4845.62,4846.14 1 0
github.com/sparkle/gateway/gen/agent/v1/agent_service.pb.go:4846.14,4848.3 1 0
github.com/sparkle/gateway/gen/agent/v1/agent_service.pb.go:4849.2,4849.12 1 0
github.com/sparkle/gateway/gen/agent/v1/agent_service.pb.go:4852.60,4853.14 1 0
github.com/sparkle/gateway/gen/agent/v1/agent_service.pb.go:4853.14,4855.3 1 0
github.com/sparkle/gateway/gen/agent/v1/agent_service.pb.go:4856.2,4856.12 1 0
github.com/sparkle/gateway/gen/agent/v1/agent_service.pb.go:4859.50,4860.14 1 0
github.com/sparkle/gateway/gen/agent/v1/agent_service.pb.go:4860.14,4862.3 1 0
github.com/sparkle/gateway/gen/agent/v1/agent_service.pb.go:4863.2,4863.12 1 0
github.com/sparkle/gateway/gen/agent/v1/agent_service.pb.go:4874.32,4879.2 4 0
github.com/sparkle/gateway/gen/agent/v1/agent_service.pb.go:4881.40,4883.2 1 0
github.com/sparkle/gateway/gen/agent/v1/agent_service.pb.go:4885.38,4885.39 0 0
github.com/sparkle/gateway/gen/agent/v1/agent_service.pb.go:4887.60,4889.14 2 0
github.com/sparkle/gateway/gen/agent/v1/agent_service.pb.go:4889.14,4891.34 2 0
github.com/sparkle/gateway/gen/agent/v1/agent_service.pb.go:4891.34,4893.4 1 0
github.com/sparkle/gateway/gen/agent/v1/agent_service.pb.go:4894.3,4894.12 1 0
github.com/sparkle/gateway/gen/agent/v1/agent_service.pb.go:4896.2,4896.24 1 0
github.com/sparkle/gateway/gen/agent/v1/agent_service.pb.go:4900.51,4902.2 1 0
github.com/sparkle/gateway/gen/agent/v1/agent_service.pb.go:4904.49,4905.14 1 0
github.com/sparkle/gateway/gen/agent/v1/agent_service.pb.go:4905.14,4907.3 1 0
github.com/sparkle/gateway/gen/agent/v1/agent_service.pb.go:4908.2,4908.12 1 0
github.com/sparkle/gateway/gen/agent/v1/agent_service.pb.go:4911.46,4912.14 1 0
github.com/sparkle/gateway/gen/agent/v1/agent_service.pb.go:4912.14,4914.3 1 0
github.com/sparkle/gateway/gen/agent/v1/agent_service.pb.go:4915.2,4915.10 1 0
github.com/sparkle/gateway/gen/agent/v1/agent_service.pb.go:4929.30,4934.2 4 0
github.com/sparkle/gateway/gen/agent/v1/agent_service.pb.go:4936.38,4938.2 1 0
github.com/sparkle/gateway/gen/agent/v1/agent_service.pb.go:4940.36,4940.37 0 0
github.com/sparkle/gateway/gen/agent/v1/agent_service.pb.go:4942.58,4944.14 2 0
github.com/sparkle/gateway/gen/agent/v1/agent_service.pb.go:4944.14,4946.34 2 0
github.com/sparkle/gateway/gen/agent/v1/agent_service.pb.go:4946.34,4948.4 1 0
github.com/sparkle/gateway/gen/agent/v1/agent_service.pb.go:4949.3,4949.12 1 0
github.com/sparkle/gateway/gen/agent/v1/agent_service.pb.go:4951.2,4951.24 1 0
github.com/sparkle/gateway/gen/agent/v1/agent_service.pb.go:4955.49,4957.2 1 0
github.com/sparkle/gateway/gen/agent/v1/agent_service.pb.go:4959.37,4960.14 1 0
github.com/sparkle/gateway/gen/agent/v1/agent_service.pb.go:4960.14,4962.3 1 0
github.com/sparkle/gateway/gen/agent/v1/agent_service.pb.go:4963.2,4963.11 1 0
github.com/sparkle/gateway/gen/agent/v1/agent_service.pb.go:4966.42,4967.14 1 0
github.com/sparkle/gateway/gen/agent/v1/agent_service.pb.go:4967.14,4969.3 1 0
github.com/sparkle/gateway/gen/agent/v1/agent_service.pb.go:4970.2,4970.11 1 0
github.com/sparkle/gateway/gen/agent/v1/agent_service.pb.go:4973.41,4974.14 1 0
github.com/sparkle/gateway/gen/agent/v1/agent_service.pb.go:4974.14,4976.3 1 0
github.com/sparkle/gateway/gen/agent/v1/agent_service.pb.go:4977.2,4977.10 1 0
github.com/sparkle/gateway/gen/agent/v1/agent_service.pb.go:4980.60,4981.14 1 0
github.com/sparkle/gateway/gen/agent/v1/agent_service.pb.go:4981.14,4983.3 1 0
github.com/sparkle/gateway/gen/agent/v1/agent_service.pb.go:4984.2,4984.12 1 0
github.com/sparkle/gateway/gen/agent/v1/agent_service.pb.go:4987.54,4988.14 1 0
github.com/sparkle/gateway/gen/agent/v1/agent_service.pb.go:4988.14,4990.3 1 0
github.com/sparkle/gateway/gen/agent/v1/agent_service.pb.go:4991.2,4991.12 1 0
github.com/sparkle/gateway/gen/agent/v1/agent_service.pb.go:5978.52,5979.49 1 0
github.com/sparkle/gateway/gen/agent/v1/agent_service.pb.go:5979.49,5981.3 1 0
github.com/sparkle/gateway/gen/agent/v1/agent_service.pb.go:5982.2,5982.45 1 0
github.com/sparkle/gateway/gen/agent/v1/agent_service.pb.go:6156.13,6156.48 1 0
github.com/sparkle/gateway/gen/agent/v1/agent_service.pb.go:6157.38,6158.37 1 0
github.com/sparkle/gateway/gen/agent/v1/agent_service.pb.go:6158.37,6160.3 1 0
github.com/sparkle/gateway/gen/agent/v1/agent_service.pb.go:6161.2,6193.40 7 0
github.com/sparkle/gateway/gen/agent/v1/agent_service_grpc.pb.go:93.76,95.2 1 0
github.com/sparkle/gateway/gen/agent/v1/agent_service_grpc.pb.go:97.154,100.16 3 0
github.com/sparkle/gateway/gen/agent/v1/agent_service_grpc.pb.go:100.16,102.3 1 0
github.com/sparkle/gateway/gen/agent/v1/agent_service_grpc.pb.go:103.2,104.51 2 0
github.com/sparkle/gateway/gen/agent/v1/agent_service_grpc.pb.go:104.51,106.3 1 0
github.com/sparkle/gateway/gen/agent/v1/agent_service_grpc.pb.go:107.2,107.51 1 0
github.com/sparkle/gateway/gen/agent/v1/agent_service_grpc.pb.go:107.51,109.3 1 0
github.com/sparkle/gateway/gen/agent/v1/agent_service_grpc.pb.go:110.2,110.15 1 0
github.com/sparkle/gateway/gen/agent/v1/agent_service_grpc.pb.go:116.131,120.16 4 0
github.com/sparkle/gateway/gen/agent/v1/agent_service_grpc.pb.go:120.16,122.3 1 0
github.com/sparkle/gateway/gen/agent/v1/agent_service_grpc.pb.go:123.2,123.17 1 0
github.com/sparkle/gateway/gen/agent/v1/agent_service_grpc.pb.go:126.133,130.16 4 0
github.com/sparkle/gateway/gen/agent/v1/agent_service_grpc.pb.go:130.16,132.3 1 0
github.com/sparkle/gateway/gen/agent/v1/agent_service_grpc.pb.go:133.2,133.17 1 0
github.com/sparkle/gateway/gen/agent/v1/agent_service_grpc.pb.go:136.140,140.16 4 0
github.com/sparkle/gateway/gen/agent/v1/agent_service_grpc.pb.go:140.16,142.3 1 0
github.com/sparkle/gateway/gen/agent/v1/agent_service_grpc.pb.go:143.2,143.17 1 0
github.com/sparkle/gateway/gen/agent/v1/agent_service_grpc.pb.go:146.163,150.16 4 0
github.com/sparkle/gateway/gen/agent/v1/agent_service_grpc.pb.go:150.16,152.3 1 0
github.com/sparkle/gateway/gen/agent/v1/agent_service_grpc.pb.go:153.2,153.17 1 0
github.com/sparkle/gateway/gen/agent/v1/agent_service_grpc.pb.go:156.145,160.16 4 0
github.com/sparkle/gateway/gen/agent/v1/agent_service_grpc.pb.go:160.16,162.3 1 0
github.com/sparkle/gateway/gen/agent/v1/agent_service_grpc.pb.go:163.2,163.17 1 0
github.com/sparkle/gateway/gen/agent/v1/agent_service_grpc.pb.go:166.178,170.16 4 0
github.com/sparkle/gateway/gen/agent/v1/agent_service_grpc.pb.go:170.16,172.3 1 0
github.com/sparkle/gateway/gen/agent/v1/agent_service_grpc.pb.go:173.2,173.17 1 0
github.com/sparkle/gateway/gen/agent/v1/agent_service_grpc.pb.go:176.157,180.16 4 0
github.com/sparkle/gateway/gen/agent/v1/agent_service_grpc.pb.go:180.16,182.3 1 0
github.com/sparkle/gateway/gen/agent/v1/agent_service_grpc.pb.go:183.2,183.17 1 0
github.com/sparkle/gateway/gen/agent/v1/agent_service_grpc.pb.go:186.151,190.16 4 0
github.com/sparkle/gateway/gen/agent/v1/agent_service_grpc.pb.go:190.16,192.3 1 0
github.com/sparkle/gateway/gen/agent/v1/agent_service_grpc.pb.go:193.2,193.17 1 0
github.com/sparkle/gateway/gen/agent/v1/agent_service_grpc.pb.go:196.148,200.16 4 0
github.com/sparkle/gateway/gen/agent/v1/agent_service_grpc.pb.go:200.16,202.3 1 0
github.com/sparkle/gateway/gen/agent/v1/agent_service_grpc.pb.go:203.2,203.17 1 0
github.com/sparkle/gateway/gen/agent/v1/agent_service_grpc.pb.go:206.157,210.16 4 0
github.com/sparkle/gateway/gen/agent/v1/agent_service_grpc.pb.go:210.16,212.3 1 0
github.com/sparkle/gateway/gen/agent/v1/agent_service_grpc.pb.go:213.2,213.17 1 0
github.com/sparkle/gateway/gen/agent/v1/agent_service_grpc.pb.go:216.152,220.16 4 0
github.com/sparkle/gateway/gen/agent/v1/agent_service_grpc.pb.go:220.16,222.3 1 0
github.com/sparkle/gateway/gen/agent/v1/agent_service_grpc.pb.go:223.2,223.17 1 0
github.com/sparkle/gateway/gen/agent/v1/agent_service_grpc.pb.go:226.166,230.16 4 0
github.com/sparkle/gateway/gen/agent/v1/agent_service_grpc.pb.go:230.16,232.3 1 0
github.com/sparkle/gateway/gen/agent/v1/agent_service_grpc.pb.go:233.2,233.17 1 0
github.com/sparkle/gateway/gen/agent/v1/agent_service_grpc.pb.go:236.166,240.16 4 0
github.com/sparkle/gateway/gen/agent/v1/agent_service_grpc.pb.go:240.16,242.3 1 0
github.com/sparkle/gateway/gen/agent/v1/agent_service_grpc.pb.go:243.2,243.17 1 0
github.com/sparkle/gateway/gen/agent/v1/agent_service_grpc.pb.go:246.172,250.16 4 0
github.com/sparkle/gateway/gen/agent/v1/agent_service_grpc.pb.go:250.16,252.3 1 0
github.com/sparkle/gateway/gen/agent/v1/agent_service_grpc.pb.go:253.2,253.17 1 0
github.com/sparkle/gateway/gen/agent/v1/agent_service_grpc.pb.go:256.184,260.16 4 0
github.com/sparkle/gateway/gen/agent/v1/agent_service_grpc.pb.go:260.16,262.3 1 0
github.com/sparkle/gateway/gen/agent/v1/agent_service_grpc.pb.go:263.2,263.17 1 0
github.com/sparkle/gateway/gen/agent/v1/agent_service_grpc.pb.go:266.181,270.16 4 0
github.com/sparkle/gateway/gen/agent/v1/agent_service_grpc.pb.go:270.16,272.3 1 0
github.com/sparkle/gateway/gen/agent/v1/agent_service_grpc.pb.go:273.2,273.17 1 0
github.com/sparkle/gateway/gen/agent/v1/agent_service_grpc.pb.go:332.113,334.2 1 0
github.com/sparkle/gateway/gen/agent/v1/agent_service_grpc.pb.go:335.109,337.2 1 0
github.com/sparkle/gateway/gen/agent/v1/agent_service_grpc.pb.go:338.111,340.2 1 0
github.com/sparkle/gateway/gen/agent/v1/agent_service_grpc.pb.go:341.118,343.2 1 0
github.com/sparkle/gateway/gen/agent/v1/agent_service_grpc.pb.go:344.141,346.2 1 0
github.com/sparkle/gateway/gen/agent/v1/agent_service_grpc.pb.go:347.123,349.2 1 0
github.com/sparkle/gateway/gen/agent/v1/agent_service_grpc.pb.go:350.156,352.2 1 0
github.com/sparkle/gateway/gen/agent/v1/agent_service_grpc.pb.go:353.135,355.2 1 0
github.com/sparkle/gateway/gen/agent/v1/agent_service_grpc.pb.go:356.129,358.2 1 0
github.com/sparkle/gateway/gen/agent/v1/agent_service_grpc.pb.go:359.126,361.2 1 0
github.com/sparkle/gateway/gen/agent/v1/agent_service_grpc.pb.go:362.135,364.2 1 0
github.com/sparkle/gateway/gen/agent/v1/agent_service_grpc.pb.go:365.130,367.2 1 0
github.com/sparkle/gateway/gen/agent/v1/agent_service_grpc.pb.go:368.144,370.2 1 0
github.com/sparkle/gateway/gen/agent/v1/agent_service_grpc.pb.go:371.144,373.2 1 0
github.com/sparkle/gateway/gen/agent/v1/agent_service_grpc.pb.go:374.150,376.2 1 0
github.com/sparkle/gateway/gen/agent/v1/agent_service_grpc.pb.go:377.162,379.2 1 0
github.com/sparkle/gateway/gen/agent/v1/agent_service_grpc.pb.go:380.159,382.2 1 0
github.com/sparkle/gateway/gen/agent/v1/agent_service_grpc.pb.go:383.84,383.85 0 0
github.com/sparkle/gateway/gen/agent/v1/agent_service_grpc.pb.go:384.84,384.85 0 0
github.com/sparkle/gateway/gen/agent/v1/agent_service_grpc.pb.go:393.82,398.59 1 0
github.com/sparkle/gateway/gen/agent/v1/agent_service_grpc.pb.go:398.59,400.3 1 0
github.com/sparkle/gateway/gen/agent/v1/agent_service_grpc.pb.go:401.2,401.51 1 0
github.com/sparkle/gateway/gen/agent/v1/agent_service_grpc.pb.go:404.88,406.42 2 0
github.com/sparkle/gateway/gen/agent/v1/agent_service_grpc.pb.go:406.42,408.3 1 0
github.com/sparkle/gateway/gen/agent/v1/agent_service_grpc.pb.go:409.2,409.123 1 0
github.com/sparkle/gateway/gen/agent/v1/agent_service_grpc.pb.go:415.172,417.32 2 0
github.com/sparkle/gateway/gen/agent/v1/agent_service_grpc.pb.go:417.32,419.3 1 0
github.com/sparkle/gateway/gen/agent/v1/agent_service_grpc.pb.go:420.2,420.24 1 0
github.com/sparkle/gateway/gen/agent/v1/agent_service_grpc.pb.go:420.24,422.3 1 0
github.com/sparkle/gateway/gen/agent/v1/agent_service_grpc.pb.go:423.2,427.77 2 0
github.com/sparkle/gateway/gen/agent/v1/agent_service_grpc.pb.go:427.77,429.3 1 0
github.com/sparkle/gateway/gen/agent/v1/agent_service_grpc.pb.go:430.2,430.44 1 0
github.com/sparkle/gateway/gen/agent/v1/agent_service_grpc.pb.go:433.172,435.32 2 0
github.com/sparkle/gateway/gen/agent/v1/agent_service_grpc.pb.go:435.32,437.3 1 0
github.com/sparkle/gateway/gen/agent/v1/agent_service_grpc.pb.go:438.2,438.24 1 0
github.com/sparkle/gateway/gen/agent/v1/agent_service_grpc.pb.go:438.24,440.3 1 0
github.com/sparkle/gateway/gen/agent/v1/agent_service_grpc.pb.go:441.2,445.77 2 0
github.com/sparkle/gateway/gen/agent/v1/agent_service_grpc.pb.go:445.77,447.3 1 0
github.com/sparkle/gateway/gen/agent/v1/agent_service_grpc.pb.go:448.2,448.44 1 0
github.com/sparkle/gateway/gen/agent/v1/agent_service_grpc.pb.go:451.173,453.32 2 0
github.com/sparkle/gateway/gen/agent/v1/agent_service_grpc.pb.go:453.32,455.3 1 0
github.com/sparkle/gateway/gen/agent/v1/agent_service_grpc.pb.go:456.2,456.24 1 0
github.com/sparkle/gateway/gen/agent/v1/agent_service_grpc.pb.go:456.24,458.3 1 0
github.com/sparkle/gateway/gen/agent/v1/agent_service_grpc.pb.go:459.2,463.77 2 0
github.com/sparkle/gateway/gen/agent/v1/agent_service_grpc.pb.go:463.77,465.3 1 0
github.com/sparkle/gateway/gen/agent/v1/agent_service_grpc.pb.go:466.2,466.44 1 0
github.com/sparkle/gateway/gen/agent/v1/agent_service_grpc.pb.go:469.180,471.32 2 0
github.com/sparkle/gateway/gen/agent/v1/agent_service_grpc.pb.go:471.32,473.3 1 0
github.com/sparkle/gateway/gen/agent/v1/agent_service_grpc.pb.go:474.2,474.24 1 0
github.com/sparkle/gateway/gen/agent/v1/agent_service_grpc.pb.go:474.24,476.3 1 0
github.com/sparkle/gateway/gen/agent/v1/agent_service_grpc.pb.go:477.2,481.77 2 0
github.com/sparkle/gateway/gen/agent/v1/agent_service_grpc.pb.go:481.77,483.3 1 0
github.com/sparkle/gateway/gen/agent/v1/agent_service_grpc.pb.go:484.2,484.44 1 0
github.com/sparkle/gateway/gen/agent/v1/agent_service_grpc.pb.go:487.174,489.32 2 0
github.com/sparkle/gateway/gen/agent/v1/agent_service_grpc.pb.go:489.32,491.3 1 0
github.com/sparkle/gateway/gen/agent/v1/agent_service_grpc.pb.go:492.2,492.24 1 0
github.com/sparkle/gateway/gen/agent/v1/agent_service_grpc.pb.go:492.24,494.3 1 0
github.com/sparkle/gateway/gen/agent/v1/agent_service_grpc.pb.go:495.2,499.77 2 0
github.com/sparkle/gateway/gen/agent/v1/agent_service_grpc.pb.go:499.77,501.3 1 0
github.com/sparkle/gateway/gen/agent/v1/agent_service_grpc.pb.go:502.2,502.44 1 0
github.com/sparkle/gateway/gen/agent/v1/agent_service_grpc.pb.go:505.185,507.32 2 0
github.com/sparkle/gateway/gen/agent/v1/agent_service_grpc.pb.go:507.32,509.3 1 0
github.com/sparkle/gateway/gen/agent/v1/agent_service_grpc.pb.go:510.2,510.24 1 0
github.com/sparkle/gateway/gen/agent/v1/agent_service_grpc.pb.go:510.24,512.3 1 0
github.com/sparkle/gateway/gen/agent/v1/agent_service_grpc.pb.go:513.2,517.77 2 0
github.com/sparkle/gateway/gen/agent/v1/agent_service_grpc.pb.go:517.77,519.3 1 0
github.com/sparkle/gateway/gen/agent/v1/agent_service_grpc.pb.go:520.2,520.44 1 0
github.com/sparkle/gateway/gen/agent/v1/agent_service_grpc.pb.go:523.178,525.32 2 0
github.com/sparkle/gateway/gen/agent/v1/agent_service_grpc.pb.go:525.32,527.3 1 0
github.com/sparkle/gateway/gen/agent/v1/agent_service_grpc.pb.go:528.2,528.24 1 0
github.com/sparkle/gateway/gen/agent/v1/agent_service_grpc.pb.go:528.24,530.3 1 0
github.com/sparkle/gateway/gen/agent/v1/agent_service_grpc.pb.go:531.2,535.77 2 0
github.com/sparkle/gateway/gen/agent/v1/agent_service_grpc.pb.go:535.77,537.3 1 0
github.com/sparkle/gateway/gen/agent/v1/agent_service_grpc.pb.go:538.2,538.44 1 0
github.com/sparkle/gateway/gen/agent/v1/agent_service_grpc.pb.go:541.176,543.32 2 0
github.com/sparkle/gateway/gen/agent/v1/agent_service_grpc.pb.go:543.32,545.3 1 0
github.com/sparkle/gateway/gen/agent/v1/agent_service_grpc.pb.go:546.2,546.24 1 0
github.com/sparkle/gateway/gen/agent/v1/agent_service_grpc.pb.go:546.24,548.3 1 0
github.com/sparkle/gateway/gen/agent/v1/agent_service_grpc.pb.go:549.2,553.77 2 0
github.com/sparkle/gateway/gen/agent/v1/agent_service_grpc.pb.go:553.77,555.3 1 0
github.com/sparkle/gateway/gen/agent/v1/agent_service_grpc.pb.go:556.2,556.44 1 0
github.com/sparkle/gateway/gen/agent/v1/agent_service_grpc.pb.go:559.173,561.32 2 0
github.com/sparkle/gateway/gen/agent/v1/agent_service_grpc.pb.go:561.32,563.3 1 0
github.com/sparkle/gateway/gen/agent/v1/agent_service_grpc.pb.go:564.2,564.24 1 0
github.com/sparkle/gateway/gen/agent/v1/agent_service_grpc.pb.go:564.24,566.3 1 0
github.com/sparkle/gateway/gen/agent/v1/agent_service_grpc.pb.go:567.2,571.77 2 0
github.com/sparkle/gateway/gen/agent/v1/agent_service_grpc.pb.go:571.77,573.3 1 0
github.com/sparkle/gateway/gen/agent/v1/agent_service_grpc.pb.go:574.2,574.44 1 0
github.com/sparkle/gateway/gen/agent/v1/agent_service_grpc.pb.go:577.178,579.32 2 0
github.com/sparkle/gateway/gen/agent/v1/agent_service_grpc.pb.go:579.32,581.3 1 0
github.com/sparkle/gateway/gen/agent/v1/agent_service_grpc.pb.go:582.2,582.24 1 0
github.com/sparkle/gateway/gen/agent/v1/agent_service_grpc.pb.go:582.24,584.3 1 0
github.com/sparkle/gateway/gen/agent/v1/agent_service_grpc.pb.go:585.2,589.77 2 0
github.com/sparkle/gateway/gen/agent/v1/agent_service_grpc.pb.go:589.77,591.3 1 0
github.com/sparkle/gateway/gen/agent/v1/agent_service_grpc.pb.go:592.2,592.44 1 0
github.com/sparkle/gateway/gen/agent/v1/agent_service_grpc.pb.go:595.177,597.32 2 0
github.com/sparkle/gateway/gen/agent/v1/agent_service_grpc.pb.go:597.32,599.3 1 0
github.com/sparkle/gateway/gen/agent/v1/agent_service_grpc.pb.go:600.2,600.24 1 0
github.com/sparkle/gateway/gen/agent/v1/agent_service_grpc.pb.go:600.24,602.3 1 0
github.com/sparkle/gateway/gen/agent/v1/agent_service_grpc.pb.go:603.2,607.77 2 0
github.com/sparkle/gateway/gen/agent/v1/agent_service_grpc.pb.go:607.77,609.3 1 0
github.com/sparkle/gateway/gen/agent/v1/agent_service_grpc.pb.go:610.2,610.44 1 0
github.com/sparkle/gateway/gen/agent/v1/agent_service_grpc.pb.go:613.179,615.32 2 0
github.com/sparkle/gateway/gen/agent/v1/agent_service_grpc.pb.go:615.32,617.3 1 0
github.com/sparkle/gateway/gen/agent/v1/agent_service_grpc.pb.go:618.2,618.24 1 0
github.com/sparkle/gateway/gen/agent/v1/agent_service_grpc.pb.go:618.24,620.3 1 0
github.com/sparkle/gateway/gen/agent/v1/agent_service_grpc.pb.go:621.2,625.77 2 0
github.com/sparkle/gateway/gen/agent/v1/agent_service_grpc.pb.go:625.77,627.3 1 0
github.com/sparkle/gateway/gen/agent/v1/agent_service_grpc.pb.go:628.2,628.44 1 0
github.com/sparkle/gateway/gen/agent/v1/agent_service_grpc.pb.go:631.177,633.32 2 0
github.com/sparkle/gateway/gen/agent/v1/agent_service_grpc.pb.go:633.32,635.3 1 0
github.com/sparkle/gateway/gen/agent/v1/agent_service_grpc.pb.go:636.2,636.24 1 0
github.com/sparkle/gateway/gen/agent/v1/agent_service_grpc.pb.go:636.24,638.3 1 0
github.com/sparkle/gateway/gen/agent/v1/agent_service_grpc.pb.go:639.2,643.77 2 0
github.com/sparkle/gateway/gen/agent/v1/agent_service_grpc.pb.go:643.77,645.3 1 0
github.com/sparkle/gateway/gen/agent/v1/agent_service_grpc.pb.go:646.2,646.44 1 0
github.com/sparkle/gateway/gen/agent/v1/agent_service_grpc.pb.go:649.179,651.32 2 0
github.com/sparkle/gateway/gen/agent/v1/agent_service_grpc.pb.go:651.32,653.3 1 0
github.com/sparkle/gateway/gen/agent/v1/agent_service_grpc.pb.go:654.2,654.24 1 0
github.com/sparkle/gateway/gen/agent/v1/agent_service_grpc.pb.go:654.24,656.3 1 0
github.com/sparkle/gateway/gen/agent/v1/agent_service_grpc.pb.go:657.2,661.77 2 0
github.com/sparkle/gateway/gen/agent/v1/agent_service_grpc.pb.go:661.77,663.3 1 0
github.com/sparkle/gateway/gen/agent/v1/agent_service_grpc.pb.go:664.2,664.44 1 0
github.com/sparkle/gateway/gen/agent/v1/agent_service_grpc.pb.go:667.183,669.32 2 0
github.com/sparkle/gateway/gen/agent/v1/agent_service_grpc.pb.go:669.32,671.3 1 0
github.com/sparkle/gateway/gen/agent/v1/agent_service_grpc.pb.go:672.2,672.24 1 0
github.com/sparkle/gateway/gen/agent/v1/agent_service_grpc.pb.go:672.24,674.3 1 0
github.com/sparkle/gateway/gen/agent/v1/agent_service_grpc.pb.go:675.2,679.77 2 0
github.com/sparkle/gateway/gen/agent/v1/agent_service_grpc.pb.go:679.77,681.3 1 0
github.com/sparkle/gateway/gen/agent/v1/agent_service_grpc.pb.go:682.2,682.44 1 0
github.com/sparkle/gateway/gen/agent/v1/agent_service_grpc.pb.go:685.182,687.32 2 0
github.com/sparkle/gateway/gen/agent/v1/agent_service_grpc.pb.go:687.32,689.3 1 0
github.com/sparkle/gateway/gen/agent/v1/agent_service_grpc.pb.go:690.2,690.24 1 0
github.com/sparkle/gateway/gen/agent/v1/agent_service_grpc.pb.go:690.24,692.3 1 0
github.com/sparkle/gateway/gen/agent/v1/agent_service_grpc.pb.go:693.2,697.77 2 0
github.com/sparkle/gateway/gen/agent/v1/agent_service_grpc.pb.go:697.77,699.3 1 0
github.com/sparkle/gateway/gen/agent/v1/agent_service_grpc.pb.go:700.2,700.44 1 0
github.com/sparkle/gateway/gen/community/community_service.pb.go:51.52,55.2 3 0
github.com/sparkle/gateway/gen/community/community_service.pb.go:57.43,59.2 1 0
github.com/sparkle/gateway/gen/community/community_service.pb.go:61.66,63.2 1 0
github.com/sparkle/gateway/gen/community/community_service.pb.go:65.54,67.2 1 0
github.com/sparkle/gateway/gen/community/community_service.pb.go:69.60,71.2 1 0
github.com/sparkle/gateway/gen/community/community_service.pb.go:74.58,76.2 1 0
github.com/sparkle/gateway/gen/community/community_service.pb.go:103.38,107.2 3 0
github.com/sparkle/gateway/gen/community/community_service.pb.go:109.36,111.2 1 0
github.com/sparkle/gateway/gen/community/community_service.pb.go:113.59,115.2 1 0
github.com/sparkle/gateway/gen/community/community_service.pb.go:117.47,119.2 1 0
github.com/sparkle/gateway/gen/community/community_service.pb.go:121.53,123.2 1 0
github.com/sparkle/gateway/gen/community/community_service.pb.go:126.51,128.2 1 0
github.com/sparkle/gateway/gen/community/community_service.pb.go:155.38,159.2 3 0
github.com/sparkle/gateway/gen/community/community_service.pb.go:161.36,163.2 1 0
github.com/sparkle/gateway/gen/community/community_service.pb.go:165.59,167.2 1 0
github.com/sparkle/gateway/gen/community/community_service.pb.go:169.47,171.2 1 0
github.com/sparkle/gateway/gen/community/community_service.pb.go:173.53,175.2 1 0
github.com/sparkle/gateway/gen/community/community_service.pb.go:178.51,180.2 1 0
github.com/sparkle/gateway/gen/community/community_service.pb.go:207.58,211.2 3 0
github.com/sparkle/gateway/gen/community/community_service.pb.go:213.46,215.2 1 0
github.com/sparkle/gateway/gen/community/community_service.pb.go:217.69,219.2 1 0
github.com/sparkle/gateway/gen/community/community_service.pb.go:221.57,223.2 1 0
github.com/sparkle/gateway/gen/community/community_service.pb.go:225.63,227.2 1 0
github.com/sparkle/gateway/gen/community/community_service.pb.go:230.61,232.2 1 0
github.com/sparkle/gateway/gen/community/community_service.pb.go:286.42,290.2 3 0
github.com/sparkle/gateway/gen/community/community_service.pb.go:292.38,294.2 1 0
github.com/sparkle/gateway/gen/community/community_service.pb.go:296.61,298.2 1 0
github.com/sparkle/gateway/gen/community/community_service.pb.go:300.49,302.2 1 0
github.com/sparkle/gateway/gen/community/community_service.pb.go:304.55,306.2 1 0
github.com/sparkle/gateway/gen/community/community_service.pb.go:309.53,311.2 1 0
github.com/sparkle/gateway/gen/community/community_service.pb.go:338.52,342.2 3 0
github.com/sparkle/gateway/gen/community/community_service.pb.go:344.43,346.2 1 0
github.com/sparkle/gateway/gen/community/community_service.pb.go:348.66,350.2 1 0
github.com/sparkle/gateway/gen/community/community_service.pb.go:352.54,354.2 1 0
github.com/sparkle/gateway/gen/community/community_service.pb.go:356.60,358.2 1 0
github.com/sparkle/gateway/gen/community/community_service.pb.go:361.58,363.2 1 0
github.com/sparkle/gateway/gen/community/community_service.pb.go:372.24,377.2 4 0
github.com/sparkle/gateway/gen/community/community_service.pb.go:379.32,381.2 1 0
github.com/sparkle/gateway/gen/community/community_service.pb.go:383.30,383.31 0 0
github.com/sparkle/gateway/gen/community/community_service.pb.go:385.52,387.14 2 0
github.com/sparkle/gateway/gen/community/community_service.pb.go:387.14,389.34 2 0
github.com/sparkle/gateway/gen/community/community_service.pb.go:389.34,391.4 1 0
github.com/sparkle/gateway/gen/community/community_service.pb.go:392.3,392.12 1 0
github.com/sparkle/gateway/gen/community/community_service.pb.go:394.2,394.24 1 0
github.com/sparkle/gateway/gen/community/community_service.pb.go:398.43,400.2 1 0
github.com/sparkle/gateway/gen/community/community_service.pb.go:402.34,403.14 1 0
github.com/sparkle/gateway/gen/community/community_service.pb.go:403.14,405.3 1 0
github.com/sparkle/gateway/gen/community/community_service.pb.go:406.2,406.11 1 0
github.com/sparkle/gateway/gen/community/community_service.pb.go:422.29,427.2 4 0
github.com/sparkle/gateway/gen/community/community_service.pb.go:429.37,431.2 1 0
github.com/sparkle/gateway/gen/community/community_service.pb.go:433.35,433.36 0 0
github.com/sparkle/gateway/gen/community/community_service.pb.go:435.57,437.14 2 0
github.com/sparkle/gateway/gen/community/community_service.pb.go:437.14,439.34 2 0
github.com/sparkle/gateway/gen/community/community_service.pb.go:439.34,441.4 1 0
github.com/sparkle/gateway/gen/community/community_service.pb.go:442.3,442.12 1 0
github.com/sparkle/gateway/gen/community/community_service.pb.go:444.2,444.24 1 0
github.com/sparkle/gateway/gen/community/community_service.pb.go:448.48,450.2 1 0
github.com/sparkle/gateway/gen/community/community_service.pb.go:452.35,453.14 1 0
github.com/sparkle/gateway/gen/community/community_service.pb.go:453.14,455.3 1 0
github.com/sparkle/gateway/gen/community/community_service.pb.go:456.2,456.12 1 0
github.com/sparkle/gateway/gen/community/community_service.pb.go:459.42,460.14 1 0
github.com/sparkle/gateway/gen/community/community_service.pb.go:460.14,462.3 1 0
github.com/sparkle/gateway/gen/community/community_service.pb.go:463.2,463.11 1 0
github.com/sparkle/gateway/gen/community/community_service.pb.go:466.42,467.14 1 0
github.com/sparkle/gateway/gen/community/community_service.pb.go:467.14,469.3 1 0
github.com/sparkle/gateway/gen/community/community_service.pb.go:470.2,470.11 1 0
github.com/sparkle/gateway/gen/community/community_service.pb.go:473.43,474.14 1 0
github.com/sparkle/gateway/gen/community/community_service.pb.go:474.14,476.3 1 0
github.com/sparkle/gateway/gen/community/community_service.pb.go:477.2,477.11 1 0
github.com/sparkle/gateway/gen/community/community_service.pb.go:480.43,481.14 1 0
github.com/sparkle/gateway/gen/community/community_service.pb.go:481.14,483.3 1 0
github.com/sparkle/gateway/gen/community/community_service.pb.go:484.2,484.10 1 0
github.com/sparkle/gateway/gen/community/community_service.pb.go:487.50,488.14 1 0
github.com/sparkle/gateway/gen/community/community_service.pb.go:488.14,490.3 1 0
github.com/sparkle/gateway/gen/community/community_service.pb.go:491.2,491.10 1 0
github.com/sparkle/gateway/gen/community/community_service.pb.go:494.40,495.14 1 0
github.com/sparkle/gateway/gen/community/community_service.pb.go:495.14,497.3 1 0
github.com/sparkle/gateway/gen/community/community_service.pb.go:498.2,498.11 1 0
github.com/sparkle/gateway/gen/community/community_service.pb.go:509.33,514.2 4 0
github.com/sparkle/gateway/gen/community/community_service.pb.go:516.41,518.2 1 0
github.com/sparkle/gateway/gen/community/community_service.pb.go:520.39,520.40 0 0
github.com/sparkle/gateway/gen/community/community_service.pb.go:522.61,524.14 2 0
github.com/sparkle/gateway/gen/community/community_service.pb.go:524.14,526.34 2 0
github.com/sparkle/gateway/gen/community/community_service.pb.go:526.34,528.4 1 0
github.com/sparkle/gateway/gen/community/community_service.pb.go:529.3,529.12 1 0
github.com/sparkle/gateway/gen/community/community_service.pb.go:531.2,531.24 1 0
github.com/sparkle/gateway/gen/community/community_service.pb.go:535.52,537.2 1 0
github.com/sparkle/gateway/gen/community/community_service.pb.go:539.49,540.14 1 0
github.com/sparkle/gateway/gen/community/community_service.pb.go:540.14,542.3 1 0
github.com/sparkle/gateway/gen/community/community_service.pb.go:543.2,543.12 1 0
github.com/sparkle/gateway/gen/community/community_service.pb.go:546.45,547.14 1 0
github.com/sparkle/gateway/gen/community/community_service.pb.go:547.14,549.3 1 0
github.com/sparkle/gateway/gen/community/community_service.pb.go:550.2,550.11 1 0
github.com/sparkle/gateway/gen/community/community_service.pb.go:561.34,566.2 4 0
github.com/sparkle/gateway/gen/community/community_service.pb.go:568.42,570.2 1 0
github.com/sparkle/gateway/gen/community/community_service.pb.go:572.40,572.41 0 0
github.com/sparkle/gateway/gen/community/community_service.pb.go:574.62,576.14 2 0
github.com/sparkle/gateway/gen/community/community_service.pb.go:576.14,578.34 2 0
github.com/sparkle/gateway/gen/community/community_service.pb.go:578.34,580.4 1 0
github.com/sparkle/gateway/gen/community/community_service.pb.go:581.3,581.12 1 0
github.com/sparkle/gateway/gen/community/community_service.pb.go:583.2,583.24 1 0
github.com/sparkle/gateway/gen/community/community_service.pb.go:587.53,589.2 1 0
github.com/sparkle/gateway/gen/community/community_service.pb.go:591.50,592.14 1 0
github.com/sparkle/gateway/gen/community/community_service.pb.go:592.14,594.3 1 0
github.com/sparkle/gateway/gen/community/community_service.pb.go:595.2,595.12 1 0
github.com/sparkle/gateway/gen/community/community_service.pb.go:598.43,599.14 1 0
github.com/sparkle/gateway/gen/community/community_service.pb.go:599.14,601.3 1 0
github.com/sparkle/gateway/gen/community/community_service.pb.go:602.2,602.14 1 0
github.com/sparkle/gateway/gen/community/community_service.pb.go:615.34,620.2 4 0
github.com/sparkle/gateway/gen/community/community_service.pb.go:622.42,624.2 1 0
github.com/sparkle/gateway/gen/community/community_service.pb.go:626.40,626.41 0 0
github.com/sparkle/gateway/gen/community/community_service.pb.go:628.62,630.14 2 0
github.com/sparkle/gateway/gen/community/community_service.pb.go:630.14,632.34 2 0
github.com/sparkle/gateway/gen/community/community_service.pb.go:632.34,634.4 1 0
github.com/sparkle/gateway/gen/community/community_service.pb.go:635.3,635.12 1 0
github.com/sparkle/gateway/gen/community/community_service.pb.go:637.2,637.24 1 0
github.com/sparkle/gateway/gen/community/community_service.pb.go:641.53,643.2 1 0
github.com/sparkle/gateway/gen/community/community_service.pb.go:645.49,646.14 1 0
github.com/sparkle/gateway/gen/community/community_service.pb.go:646.14,648.3 1 0
github.com/sparkle/gateway/gen/community/community_service.pb.go:649.2,649.12 1 0
github.com/sparkle/gateway/gen/community/community_service.pb.go:652.55,653.14 1 0
github.com/sparkle/gateway/gen/community/community_service.pb.go:653.14,655.3 1 0
github.com/sparkle/gateway/gen/community/community_service.pb.go:656.2,656.55 1 0
github.com/sparkle/gateway/gen/community/community_service.pb.go:659.61,660.14 1 0
github.com/sparkle/gateway/gen/community/community_service.pb.go:660.14,662.3 1 0
github.com/sparkle/gateway/gen/community/community_service.pb.go:663.2,663.12 1 0
github.com/sparkle/gateway/gen/community/community_service.pb.go:666.50,667.14 1 0
github.com/sparkle/gateway/gen/community/community_service.pb.go:667.14,669.3 1 0
github.com/sparkle/gateway/gen/community/community_service.pb.go:670.2,670.14 1 0
github.com/sparkle/gateway/gen/community/community_service.pb.go:681.36,686.2 4 0
github.com/sparkle/gateway/gen/community/community_service.pb.go:688.44,690.2 1 0
github.com/sparkle/gateway/gen/community/community_service.pb.go:692.42,692.43 0 0
github.com/sparkle/gateway/gen/community/community_service.pb.go:694.64,696.14 2 0
github.com/sparkle/gateway/gen/community/community_service.pb.go:696.14,698.34 2 0
github.com/sparkle/gateway/gen/community/community_service.pb.go:698.34,700.4 1 0
github.com/sparkle/gateway/gen/community/community_service.pb.go:701.3,701.12 1 0
github.com/sparkle/gateway/gen/community/community_service.pb.go:703.2,703.24 1 0
github.com/sparkle/gateway/gen/community/community_service.pb.go:707.55,709.2 1 0
github.com/sparkle/gateway/gen/community/community_service.pb.go:711.52,712.14 1 0
github.com/sparkle/gateway/gen/community/community_service.pb.go:712.14,714.3 1 0
github.com/sparkle/gateway/gen/community/community_service.pb.go:715.2,715.12 1 0
github.com/sparkle/gateway/gen/community/community_service.pb.go:718.47,719.14 1 0
github.com/sparkle/gateway/gen/community/community_service.pb.go:719.14,721.3 1 0
github.com/sparkle/gateway/gen/community/community_service.pb.go:722.2,722.11 1 0
github.com/sparkle/gateway/gen/community/community_service.pb.go:734.33,739.2 4 0
github.com/sparkle/gateway/gen/community/community_service.pb.go:741.41,743.2 1 0
github.com/sparkle/gateway/gen/community/community_service.pb.go:745.39,745.40 0 0
github.com/sparkle/gateway/gen/community/community_service.pb.go:747.61,749.14 2 0
github.com/sparkle/gateway/gen/community/community_service.pb.go:749.14,751.34 2 0
github.com/sparkle/gateway/gen/community/community_service.pb.go:751.34,753.4 1 0
github.com/sparkle/gateway/gen/community/community_service.pb.go:754.3,754.12 1 0
github.com/sparkle/gateway/gen/community/community_service.pb.go:756.2,756.24 1 0
github.com/sparkle/gateway/gen/community/community_service.pb.go:760.52,762.2 1 0
github.com/sparkle/gateway/gen/community/community_service.pb.go:764.53,765.14 1 0
github.com/sparkle/gateway/gen/community/community_service.pb.go:765.14,767.3 1 0
github.com/sparkle/gateway/gen/community/community_service.pb.go:768.2,768.12 1 0
github.com/sparkle/gateway/gen/community/community_service.pb.go:771.44,772.14 1 0
github.com/sparkle/gateway/gen/community/community_service.pb.go:772.14,774.3 1 0
github.com/sparkle/gateway/gen/community/community_service.pb.go:775.2,775.11 1 0
github.com/sparkle/gateway/gen/community/community_service.pb.go:778.63,779.14 1 0
github.com/sparkle/gateway/gen/community/community_service.pb.go:779.14,781.3 1 0
github.com/sparkle/gateway/gen/community/community_service.pb.go:782.2,782.12 1 0
github.com/sparkle/gateway/gen/community/community_service.pb.go:800.31,805.2 4 0
github.com/sparkle/gateway/gen/community/community_service.pb.go:807.39,809.2 1 0
github.com/sparkle/gateway/gen/community/community_service.pb.go:811.37,811.38 0 0
github.com/sparkle/gateway/gen/community/community_service.pb.go:813.59,815.14 2 0
github.com/sparkle/gateway/gen/community/community_service.pb.go:815.14,817.34 2 0
github.com/sparkle/gateway/gen/community/community_service.pb.go:817.34,819.4 1 0
github.com/sparkle/gateway/gen/community/community_service.pb.go:820.3,820.12 1 0
github.com/sparkle/gateway/gen/community/community_service.pb.go:822.2,822.24 1 0
github.com/sparkle/gateway/gen/community/community_service.pb.go:826.50,828.2 1 0
github.com/sparkle/gateway/gen/community/community_service.pb.go:830.40,831.14 1 0
github.com/sparkle/gateway/gen/community/community_service.pb.go:831.14,833.3 1 0
github.com/sparkle/gateway/gen/community/community_service.pb.go:834.2,834.11 1 0
github.com/sparkle/gateway/gen/community/community_service.pb.go:837.47,838.14 1 0
github.com/sparkle/gateway/gen/community/community_service.pb.go:838.14,840.3 1 0
github.com/sparkle/gateway/gen/community/community_service.pb.go:841.2,841.11 1 0
github.com/sparkle/gateway/gen/community/community_service.pb.go:844.43,845.14 1 0
github.com/sparkle/gateway/gen/community/community_service.pb.go:845.14,847.3 1 0
github.com/sparkle/gateway/gen/community/community_service.pb.go:848.2,848.41 1 0
github.com/sparkle/gateway/gen/community/community_service.pb.go:851.47,852.14 1 0
github.com/sparkle/gateway/gen/community/community_service.pb.go:852.14,854.3 1 0
github.com/sparkle/gateway/gen/community/community_service.pb.go:855.2,855.12 1 0
github.com/sparkle/gateway/gen/community/community_service.pb.go:858.60,859.14 1 0
github.com/sparkle/gateway/gen/community/community_service.pb.go:859.14,861.3 1 0
github.com/sparkle/gateway/gen/community/community_service.pb.go:862.2,862.12 1 0
github.com/sparkle/gateway/gen/community/community_service.pb.go:865.46,866.14 1 0
github.com/sparkle/gateway/gen/community/community_service.pb.go:866.14,868.3 1 0
github.com/sparkle/gateway/gen/community/community_service.pb.go:869.2,869.11 1 0
github.com/sparkle/gateway/gen/community/community_service.pb.go:872.45,873.14 1 0
github.com/sparkle/gateway/gen/community/community_service.pb.go:873.14,875.3 1 0
github.com/sparkle/gateway/gen/community/community_service.pb.go:876.2,876.10 1 0
github.com/sparkle/gateway/gen/community/community_service.pb.go:879.42,880.14 1 0
github.com/sparkle/gateway/gen/community/community_service.pb.go:880.14,882.3 1 0
github.com/sparkle/gateway/gen/community/community_service.pb.go:883.2,883.14 1 0
github.com/sparkle/gateway/gen/community/community_service.pb.go:886.54,887.14 1 0
github.com/sparkle/gateway/gen/community/community_service.pb.go:887.14,889.3 1 0
github.com/sparkle/gateway/gen/community/community_service.pb.go:890.2,890.14 1 0
github.com/sparkle/gateway/gen/community/community_service.pb.go:916.29,921.2 4 0
github.com/sparkle/gateway/gen/community/community_service.pb.go:923.37,925.2 1 0
github.com/sparkle/gateway/gen/community/community_service.pb.go:927.35,927.36 0 0
github.com/sparkle/gateway/gen/community/community_service.pb.go:929.57,931.14 2 0
github.com/sparkle/gateway/gen/community/community_service.pb.go:931.14,933.34 2 0
github.com/sparkle/gateway/gen/community/community_service.pb.go:933.34,935.4 1 0
github.com/sparkle/gateway/gen/community/community_service.pb.go:936.3,936.12 1 0
github.com/sparkle/gateway/gen/community/community_service.pb.go:938.2,938.24 1 0
github.com/sparkle/gateway/gen/community/community_service.pb.go:942.48,944.2 1 0
github.com/sparkle/gateway/gen/community/community_service.pb.go:946.35,947.14 1 0
github.com/sparkle/gateway/gen/community/community_service.pb.go:947.14,949.3 1 0
github.com/sparkle/gateway/gen/community/community_service.pb.go:950.2,950.12 1 0
github.com/sparkle/gateway/gen/community/community_service.pb.go:953.38,954.14 1 0
github.com/sparkle/gateway/gen/community/community_service.pb.go:954.14,956.3 1 0
github.com/sparkle/gateway/gen/community/community_service.pb.go:957.2,957.11 1 0
github.com/sparkle/gateway/gen/community/community_service.pb.go:960.45,961.14 1 0
github.com/sparkle/gateway/gen/community/community_service.pb.go:961.14,963.3 1 0
github.com/sparkle/gateway/gen/community/community_service.pb.go:964.2,964.11 1 0
github.com/sparkle/gateway/gen/community/community_service.pb.go:967.43,968.14 1 0
github.com/sparkle/gateway/gen/community/community_service.pb.go:968.14,970.3 1 0
github.com/sparkle/gateway/gen/community/community_service.pb.go:971.2,971.11 1 0
github.com/sparkle/gateway/gen/community/community_service.pb.go:974.41,975.14 1 0
github.com/sparkle/gateway/gen/community/community_service.pb.go:975.14,977.3 1 0
github.com/sparkle/gateway/gen/community/community_service.pb.go:978.2,978.41 1 0
github.com/sparkle/gateway/gen/community/community_service.pb.go:981.45,982.14 1 0
github.com/sparkle/gateway/gen/community/community_service.pb.go:982.14,984.3 1 0
github.com/sparkle/gateway/gen/community/community_service.pb.go:985.2,985.12 1 0
github.com/sparkle/gateway/gen/community/community_service.pb.go:988.58,989.14 1 0
github.com/sparkle/gateway/gen/community/community_service.pb.go:989.14,991.3 1 0
github.com/sparkle/gateway/gen/community/community_service.pb.go:992.2,992.12 1 0
github.com/sparkle/gateway/gen/community/community_service.pb.go:995.44,996.14 1 0
github.com/sparkle/gateway/gen/community/community_service.pb.go:996.14,998.3 1 0
github.com/sparkle/gateway/gen/community/community_service.pb.go:999.2,999.11 1 0
github.com/sparkle/gateway/gen/community/community_service.pb.go:1002.46,1003.14 1 0
github.com/sparkle/gateway/gen/community/community_service.pb.go:1003.14,1005.3 1 0
github.com/sparkle/gateway/gen/community/community_service.pb.go:1006.2,1006.10 1 0
github.com/sparkle/gateway/gen/community/community_service.pb.go:1009.44,1010.14 1 0
github.com/sparkle/gateway/gen/community/community_service.pb.go:1010.14,1012.3 1 0
github.com/sparkle/gateway/gen/community/community_service.pb.go:1013.2,1013.10 1 0
github.com/sparkle/gateway/gen/community/community_service.pb.go:1016.48,1017.14 1 0
github.com/sparkle/gateway/gen/community/community_service.pb.go:1017.14,1019.3 1 0
github.com/sparkle/gateway/gen/community/community_service.pb.go:1020.2,1020.10 1 0
github.com/sparkle/gateway/gen/community/community_service.pb.go:1023.50,1024.14 1 0
github.com/sparkle/gateway/gen/community/community_service.pb.go:1024.14,1026.3 1 0
github.com/sparkle/gateway/gen/community/community_service.pb.go:1027.2,1027.10 1 0
github.com/sparkle/gateway/gen/community/community_service.pb.go:1030.52,1031.14 1 0
github.com/sparkle/gateway/gen/community/community_service.pb.go:1031.14,1033.3 1 0
github.com/sparkle/gateway/gen/community/community_service.pb.go:1034.2,1034.10 1 0
github.com/sparkle/gateway/gen/community/community_service.pb.go:1037.43,1038.14 1 0
github.com/sparkle/gateway/gen/community/community_service.pb.go:1038.14,1040.3 1 0
github.com/sparkle/gateway/gen/community/community_service.pb.go:1041.2,1041.10 1 0
github.com/sparkle/gateway/gen/community/community_service.pb.go:1044.40,1045.14 1 0
github.com/sparkle/gateway/gen/community/community_service.pb.go:1045.14,1047.3 1 0
github.com/sparkle/gateway/gen/community/community_service.pb.go:1048.2,1048.14 1 0
github.com/sparkle/gateway/gen/community/community_service.pb.go:1051.52,1052.14 1 0
github.com/sparkle/gateway/gen/community/community_service.pb.go:1052.14,1054.3 1 0
github.com/sparkle/gateway/gen/community/community_service.pb.go:1055.2,1055.14 1 0
github.com/sparkle/gateway/gen/community/community_service.pb.go:1058.43,1059.14 1 0
github.com/sparkle/gateway/gen/community/community_service.pb.go:1059.14,1061.3 1 0
github.com/sparkle/gateway/gen/community/community_service.pb.go:1062.2,1062.41 1 0
github.com/sparkle/gateway/gen/community/community_service.pb.go:1078.35,1083.2 4 0
github.com/sparkle/gateway/gen/community/community_service.pb.go:1085.43,1087.2 1 0
github.com/sparkle/gateway/gen/community/community_service.pb.go:1089.41,1089.42 0 0
github.com/sparkle/gateway/gen/community/community_service.pb.go:1091.63,1093.14 2 0
github.com/sparkle/gateway/gen/community/community_service.pb.go:1093.14,1095.34 2 0
github.com/sparkle/gateway/gen/community/community_service.pb.go:1095.34,1097.4 1 0
github.com/sparkle/gateway/gen/community/community_service.pb.go:1098.3,1098.12 1 0
github.com/sparkle/gateway/gen/community/community_service.pb.go:1100.2,1100.24 1 0
github.com/sparkle/gateway/gen/community/community_service.pb.go:1104.54,1106.2 1 0
github.com/sparkle/gateway/gen/community/community_service.pb.go:1108.48,1109.14 1 0
github.com/sparkle/gateway/gen/community/community_service.pb.go:1109.14,1111.3 1 0
github.com/sparkle/gateway/gen/community/community_service.pb.go:1112.2,1112.12 1 0
github.com/sparkle/gateway/gen/community/community_service.pb.go:1115.47,1116.14 1 0
github.com/sparkle/gateway/gen/community/community_service.pb.go:1116.14,1118.3 1 0
github.com/sparkle/gateway/gen/community/community_service.pb.go:1119.2,1119.41 1 0
github.com/sparkle/gateway/gen/community/community_service.pb.go:1122.56,1123.14 1 0
github.com/sparkle/gateway/gen/community/community_service.pb.go:1123.14,1125.3 1 0
github.com/sparkle/gateway/gen/community/community_service.pb.go:1126.2,1126.10 1 0
github.com/sparkle/gateway/gen/community/community_service.pb.go:1129.53,1130.14 1 0
github.com/sparkle/gateway/gen/community/community_service.pb.go:1130.14,1132.3 1 0
github.com/sparkle/gateway/gen/community/community_service.pb.go:1133.2,1133.10 1 0
github.com/sparkle/gateway/gen/community/community_service.pb.go:1136.52,1137.14 1 0
github.com/sparkle/gateway/gen/community/community_service.pb.go:1137.14,1139.3 1 0
github.com/sparkle/gateway/gen/community/community_service.pb.go:1140.2,1140.10 1 0
github.com/sparkle/gateway/gen/community/community_service.pb.go:1143.64,1144.14 1 0
github.com/sparkle/gateway/gen/community/community_service.pb.go:1144.14,1146.3 1 0
github.com/sparkle/gateway/gen/community/community_service.pb.go:1147.2,1147.12 1 0
github.com/sparkle/gateway/gen/community/community_service.pb.go:1150.68,1151.14 1 0
github.com/sparkle/gateway/gen/community/community_service.pb.go:1151.14,1153.3 1 0
github.com/sparkle/gateway/gen/community/community_service.pb.go:1154.2,1154.12 1 0
github.com/sparkle/gateway/gen/community/community_service.pb.go:1167.56,1172.2 4 0
github.com/sparkle/gateway/gen/community/community_service.pb.go:1174.64,1176.2 1 0
github.com/sparkle/gateway/gen/community/community_service.pb.go:1178.62,1178.63 0 0
github.com/sparkle/gateway/gen/community/community_service.pb.go:1180.84,1182.14 2 0
github.com/sparkle/gateway/gen/community/community_service.pb.go:1182.14,1184.34 2 0
github.com/sparkle/gateway/gen/community/community_service.pb.go:1184.34,1186.4 1 0
github.com/sparkle/gateway/gen/community/community_service.pb.go:1187.3,1187.12 1 0
github.com/sparkle/gateway/gen/community/community_service.pb.go:1189.2,1189.24 1 0
github.com/sparkle/gateway/gen/community/community_service.pb.go:1193.75,1195.2 1 0
github.com/sparkle/gateway/gen/community/community_service.pb.go:1197.67,1198.14 1 0
github.com/sparkle/gateway/gen/community/community_service.pb.go:1198.14,1200.3 1 0
github.com/sparkle/gateway/gen/community/community_service.pb.go:1201.2,1201.12 1 0
github.com/sparkle/gateway/gen/community/community_service.pb.go:1204.66,1205.14 1 0
github.com/sparkle/gateway/gen/community/community_service.pb.go:1205.14,1207.3 1 0
github.com/sparkle/gateway/gen/community/community_service.pb.go:1208.2,1208.12 1 0
github.com/sparkle/gateway/gen/community/community_service.pb.go:1211.69,1212.14 1 0
github.com/sparkle/gateway/gen/community/community_service.pb.go:1212.14,1214.3 1 0
github.com/sparkle/gateway/gen/community/community_service.pb.go:1215.2,1215.11 1 0
github.com/sparkle/gateway/gen/community/community_service.pb.go:1218.67,1219.14 1 0
github.com/sparkle/gateway/gen/community/community_service.pb.go:1219.14,1221.3 1 0
github.com/sparkle/gateway/gen/community/community_service.pb.go:1222.2,1222.12 1 0
github.com/sparkle/gateway/gen/community/community_service.pb.go:1245.50,1250.2 4 0
github.com/sparkle/gateway/gen/community/community_service.pb.go:1252.58,1254.2 1 0
github.com/sparkle/gateway/gen/community/community_service.pb.go:1256.56,1256.57 0 0
github.com/sparkle/gateway/gen/community/community_service.pb.go:1258.78,1260.14 2 0
github.com/sparkle/gateway/gen/community/community_service.pb.go:1260.14,1262.34 2 0
github.com/sparkle/gateway/gen/community/community_service.pb.go:1262.34,1264.4 1 0
github.com/sparkle/gateway/gen/community/community_service.pb.go:1265.3,1265.12 1 0
github.com/sparkle/gateway/gen/community/community_service.pb.go:1267.2,1267.24 1 0
github.com/sparkle/gateway/gen/community/community_service.pb.go:1271.69,1273.2 1 0
github.com/sparkle/gateway/gen/community/community_service.pb.go:1275.60,1276.14 1 0
github.com/sparkle/gateway/gen/community/community_service.pb.go:1276.14,1278.3 1 0
github.com/sparkle/gateway/gen/community/community_service.pb.go:1279.2,1279.12 1 0
github.com/sparkle/gateway/gen/community/community_service.pb.go:1282.63,1283.14 1 0
github.com/sparkle/gateway/gen/community/community_service.pb.go:1283.14,1285.3 1 0
github.com/sparkle/gateway/gen/community/community_service.pb.go:1286.2,1286.11 1 0
github.com/sparkle/gateway/gen/community/community_service.pb.go:1289.63,1290.14 1 0
github.com/sparkle/gateway/gen/community/community_service.pb.go:1290.14,1292.3 1 0
github.com/sparkle/gateway/gen/community/community_service.pb.go:1293.2,1293.11 1 0
github.com/sparkle/gateway/gen/community/community_service.pb.go:1296.62,1297.14 1 0
github.com/sparkle/gateway/gen/community/community_service.pb.go:1297.14,1299.3 1 0
github.com/sparkle/gateway/gen/community/community_service.pb.go:1300.2,1300.10 1 0
github.com/sparkle/gateway/gen/community/community_service.pb.go:1303.63,1304.14 1 0
github.com/sparkle/gateway/gen/community/community_service.pb.go:1304.14,1306.3 1 0
github.com/sparkle/gateway/gen/community/community_service.pb.go:1307.2,1307.11 1 0
github.com/sparkle/gateway/gen/community/community_service.pb.go:1310.61,1311.14 1 0
github.com/sparkle/gateway/gen/community/community_service.pb.go:1311.14,1313.3 1 0
github.com/sparkle/gateway/gen/community/community_service.pb.go:1314.2,1314.12 1 0
github.com/sparkle/gateway/gen/community/community_service.pb.go:1317.78,1318.14 1 0
github.com/sparkle/gateway/gen/community/community_service.pb.go:1318.14,1320.3 1 0
github.com/sparkle/gateway/gen/community/community_service.pb.go:1321.2,1321.63 1 0
github.com/sparkle/gateway/gen/community/community_service.pb.go:1324.66,1325.14 1 0
github.com/sparkle/gateway/gen/community/community_service.pb.go:1325.14,1327.3 1 0
github.com/sparkle/gateway/gen/community/community_service.pb.go:1328.2,1328.14 1 0
github.com/sparkle/gateway/gen/community/community_service.pb.go:1331.67,1332.14 1 0
github.com/sparkle/gateway/gen/community/community_service.pb.go:1332.14,1334.3 1 0
github.com/sparkle/gateway/gen/community/community_service.pb.go:1335.2,1335.10 1 0
github.com/sparkle/gateway/gen/community/community_service.pb.go:1338.67,1339.14 1 0
github.com/sparkle/gateway/gen/community/community_service.pb.go:1339.14,1341.3 1 0
github.com/sparkle/gateway/gen/community/community_service.pb.go:1342.2,1342.10 1 0
github.com/sparkle/gateway/gen/community/community_service.pb.go:1345.65,1346.14 1 0
github.com/sparkle/gateway/gen/community/community_service.pb.go:1346.14,1348.3 1 0
github.com/sparkle/gateway/gen/community/community_service.pb.go:1349.2,1349.10 1 0
github.com/sparkle/gateway/gen/community/community_service.pb.go:1352.69,1353.14 1 0
github.com/sparkle/gateway/gen/community/community_service.pb.go:1353.14,1355.3 1 0
github.com/sparkle/gateway/gen/community/community_service.pb.go:1356.2,1356.10 1 0
github.com/sparkle/gateway/gen/community/community_service.pb.go:1359.68,1360.14 1 0
github.com/sparkle/gateway/gen/community/community_service.pb.go:1360.14,1362.3 1 0
github.com/sparkle/gateway/gen/community/community_service.pb.go:1363.2,1363.10 1 0
github.com/sparkle/gateway/gen/community/community_service.pb.go:1366.70,1367.14 1 0
github.com/sparkle/gateway/gen/community/community_service.pb.go:1367.14,1369.3 1 0
github.com/sparkle/gateway/gen/community/community_service.pb.go:1370.2,1370.10 1 0
github.com/sparkle/gateway/gen/community/community_service.pb.go:1386.43,1391.2 4 0
github.com/sparkle/gateway/gen/community/community_service.pb.go:1393.51,1395.2 1 0
github.com/sparkle/gateway/gen/community/community_service.pb.go:1397.49,1397.50 0 0
github.com/sparkle/gateway/gen/community/community_service.pb.go:1399.71,1401.14 2 0
github.com/sparkle/gateway/gen/community/community_service.pb.go:1401.14,1403.34 2 0
github.com/sparkle/gateway/gen/community/community_service.pb.go:1403.34,1405.4 1 0
github.com/sparkle/gateway/gen/community/community_service.pb.go:1406.3,1406.12 1 0
github.com/sparkle/gateway/gen/community/community_service.pb.go:1408.2,1408.24 1 0
github.com/sparkle/gateway/gen/community/community_service.pb.go:1412.62,1414.2 1 0
github.com/sparkle/gateway/gen/community/community_service.pb.go:1416.61,1417.14 1 0
github.com/sparkle/gateway/gen/community/community_service.pb.go:1417.14,1419.3 1 0
github.com/sparkle/gateway/gen/community/community_service.pb.go:1420.2,1420.10 1 0
github.com/sparkle/gateway/gen/community/community_service.pb.go:1423.60,1424.14 1 0
github.com/sparkle/gateway/gen/community/community_service.pb.go:1424.14,1426.3 1 0
github.com/sparkle/gateway/gen/community/community_service.pb.go:1427.2,1427.10 1 0
github.com/sparkle/gateway/gen/community/community_service.pb.go:1430.60,1431.14 1 0
github.com/sparkle/gateway/gen/community/community_service.pb.go:1431.14,1433.3 1 0
github.com/sparkle/gateway/gen/community/community_service.pb.go:1434.2,1434.10 1 0
github.com/sparkle/gateway/gen/community/community_service.pb.go:1437.58,1438.14 1 0
github.com/sparkle/gateway/gen/community/community_service.pb.go:1438.14,1440.3 1 0
github.com/sparkle/gateway/gen/community/community_service.pb.go:1441.2,1441.10 1 0
github.com/sparkle/gateway/gen/community/community_service.pb.go:1444.61,1445.14 1 0
github.com/sparkle/gateway/gen/community/community_service.pb.go:1445.14,1447.3 1 0
github.com/sparkle/gateway/gen/community/community_service.pb.go:1448.2,1448.10 1 0
github.com/sparkle/gateway/gen/community/community_service.pb.go:1451.61,1452.14 1 0
github.com/sparkle/gateway/gen/community/community_service.pb.go:1452.14,1454.3 1 0
github.com/sparkle/gateway/gen/community/community_service.pb.go:1455.2,1455.10 1 0
github.com/sparkle/gateway/gen/community/community_service.pb.go:1458.62,1459.14 1 0
github.com/sparkle/gateway/gen/community/community_service.pb.go:1459.14,1461.3 1 0
github.com/sparkle/gateway/gen/community/community_service.pb.go:1462.2,1462.10 1 0
github.com/sparkle/gateway/gen/community/community_service.pb.go:1475.42,1480.2 4 0
github.com/sparkle/gateway/gen/community/community_service.pb.go:1482.50,1484.2 1 0
github.com/sparkle/gateway/gen/community/community_service.pb.go:1486.48,1486.49 0 0
github.com/sparkle/gateway/gen/community/community_service.pb.go:1488.70,1490.14 2 0
github.com/sparkle/gateway/gen/community/community_service.pb.go:1490.14,1492.34 2 0
github.com/sparkle/gateway/gen/community/community_service.pb.go:1492.34,1494.4 1 0
github.com/sparkle/gateway/gen/community/community_service.pb.go:1495.3,1495.12 1 0
github.com/sparkle/gateway/gen/community/community_service.pb.go:1497.2,1497.24 1 0
github.com/sparkle/gateway/gen/community/community_service.pb.go:1501.61,1503.2 1 0
github.com/sparkle/gateway/gen/community/community_service.pb.go:1505.53,1506.14 1 0
github.com/sparkle/gateway/gen/community/community_service.pb.go:1506.14,1508.3 1 0
github.com/sparkle/gateway/gen/community/community_service.pb.go:1509.2,1509.12 1 0
github.com/sparkle/gateway/gen/community/community_service.pb.go:1512.67,1513.14 1 0
github.com/sparkle/gateway/gen/community/community_service.pb.go:1513.14,1515.3 1 0
github.com/sparkle/gateway/gen/community/community_service.pb.go:1516.2,1516.12 1 0
github.com/sparkle/gateway/gen/community/community_service.pb.go:1519.83,1520.14 1 0
github.com/sparkle/gateway/gen/community/community_service.pb.go:1520.14,1522.3 1 0
github.com/sparkle/gateway/gen/community/community_service.pb.go:1523.2,1523.12 1 0
github.com/sparkle/gateway/gen/community/community_service.pb.go:1526.70,1527.14 1 0
github.com/sparkle/gateway/gen/community/community_service.pb.go:1527.14,1529.3 1 0
github.com/sparkle/gateway/gen/community/community_service.pb.go:1530.2,1530.12 1 0
github.com/sparkle/gateway/gen/community/community_service.pb.go:1554.48,1559.2 4 0
github.com/sparkle/gateway/gen/community/community_service.pb.go:1561.56,1563.2 1 0
github.com/sparkle/gateway/gen/community/community_service.pb.go:1565.54,1565.55 0 0
github.com/sparkle/gateway/gen/community/community_service.pb.go:1567.76,1569.14 2 0
github.com/sparkle/gateway/gen/community/community_service.pb.go:1569.14,1571.34 2 0
github.com/sparkle/gateway/gen/community/community_service.pb.go:1571.34,1573.4 1 0
github.com/sparkle/gateway/gen/community/community_service.pb.go:1574.3,1574.12 1 0
github.com/sparkle/gateway/gen/community/community_service.pb.go:1576.2,1576.24 1 0
github.com/sparkle/gateway/gen/community/community_service.pb.go:1580.67,1582.2 1 0
github.com/sparkle/gateway/gen/community/community_service.pb.go:1584.55,1585.14 1 0
github.com/sparkle/gateway/gen/community/community_service.pb.go:1585.14,1587.3 1 0
github.com/sparkle/gateway/gen/community/community_service.pb.go:1588.2,1588.11 1 0
github.com/sparkle/gateway/gen/community/community_service.pb.go:1591.58,1592.14 1 0
github.com/sparkle/gateway/gen/community/community_service.pb.go:1592.14,1594.3 1 0
github.com/sparkle/gateway/gen/community/community_service.pb.go:1595.2,1595.11 1 0
github.com/sparkle/gateway/gen/community/community_service.pb.go:1598.61,1599.14 1 0
github.com/sparkle/gateway/gen/community/community_service.pb.go:1599.14,1601.3 1 0
github.com/sparkle/gateway/gen/community/community_service.pb.go:1602.2,1602.11 1 0
github.com/sparkle/gateway/gen/community/community_service.pb.go:1605.76,1606.14 1 0
github.com/sparkle/gateway/gen/community/community_service.pb.go:1606.14,1608.3 1 0
github.com/sparkle/gateway/gen/community/community_service.pb.go:1609.2,1609.63 1 0
github.com/sparkle/gateway/gen/community/community_service.pb.go:1612.64,1613.14 1 0
github.com/sparkle/gateway/gen/community/community_service.pb.go:1613.14,1615.3 1 0
github.com/sparkle/gateway/gen/community/community_service.pb.go:1616.2,1616.14 1 0
github.com/sparkle/gateway/gen/community/community_service.pb.go:1619.58,1620.14 1 0
github.com/sparkle/gateway/gen/community/community_service.pb.go:1620.14,1622.3 1 0
github.com/sparkle/gateway/gen/community/community_service.pb.go:1623.2,1623.12 1 0
github.com/sparkle/gateway/gen/community/community_service.pb.go:1626.68,1627.14 1 0
github.com/sparkle/gateway/gen/community/community_service.pb.go:1627.14,1629.3 1 0
github.com/sparkle/gateway/gen/community/community_service.pb.go:1630.2,1630.12 1 0
github.com/sparkle/gateway/gen/community/community_service.pb.go:1633.61,1634.14 1 0
github.com/sparkle/gateway/gen/community/community_service.pb.go:1634.14,1636.3 1 0
github.com/sparkle/gateway/gen/community/community_service.pb.go:1637.2,1637.11 1 0
github.com/sparkle/gateway/gen/community/community_service.pb.go:1640.59,1641.14 1 0
github.com/sparkle/gateway/gen/community/community_service.pb.go:1641.14,1643.3 1 0
github.com/sparkle/gateway/gen/community/community_service.pb.go:1644.2,1644.12 1 0
github.com/sparkle/gateway/gen/community/community_service.pb.go:1647.66,1648.14 1 0
github.com/sparkle/gateway/gen/community/community_service.pb.go:1648.14,1650.3 1 0
github.com/sparkle/gateway/gen/community/community_service.pb.go:1651.2,1651.10 1 0
github.com/sparkle/gateway/gen/community/community_service.pb.go:1654.65,1655.14 1 0
github.com/sparkle/gateway/gen/community/community_service.pb.go:1655.14,1657.3 1 0
github.com/sparkle/gateway/gen/community/community_service.pb.go:1658.2,1658.10 1 0
github.com/sparkle/gateway/gen/community/community_service.pb.go:1661.65,1662.14 1 0
github.com/sparkle/gateway/gen/community/community_service.pb.go:1662.14,1664.3 1 0
github.com/sparkle/gateway/gen/community/community_service.pb.go:1665.2,1665.10 1 0
github.com/sparkle/gateway/gen/community/community_service.pb.go:1668.67,1669.14 1 0
github.com/sparkle/gateway/gen/community/community_service.pb.go:1669.14,1671.3 1 0
github.com/sparkle/gateway/gen/community/community_service.pb.go:1672.2,1672.10 1 0
github.com/sparkle/gateway/gen/community/community_service.pb.go:1675.63,1676.14 1 0
github.com/sparkle/gateway/gen/community/community_service.pb.go:1676.14,1678.3 1 0
github.com/sparkle/gateway/gen/community/community_service.pb.go:1679.2,1679.10 1 0
github.com/sparkle/gateway/gen/community/community_service.pb.go:1682.63,1683.14 1 0
github.com/sparkle/gateway/gen/community/community_service.pb.go:1683.14,1685.3 1 0
github.com/sparkle/gateway/gen/community/community_service.pb.go:1686.2,1686.10 1 0
github.com/sparkle/gateway/gen/community/community_service.pb.go:1699.52,1704.2 4 0
github.com/sparkle/gateway/gen/community/community_service.pb.go:1706.60,1708.2 1 0
github.com/sparkle/gateway/gen/community/community_service.pb.go:1710.58,1710.59 0 0
github.com/sparkle/gateway/gen/community/community_service.pb.go:1712.80,1714.14 2 0
github.com/sparkle/gateway/gen/community/community_service.pb.go:1714.14,1716.34 2 0
github.com/sparkle/gateway/gen/community/community_service.pb.go:1716.34,1718.4 1 0
github.com/sparkle/gateway/gen/community/community_service.pb.go:1719.3,1719.12 1 0
github.com/sparkle/gateway/gen/community/community_service.pb.go:1721.2,1721.24 1 0
github.com/sparkle/gateway/gen/community/community_service.pb.go:1725.71,1727.2 1 0
github.com/sparkle/gateway/gen/community/community_service.pb.go:1729.65,1730.14 1 0
github.com/sparkle/gateway/gen/community/community_service.pb.go:1730.14,1732.3 1 0
github.com/sparkle/gateway/gen/community/community_service.pb.go:1733.2,1733.11 1 0
github.com/sparkle/gateway/gen/community/community_service.pb.go:1736.65,1737.14 1 0
github.com/sparkle/gateway/gen/community/community_service.pb.go:1737.14,1739.3 1 0
github.com/sparkle/gateway/gen/community/community_service.pb.go:1740.2,1740.11 1 0
github.com/sparkle/gateway/gen/community/community_service.pb.go:1743.69,1744.14 1 0
github.com/sparkle/gateway/gen/community/community_service.pb.go:1744.14,1746.3 1 0
github.com/sparkle/gateway/gen/community/community_service.pb.go:1747.2,1747.11 1 0
github.com/sparkle/gateway/gen/community/community_service.pb.go:1750.66,1751.14 1 0
github.com/sparkle/gateway/gen/community/community_service.pb.go:1751.14,1753.3 1 0
github.com/sparkle/gateway/gen/community/community_service.pb.go:1754.2,1754.10 1 0
github.com/sparkle/gateway/gen/community/community_service.pb.go:1767.49,1772.2 4 0
github.com/sparkle/gateway/gen/community/community_service.pb.go:1774.57,1776.2 1 0
github.com/sparkle/gateway/gen/community/community_service.pb.go:1778.55,1778.56 0 0
github.com/sparkle/gateway/gen/community/community_service.pb.go:1780.77,1782.14 2 0
github.com/sparkle/gateway/gen/community/community_service.pb.go:1782.14,1784.34 2 0
github.com/sparkle/gateway/gen/community/community_service.pb.go:1784.34,1786.4 1 0
github.com/sparkle/gateway/gen/community/community_service.pb.go:1787.3,1787.12 1 0
github.com/sparkle/gateway/gen/community/community_service.pb.go:1789.2,1789.24 1 0
github.com/sparkle/gateway/gen/community/community_service.pb.go:1793.68,1795.2 1 0
github.com/sparkle/gateway/gen/community/community_service.pb.go:1797.63,1798.14 1 0
github.com/sparkle/gateway/gen/community/community_service.pb.go:1798.14,1800.3 1 0
github.com/sparkle/gateway/gen/community/community_service.pb.go:1801.2,1801.10 1 0
github.com/sparkle/gateway/gen/community/community_service.pb.go:1804.66,1805.14 1 0
github.com/sparkle/gateway/gen/community/community_service.pb.go:1805.14,1807.3 1 0
github.com/sparkle/gateway/gen/community/community_service.pb.go:1808.2,1808.10 1 0
github.com/sparkle/gateway/gen/community/community_service.pb.go:1811.65,1812.14 1 0
github.com/sparkle/gateway/gen/community/community_service.pb.go:1812.14,1814.3 1 0
github.com/sparkle/gateway/gen/community/community_service.pb.go:1815.2,1815.10 1 0
github.com/sparkle/gateway/gen/community/community_service.pb.go:1818.67,1819.14 1 0
github.com/sparkle/gateway/gen/community/community_service.pb.go:1819.14,1821.3 1 0
github.com/sparkle/gateway/gen/community/community_service.pb.go:1822.2,1822.10 1 0
github.com/sparkle/gateway/gen/community/community_service.pb.go:1838.48,1843.2 4 0
github.com/sparkle/gateway/gen/community/community_service.pb.go:1845.56,1847.2 1 0
github.com/sparkle/gateway/gen/community/community_service.pb.go:1849.54,1849.55 0 0
github.com/sparkle/gateway/gen/community/community_service.pb.go:1851.76,1853.14 2 0
github.com/sparkle/gateway/gen/community/community_service.pb.go:1853.14,1855.34 2 0
github.com/sparkle/gateway/gen/community/community_service.pb.go:1855.34,1857.4 1 0
github.com/sparkle/gateway/gen/community/community_service.pb.go:1858.3,1858.12 1 0
github.com/sparkle/gateway/gen/community/community_service.pb.go:1860.2,1860.24 1 0
github.com/sparkle/gateway/gen/community/community_service.pb.go:1864.67,1866.2 1 0
github.com/sparkle/gateway/gen/community/community_service.pb.go:1868.60,1869.14 1 0
github.com/sparkle/gateway/gen/community/community_service.pb.go:1869.14,1871.3 1 0
github.com/sparkle/gateway/gen/community/community_service.pb.go:1872.2,1872.12 1 0
github.com/sparkle/gateway/gen/community/community_service.pb.go:1875.59,1876.14 1 0
github.com/sparkle/gateway/gen/community/community_service.pb.go:1876.14,1878.3 1 0
github.com/sparkle/gateway/gen/community/community_service.pb.go:1879.2,1879.12 1 0
github.com/sparkle/gateway/gen/community/community_service.pb.go:1882.57,1883.14 1 0
github.com/sparkle/gateway/gen/community/community_service.pb.go:1883.14,1885.3 1 0
github.com/sparkle/gateway/gen/community/community_service.pb.go:1886.2,1886.11 1 0
github.com/sparkle/gateway/gen/community/community_service.pb.go:1889.58,1890.14 1 0
github.com/sparkle/gateway/gen/community/community_service.pb.go:1890.14,1892.3 1 0
github.com/sparkle/gateway/gen/community/community_service.pb.go:1893.2,1893.11 1 0
github.com/sparkle/gateway/gen/community/community_service.pb.go:1896.83,1897.14 1 0
github.com/sparkle/gateway/gen/community/community_service.pb.go:1897.14,1899.3 1 0
github.com/sparkle/gateway/gen/community/community_service.pb.go:1900.2,1900.12 1 0
github.com/sparkle/gateway/gen/community/community_service.pb.go:1903.91,1904.14 1 0
github.com/sparkle/gateway/gen/community/community_service.pb.go:1904.14,1906.3 1 0
github.com/sparkle/gateway/gen/community/community_service.pb.go:1907.2,1907.12 1 0
github.com/sparkle/gateway/gen/community/community_service.pb.go:1910.82,1911.14 1 0
github.com/sparkle/gateway/gen/community/community_service.pb.go:1911.14,1913.3 1 0
github.com/sparkle/gateway/gen/community/community_service.pb.go:1914.2,1914.12 1 0
github.com/sparkle/gateway/gen/community/community_service.pb.go:1930.31,1935.2 4 0
github.com/sparkle/gateway/gen/community/community_service.pb.go:1937.39,1939.2 1 0
github.com/sparkle/gateway/gen/community/community_service.pb.go:1941.37,1941.38 0 0
github.com/sparkle/gateway/gen/community/community_service.pb.go:1943.59,1945.14 2 0
github.com/sparkle/gateway/gen/community/community_service.pb.go:1945.14,1947.34 2 0
github.com/sparkle/gateway/gen/community/community_service.pb.go:1947.34,1949.4 1 0
github.com/sparkle/gateway/gen/community/community_service.pb.go:1950.3,1950.12 1 0
github.com/sparkle/gateway/gen/community/community_service.pb.go:1952.2,1952.24 1 0
github.com/sparkle/gateway/gen/community/community_service.pb.go:1956.50,1958.2 1 0
github.com/sparkle/gateway/gen/community/community_service.pb.go:1960.52,1961.14 1 0
github.com/sparkle/gateway/gen/community/community_service.pb.go:1961.14,1963.3 1 0
github.com/sparkle/gateway/gen/community/community_service.pb.go:1964.2,1964.45 1 0
github.com/sparkle/gateway/gen/community/community_service.pb.go:1967.43,1968.14 1 0
github.com/sparkle/gateway/gen/community/community_service.pb.go:1968.14,1970.3 1 0
github.com/sparkle/gateway/gen/community/community_service.pb.go:1971.2,1971.11 1 0
github.com/sparkle/gateway/gen/community/community_service.pb.go:1974.47,1975.14 1 0
github.com/sparkle/gateway/gen/community/community_service.pb.go:1975.14,1977.3 1 0
github.com/sparkle/gateway/gen/community/community_service.pb.go:1978.2,1978.11 1 0
github.com/sparkle/gateway/gen/community/community_service.pb.go:1981.44,1982.14 1 0
github.com/sparkle/gateway/gen/community/community_service.pb.go:1982.14,1984.3 1 0
github.com/sparkle/gateway/gen/community/community_service.pb.go:1985.2,1985.12 1 0
github.com/sparkle/gateway/gen/community/community_service.pb.go:1988.47,1989.14 1 0
github.com/sparkle/gateway/gen/community/community_service.pb.go:1989.14,1991.3 1 0
github.com/sparkle/gateway/gen/community/community_service.pb.go:1992.2,1992.12 1 0
github.com/sparkle/gateway/gen/community/community_service.pb.go:1995.51,1996.14 1 0
github.com/sparkle/gateway/gen/community/community_service.pb.go:1996.14,1998.3 1 0
github.com/sparkle/gateway/gen/community/community_service.pb.go:1999.2,1999.12 1 0
github.com/sparkle/gateway/gen/community/community_service.pb.go:2002.41,2003.14 1 0
github.com/sparkle/gateway/gen/community/community_service.pb.go:2003.14,2005.3 1 0
github.com/sparkle/gateway/gen/community/community_service.pb.go:2006.2,2006.11 1 0
github.com/sparkle/gateway/gen/community/community_service.pb.go:2028.31,2033.2 4 0
github.com/sparkle/gateway/gen/community/community_service.pb.go:2035.39,2037.2 1 0
github.com/sparkle/gateway/gen/community/community_service.pb.go:2039.37,2039.38 0 0
github.com/sparkle/gateway/gen/community/community_service.pb.go:2041.59,2043.14 2 0
github.com/sparkle/gateway/gen/community/community_service.pb.go:2043.14,2045.34 2 0
github.com/sparkle/gateway/gen/community/community_service.pb.go:2045.34,2047.4 1 0
github.com/sparkle/gateway/gen/community/community_service.pb.go:2048.3,2048.12 1 0
github.com/sparkle/gateway/gen/community/community_service.pb.go:2050.2,2050.24 1 0
github.com/sparkle/gateway/gen/community/community_service.pb.go:2054.50,2056.2 1 0
github.com/sparkle/gateway/gen/community/community_service.pb.go:2058.37,2059.14 1 0
github.com/sparkle/gateway/gen/community/community_service.pb.go:2059.14,2061.3 1 0
github.com/sparkle/gateway/gen/community/community_service.pb.go:2062.2,2062.12 1 0
github.com/sparkle/gateway/gen/community/community_service.pb.go:2065.46,2066.14 1 0
github.com/sparkle/gateway/gen/community/community_service.pb.go:2066.14,2068.3 1 0
github.com/sparkle/gateway/gen/community/community_service.pb.go:2069.2,2069.12 1 0
github.com/sparkle/gateway/gen/community/community_service.pb.go:2072.52,2073.14 1 0
github.com/sparkle/gateway/gen/community/community_service.pb.go:2073.14,2075.3 1 0
github.com/sparkle/gateway/gen/community/community_service.pb.go:2076.2,2076.45 1 0
github.com/sparkle/gateway/gen/community/community_service.pb.go:2079.43,2080.14 1 0
github.com/sparkle/gateway/gen/community/community_service.pb.go:2080.14,2082.3 1 0
github.com/sparkle/gateway/gen/community/community_service.pb.go:2083.2,2083.11 1 0
github.com/sparkle/gateway/gen/community/community_service.pb.go:2086.47,2087.14 1 0
github.com/sparkle/gateway/gen/community/community_service.pb.go:2087.14,2089.3 1 0
github.com/sparkle/gateway/gen/community/community_service.pb.go:2090.2,2090.11 1 0
github.com/sparkle/gateway/gen/community/community_service.pb.go:2093.44,2094.14 1 0
github.com/sparkle/gateway/gen/community/community_service.pb.go:2094.14,2096.3 1 0
github.com/sparkle/gateway/gen/community/community_service.pb.go:2097.2,2097.12 1 0
github.com/sparkle/gateway/gen/community/community_service.pb.go:2100.47,2101.14 1 0
github.com/sparkle/gateway/gen/community/community_service.pb.go:2101.14,2103.3 1 0
github.com/sparkle/gateway/gen/community/community_service.pb.go:2104.2,2104.12 1 0
github.com/sparkle/gateway/gen/community/community_service.pb.go:2107.51,2108.14 1 0
github.com/sparkle/gateway/gen/community/community_service.pb.go:2108.14,2110.3 1 0
github.com/sparkle/gateway/gen/community/community_service.pb.go:2111.2,2111.12 1 0
github.com/sparkle/gateway/gen/community/community_service.pb.go:2114.56,2115.14 1 0
github.com/sparkle/gateway/gen/community/community_service.pb.go:2115.14,2117.3 1 0
github.com/sparkle/gateway/gen/community/community_service.pb.go:2118.2,2118.12 1 0
github.com/sparkle/gateway/gen/community/community_service.pb.go:2121.43,2122.14 1 0
github.com/sparkle/gateway/gen/community/community_service.pb.go:2122.14,2124.3 1 0
github.com/sparkle/gateway/gen/community/community_service.pb.go:2125.2,2125.14 1 0
github.com/sparkle/gateway/gen/community/community_service.pb.go:2128.61,2129.14 1 0
github.com/sparkle/gateway/gen/community/community_service.pb.go:2129.14,2131.3 1 0
github.com/sparkle/gateway/gen/community/community_service.pb.go:2132.2,2132.12 1 0
github.com/sparkle/gateway/gen/community/community_service.pb.go:2135.60,2136.14 1 0
github.com/sparkle/gateway/gen/community/community_service.pb.go:2136.14,2138.3 1 0
github.com/sparkle/gateway/gen/community/community_service.pb.go:2139.2,2139.12 1 0
github.com/sparkle/gateway/gen/community/community_service.pb.go:2142.61,2143.14 1 0
github.com/sparkle/gateway/gen/community/community_service.pb.go:2143.14,2145.3 1 0
github.com/sparkle/gateway/gen/community/community_service.pb.go:2146.2,2146.12 1 0
github.com/sparkle/gateway/gen/community/community_service.pb.go:2163.38,2168.2 4 0
github.com/sparkle/gateway/gen/community/community_service.pb.go:2170.46,2172.2 1 0
github.com/sparkle/gateway/gen/community/community_service.pb.go:2174.44,2174.45 0 0
github.com/sparkle/gateway/gen/community/community_service.pb.go:2176.66,2178.14 2 0
github.com/sparkle/gateway/gen/community/community_service.pb.go:2178.14,2180.34 2 0
github.com/sparkle/gateway/gen/community/community_service.pb.go:2180.34,2182.4 1 0
github.com/sparkle/gateway/gen/community/community_service.pb.go:2183.3,2183.12 1 0
github.com/sparkle/gateway/gen/community/community_service.pb.go:2185.2,2185.24 1 0
github.com/sparkle/gateway/gen/community/community_service.pb.go:2189.57,2191.2 1 0
github.com/sparkle/gateway/gen/community/community_service.pb.go:2193.54,2194.14 1 0
github.com/sparkle/gateway/gen/community/community_service.pb.go:2194.14,2196.3 1 0
github.com/sparkle/gateway/gen/community/community_service.pb.go:2197.2,2197.12 1 0
github.com/sparkle/gateway/gen/community/community_service.pb.go:2200.59,2201.14 1 0
github.com/sparkle/gateway/gen/community/community_service.pb.go:2201.14,2203.3 1 0
github.com/sparkle/gateway/gen/community/community_service.pb.go:2204.2,2204.45 1 0
github.com/sparkle/gateway/gen/community/community_service.pb.go:2207.50,2208.14 1 0
github.com/sparkle/gateway/gen/community/community_service.pb.go:2208.14,2210.3 1 0
github.com/sparkle/gateway/gen/community/community_service.pb.go:2211.2,2211.11 1 0
github.com/sparkle/gateway/gen/community/community_service.pb.go:2214.54,2215.14 1 0
github.com/sparkle/gateway/gen/community/community_service.pb.go:2215.14,2217.3 1 0
github.com/sparkle/gateway/gen/community/community_service.pb.go:2218.2,2218.11 1 0
github.com/sparkle/gateway/gen/community/community_service.pb.go:2221.51,2222.14 1 0
github.com/sparkle/gateway/gen/community/community_service.pb.go:2222.14,2224.3 1 0
github.com/sparkle/gateway/gen/community/community_service.pb.go:2225.2,2225.12 1 0
github.com/sparkle/gateway/gen/community/community_service.pb.go:2228.54,2229.14 1 0
github.com/sparkle/gateway/gen/community/community_service.pb.go:2229.14,2231.3 1 0
github.com/sparkle/gateway/gen/community/community_service.pb.go:2232.2,2232.12 1 0
github.com/sparkle/gateway/gen/community/community_service.pb.go:2235.58,2236.14 1 0
github.com/sparkle/gateway/gen/community/community_service.pb.go:2236.14,2238.3 1 0
github.com/sparkle/gateway/gen/community/community_service.pb.go:2239.2,2239.12 1 0
github.com/sparkle/gateway/gen/community/community_service.pb.go:2242.48,2243.14 1 0
github.com/sparkle/gateway/gen/community/community_service.pb.go:2243.14,2245.3 1 0
github.com/sparkle/gateway/gen/community/community_service.pb.go:2246.2,2246.11 1 0
github.com/sparkle/gateway/gen/community/community_service.pb.go:2271.38,2276.2 4 0
github.com/sparkle/gateway/gen/community/community_service.pb.go:2278.46,2280.2 1 0
github.com/sparkle/gateway/gen/community/community_service.pb.go:2282.44,2282.45 0 0
github.com/sparkle/gateway/gen/community/community_service.pb.go:2284.66,2286.14 2 0
github.com/sparkle/gateway/gen/community/community_service.pb.go:2286.14,2288.34 2 0
github.com/sparkle/gateway/gen/community/community_service.pb.go:2288.34,2290.4 1 0
github.com/sparkle/gateway/gen/community/community_service.pb.go:2291.3,2291.12 1 0
github.com/sparkle/gateway/gen/community/community_service.pb.go:2293.2,2293.24 1 0
github.com/sparkle/gateway/gen/community/community_service.pb.go:2297.57,2299.2 1 0
github.com/sparkle/gateway/gen/community/community_service.pb.go:2301.44,2302.14 1 0
github.com/sparkle/gateway/gen/community/community_service.pb.go:2302.14,2304.3 1 0
github.com/sparkle/gateway/gen/community/community_service.pb.go:2305.2,2305.12 1 0
github.com/sparkle/gateway/gen/community/community_service.pb.go:2308.53,2309.14 1 0
github.com/sparkle/gateway/gen/community/community_service.pb.go:2309.14,2311.3 1 0
github.com/sparkle/gateway/gen/community/community_service.pb.go:2312.2,2312.12 1 0
github.com/sparkle/gateway/gen/community/community_service.pb.go:2315.55,2316.14 1 0
github.com/sparkle/gateway/gen/community/community_service.pb.go:2316.14,2318.3 1 0
github.com/sparkle/gateway/gen/community/community_service.pb.go:2319.2,2319.12 1 0
github.com/sparkle/gateway/gen/community/community_service.pb.go:2322.59,2323.14 1 0
github.com/sparkle/gateway/gen/community/community_service.pb.go:2323.14,2325.3 1 0
github.com/sparkle/gateway/gen/community/community_service.pb.go:2326.2,2326.45 1 0
github.com/sparkle/gateway/gen/community/community_service.pb.go:2329.50,2330.14 1 0
github.com/sparkle/gateway/gen/community/community_service.pb.go:2330.14,2332.3 1 0
github.com/sparkle/gateway/gen/community/community_service.pb.go:2333.2,2333.11 1 0
github.com/sparkle/gateway/gen/community/community_service.pb.go:2336.54,2337.14 1 0
github.com/sparkle/gateway/gen/community/community_service.pb.go:2337.14,2339.3 1 0
github.com/sparkle/gateway/gen/community/community_service.pb.go:2340.2,2340.11 1 0
github.com/sparkle/gateway/gen/community/community_service.pb.go:2343.51,2344.14 1 0
github.com/sparkle/gateway/gen/community/community_service.pb.go:2344.14,2346.3 1 0
github.com/sparkle/gateway/gen/community/community_service.pb.go:2347.2,2347.12 1 0
github.com/sparkle/gateway/gen/community/community_service.pb.go:2350.54,2351.14 1 0
github.com/sparkle/gateway/gen/community/community_service.pb.go:2351.14,2353.3 1 0
github.com/sparkle/gateway/gen/community/community_service.pb.go:2354.2,2354.12 1 0
github.com/sparkle/gateway/gen/community/community_service.pb.go:2357.58,2358.14 1 0
github.com/sparkle/gateway/gen/community/community_service.pb.go:2358.14,2360.3 1 0
github.com/sparkle/gateway/gen/community/community_service.pb.go:2361.2,2361.12 1 0
github.com/sparkle/gateway/gen/community/community_service.pb.go:2364.63,2365.14 1 0
github.com/sparkle/gateway/gen/community/community_service.pb.go:2365.14,2367.3 1 0
github.com/sparkle/gateway/gen/community/community_service.pb.go:2368.2,2368.12 1 0
github.com/sparkle/gateway/gen/community/community_service.pb.go:2371.50,2372.14 1 0
github.com/sparkle/gateway/gen/community/community_service.pb.go:2372.14,2374.3 1 0
github.com/sparkle/gateway/gen/community/community_service.pb.go:2375.2,2375.14 1 0
github.com/sparkle/gateway/gen/community/community_service.pb.go:2378.68,2379.14 1 0
github.com/sparkle/gateway/gen/community/community_service.pb.go:2379.14,2381.3 1 0
github.com/sparkle/gateway/gen/community/community_service.pb.go:2382.2,2382.12 1 0
github.com/sparkle/gateway/gen/community/community_service.pb.go:2385.67,2386.14 1 0
github.com/sparkle/gateway/gen/community/community_service.pb.go:2386.14,2388.3 1 0
github.com/sparkle/gateway/gen/community/community_service.pb.go:2389.2,2389.12 1 0
github.com/sparkle/gateway/gen/community/community_service.pb.go:2392.47,2393.14 1 0
github.com/sparkle/gateway/gen/community/community_service.pb.go:2393.14,2395.3 1 0
github.com/sparkle/gateway/gen/community/community_service.pb.go:2396.2,2396.14 1 0
github.com/sparkle/gateway/gen/community/community_service.pb.go:2399.65,2400.14 1 0
github.com/sparkle/gateway/gen/community/community_service.pb.go:2400.14,2402.3 1 0
github.com/sparkle/gateway/gen/community/community_service.pb.go:2403.2,2403.12 1 0
github.com/sparkle/gateway/gen/community/community_service.pb.go:2406.68,2407.14 1 0
github.com/sparkle/gateway/gen/community/community_service.pb.go:2407.14,2409.3 1 0
github.com/sparkle/gateway/gen/community/community_service.pb.go:2410.2,2410.12 1 0
github.com/sparkle/gateway/gen/community/community_service.pb.go:2422.34,2427.2 4 0
github.com/sparkle/gateway/gen/community/community_service.pb.go:2429.42,2431.2 1 0
github.com/sparkle/gateway/gen/community/community_service.pb.go:2433.40,2433.41 0 0
github.com/sparkle/gateway/gen/community/community_service.pb.go:2435.62,2437.14 2 0
github.com/sparkle/gateway/gen/community/community_service.pb.go:2437.14,2439.34 2 0
github.com/sparkle/gateway/gen/community/community_service.pb.go:2439.34,2441.4 1 0
github.com/sparkle/gateway/gen/community/community_service.pb.go:2442.3,2442.12 1 0
github.com/sparkle/gateway/gen/community/community_service.pb.go:2444.2,2444.24 1 0
github.com/sparkle/gateway/gen/community/community_service.pb.go:2448.53,2450.2 1 0
github.com/sparkle/gateway/gen/community/community_service.pb.go:2452.45,2453.14 1 0
github.com/sparkle/gateway/gen/community/community_service.pb.go:2453.14,2455.3 1 0
github.com/sparkle/gateway/gen/community/community_service.pb.go:2456.2,2456.12 1 0
github.com/sparkle/gateway/gen/community/community_service.pb.go:2459.46,2460.14 1 0
github.com/sparkle/gateway/gen/community/community_service.pb.go:2460.14,2462.3 1 0
github.com/sparkle/gateway/gen/community/community_service.pb.go:2463.2,2463.11 1 0
github.com/sparkle/gateway/gen/community/community_service.pb.go:2466.58,2467.14 1 0
github.com/sparkle/gateway/gen/community/community_service.pb.go:2467.14,2469.3 1 0
github.com/sparkle/gateway/gen/community/community_service.pb.go:2470.2,2470.10 1 0
github.com/sparkle/gateway/gen/community/community_service.pb.go:2484.35,2489.2 4 0
github.com/sparkle/gateway/gen/community/community_service.pb.go:2491.43,2493.2 1 0
github.com/sparkle/gateway/gen/community/community_service.pb.go:2495.41,2495.42 0 0
github.com/sparkle/gateway/gen/community/community_service.pb.go:2497.63,2499.14 2 0
github.com/sparkle/gateway/gen/community/community_service.pb.go:2499.14,2501.34 2 0
github.com/sparkle/gateway/gen/community/community_service.pb.go:2501.34,2503.4 1 0
github.com/sparkle/gateway/gen/community/community_service.pb.go:2504.3,2504.12 1 0
github.com/sparkle/gateway/gen/community/community_service.pb.go:2506.2,2506.24 1 0
github.com/sparkle/gateway/gen/community/community_service.pb.go:2510.54,2512.2 1 0
github.com/sparkle/gateway/gen/community/community_service.pb.go:2514.45,2515.14 1 0
github.com/sparkle/gateway/gen/community/community_service.pb.go:2515.14,2517.3 1 0
github.com/sparkle/gateway/gen/community/community_service.pb.go:2518.2,2518.14 1 0
github.com/sparkle/gateway/gen/community/community_service.pb.go:2521.48,2522.14 1 0
github.com/sparkle/gateway/gen/community/community_service.pb.go:2522.14,2524.3 1 0
github.com/sparkle/gateway/gen/community/community_service.pb.go:2525.2,2525.10 1 0
github.com/sparkle/gateway/gen/community/community_service.pb.go:2528.50,2529.14 1 0
github.com/sparkle/gateway/gen/community/community_service.pb.go:2529.14,2531.3 1 0
github.com/sparkle/gateway/gen/community/community_service.pb.go:2532.2,2532.10 1 0
github.com/sparkle/gateway/gen/community/community_service.pb.go:2535.50,2536.14 1 0
github.com/sparkle/gateway/gen/community/community_service.pb.go:2536.14,2538.3 1 0
github.com/sparkle/gateway/gen/community/community_service.pb.go:2539.2,2539.10 1 0
github.com/sparkle/gateway/gen/community/community_service.pb.go:2542.56,2543.14 1 0
github.com/sparkle/gateway/gen/community/community_service.pb.go:2543.14,2545.3 1 0
github.com/sparkle/gateway/gen/community/community_service.pb.go:2546.2,2546.10 1 0
github.com/sparkle/gateway/gen/community/community_service.pb.go:2556.39,2561.2 4 0
github.com/sparkle/gateway/gen/community/community_service.pb.go:2563.47,2565.2 1 0
github.com/sparkle/gateway/gen/community/community_service.pb.go:2567.45,2567.46 0 0
github.com/sparkle/gateway/gen/community/community_service.pb.go:2569.67,2571.14 2 0
github.com/sparkle/gateway/gen/community/community_service.pb.go:2571.14,2573.34 2 0
github.com/sparkle/gateway/gen/community/community_service.pb.go:2573.34,2575.4 1 0
github.com/sparkle/gateway/gen/community/community_service.pb.go:2576.3,2576.12 1 0
github.com/sparkle/gateway/gen/community/community_service.pb.go:2578.2,2578.24 1 0
github.com/sparkle/gateway/gen/community/community_service.pb.go:2582.58,2584.2 1 0
github.com/sparkle/gateway/gen/community/community_service.pb.go:2586.66,2587.14 1 0
github.com/sparkle/gateway/gen/community/community_service.pb.go:2587.14,2589.3 1 0
github.com/sparkle/gateway/gen/community/community_service.pb.go:2590.2,2590.55 1 0
github.com/sparkle/gateway/gen/community/community_service.pb.go:2601.38,2606.2 4 0
github.com/sparkle/gateway/gen/community/community_service.pb.go:2608.46,2610.2 1 0
github.com/sparkle/gateway/gen/community/community_service.pb.go:2612.44,2612.45 0 0
github.com/sparkle/gateway/gen/community/community_service.pb.go:2614.66,2616.14 2 0
github.com/sparkle/gateway/gen/community/community_service.pb.go:2616.14,2618.34 2 0
github.com/sparkle/gateway/gen/community/community_service.pb.go:2618.34,2620.4 1 0
github.com/sparkle/gateway/gen/community/community_service.pb.go:2621.3,2621.12 1 0
github.com/sparkle/gateway/gen/community/community_service.pb.go:2623.2,2623.24 1 0
github.com/sparkle/gateway/gen/community/community_service.pb.go:2627.57,2629.2 1 0
github.com/sparkle/gateway/gen/community/community_service.pb.go:2631.50,2632.14 1 0
github.com/sparkle/gateway/gen/community/community_service.pb.go:2632.14,2634.3 1 0
github.com/sparkle/gateway/gen/community/community_service.pb.go:2635.2,2635.11 1 0
github.com/sparkle/gateway/gen/community/community_service.pb.go:2638.47,2639.14 1 0
github.com/sparkle/gateway/gen/community/community_service.pb.go:2639.14,2641.3 1 0
github.com/sparkle/gateway/gen/community/community_service.pb.go:2642.2,2642.10 1 0
github.com/sparkle/gateway/gen/community/community_service.pb.go:2654.39,2659.2 4 0
github.com/sparkle/gateway/gen/community/community_service.pb.go:2661.47,2663.2 1 0
github.com/sparkle/gateway/gen/community/community_service.pb.go:2665.45,2665.46 0 0
github.com/sparkle/gateway/gen/community/community_service.pb.go:2667.67,2669.14 2 0
github.com/sparkle/gateway/gen/community/community_service.pb.go:2669.14,2671.34 2 0
github.com/sparkle/gateway/gen/community/community_service.pb.go:2671.34,2673.4 1 0
github.com/sparkle/gateway/gen/community/community_service.pb.go:2674.3,2674.12 1 0
github.com/sparkle/gateway/gen/community/community_service.pb.go:2676.2,2676.24 1 0
github.com/sparkle/gateway/gen/community/community_service.pb.go:2680.58,2682.2 1 0
github.com/sparkle/gateway/gen/community/community_service.pb.go:2684.51,2685.14 1 0
github.com/sparkle/gateway/gen/community/community_service.pb.go:2685.14,2687.3 1 0
github.com/sparkle/gateway/gen/community/community_service.pb.go:2688.2,2688.11 1 0
github.com/sparkle/gateway/gen/community/community_service.pb.go:2691.51,2692.14 1 0
github.com/sparkle/gateway/gen/community/community_service.pb.go:2692.14,2694.3 1 0
github.com/sparkle/gateway/gen/community/community_service.pb.go:2695.2,2695.41 1 0
github.com/sparkle/gateway/gen/community/community_service.pb.go:2698.48,2699.14 1 0
github.com/sparkle/gateway/gen/community/community_service.pb.go:2699.14,2701.3 1 0
github.com/sparkle/gateway/gen/community/community_service.pb.go:2702.2,2702.10 1 0
github.com/sparkle/gateway/gen/community/community_service.pb.go:2713.36,2718.2 4 0
github.com/sparkle/gateway/gen/community/community_service.pb.go:2720.44,2722.2 1 0
github.com/sparkle/gateway/gen/community/community_service.pb.go:2724.42,2724.43 0 0
github.com/sparkle/gateway/gen/community/community_service.pb.go:2726.64,2728.14 2 0
github.com/sparkle/gateway/gen/community/community_service.pb.go:2728.14,2730.34 2 0
github.com/sparkle/gateway/gen/community/community_service.pb.go:2730.34,2732.4 1 0
github.com/sparkle/gateway/gen/community/community_service.pb.go:2733.3,2733.12 1 0
github.com/sparkle/gateway/gen/community/community_service.pb.go:2735.2,2735.24 1 0
github.com/sparkle/gateway/gen/community/community_service.pb.go:2739.55,2741.2 1 0
github.com/sparkle/gateway/gen/community/community_service.pb.go:2743.47,2744.14 1 0
github.com/sparkle/gateway/gen/community/community_service.pb.go:2744.14,2746.3 1 0
github.com/sparkle/gateway/gen/community/community_service.pb.go:2747.2,2747.12 1 0
github.com/sparkle/gateway/gen/community/community_service.pb.go:2750.48,2751.14 1 0
github.com/sparkle/gateway/gen/community/community_service.pb.go:2751.14,2753.3 1 0
github.com/sparkle/gateway/gen/community/community_service.pb.go:2754.2,2754.11 1 0
github.com/sparkle/gateway/gen/community/community_service.pb.go:2765.43,2770.2 4 0
github.com/sparkle/gateway/gen/community/community_service.pb.go:2772.51,2774.2 1 0
github.com/sparkle/gateway/gen/community/community_service.pb.go:2776.49,2776.50 0 0
github.com/sparkle/gateway/gen/community/community_service.pb.go:2778.71,2780.14 2 0
github.com/sparkle/gateway/gen/community/community_service.pb.go:2780.14,2782.34 2 0
github.com/sparkle/gateway/gen/community/community_service.pb.go:2782.34,2784.4 1 0
github.com/sparkle/gateway/gen/community/community_service.pb.go:2785.3,2785.12 1 0
github.com/sparkle/gateway/gen/community/community_service.pb.go:2787.2,2787.24 1 0
github.com/sparkle/gateway/gen/community/community_service.pb.go:2791.62,2793.2 1 0
github.com/sparkle/gateway/gen/community/community_service.pb.go:2795.54,2796.14 1 0
github.com/sparkle/gateway/gen/community/community_service.pb.go:2796.14,2798.3 1 0
github.com/sparkle/gateway/gen/community/community_service.pb.go:2799.2,2799.12 1 0
github.com/sparkle/gateway/gen/community/community_service.pb.go:2802.61,2803.14 1 0
github.com/sparkle/gateway/gen/community/community_service.pb.go:2803.14,2805.3 1 0
github.com/sparkle/gateway/gen/community/community_service.pb.go:2806.2,2806.12 1 0
github.com/sparkle/gateway/gen/community/community_service.pb.go:2818.43,2823.2 4 0
github.com/sparkle/gateway/gen/community/community_service.pb.go:2825.51,2827.2 1 0
github.com/sparkle/gateway/gen/community/community_service.pb.go:2829.49,2829.50 0 0
github.com/sparkle/gateway/gen/community/community_service.pb.go:2831.71,2833.14 2 0
github.com/sparkle/gateway/gen/community/community_service.pb.go:2833.14,2835.34 2 0
github.com/sparkle/gateway/gen/community/community_service.pb.go:2835.34,2837.4 1 0
github.com/sparkle/gateway/gen/community/community_service.pb.go:2838.3,2838.12 1 0
github.com/sparkle/gateway/gen/community/community_service.pb.go:2840.2,2840.24 1 0
github.com/sparkle/gateway/gen/community/community_service.pb.go:2844.62,2846.2 1 0
github.com/sparkle/gateway/gen/community/community_service.pb.go:2848.54,2849.14 1 0
github.com/sparkle/gateway/gen/community/community_service.pb.go:2849.14,2851.3 1 0
github.com/sparkle/gateway/gen/community/community_service.pb.go:2852.2,2852.12 1 0
github.com/sparkle/gateway/gen/community/community_service.pb.go:2855.55,2856.14 1 0
github.com/sparkle/gateway/gen/community/community_service.pb.go:2856.14,2858.3 1 0
github.com/sparkle/gateway/gen/community/community_service.pb.go:2859.2,2859.12 1 0
github.com/sparkle/gateway/gen/community/community_service.pb.go:2862.52,2863.14 1 0
github.com/sparkle/gateway/gen/community/community_service.pb.go:2863.14,2865.3 1 0
github.com/sparkle/gateway/gen/community/community_service.pb.go:2866.2,2866.10 1 0
github.com/sparkle/gateway/gen/community/community_service.pb.go:2877.46,2882.2 4 0
github.com/sparkle/gateway/gen/community/community_service.pb.go:2884.54,2886.2 1 0
github.com/sparkle/gateway/gen/community/community_service.pb.go:2888.52,2888.53 0 0
github.com/sparkle/gateway/gen/community/community_service.pb.go:2890.74,2892.14 2 0
github.com/sparkle/gateway/gen/community/community_service.pb.go:2892.14,2894.34 2 0
github.com/sparkle/gateway/gen/community/community_service.pb.go:2894.34,2896.4 1 0
github.com/sparkle/gateway/gen/community/community_service.pb.go:2897.3,2897.12 1 0
github.com/sparkle/gateway/gen/community/community_service.pb.go:2899.2,2899.24 1 0
github.com/sparkle/gateway/gen/community/community_service.pb.go:2903.65,2905.2 1 0
github.com/sparkle/gateway/gen/community/community_service.pb.go:2907.57,2908.14 1 0
github.com/sparkle/gateway/gen/community/community_service.pb.go:2908.14,2910.3 1 0
github.com/sparkle/gateway/gen/community/community_service.pb.go:2911.2,2911.12 1 0
github.com/sparkle/gateway/gen/community/community_service.pb.go:2914.57,2915.14 1 0
github.com/sparkle/gateway/gen/community/community_service.pb.go:2915.14,2917.3 1 0
github.com/sparkle/gateway/gen/community/community_service.pb.go:2918.2,2918.12 1 0
github.com/sparkle/gateway/gen/community/community_service.pb.go:2929.40,2934.2 4 0
github.com/sparkle/gateway/gen/community/community_service.pb.go:2936.48,2938.2 1 0
github.com/sparkle/gateway/gen/community/community_service.pb.go:2940.46,2940.47 0 0
github.com/sparkle/gateway/gen/community/community_service.pb.go:2942.68,2944.14 2 0
github.com/sparkle/gateway/gen/community/community_service.pb.go:2944.14,2946.34 2 0
github.com/sparkle/gateway/gen/community/community_service.pb.go:2946.34,2948.4 1 0
github.com/sparkle/gateway/gen/community/community_service.pb.go:2949.3,2949.12 1 0
github.com/sparkle/gateway/gen/community/community_service.pb.go:2951.2,2951.24 1 0
github.com/sparkle/gateway/gen/community/community_service.pb.go:2955.59,2957.2 1 0
github.com/sparkle/gateway/gen/community/community_service.pb.go:2959.53,2960.14 1 0
github.com/sparkle/gateway/gen/community/community_service.pb.go:2960.14,2962.3 1 0
github.com/sparkle/gateway/gen/community/community_service.pb.go:2963.2,2963.12 1 0
github.com/sparkle/gateway/gen/community/community_service.pb.go:2966.51,2967.14 1 0
github.com/sparkle/gateway/gen/community/community_service.pb.go:2967.14,2969.3 1 0
github.com/sparkle/gateway/gen/community/community_service.pb.go:2970.2,2970.12 1 0
github.com/sparkle/gateway/gen/community/community_service.pb.go:2981.43,2986.2 4 0
github.com/sparkle/gateway/gen/community/community_service.pb.go:2988.51,2990.2 1 0
github.com/sparkle/gateway/gen/community/community_service.pb.go:2992.49,2992.50 0 0
github.com/sparkle/gateway/gen/community/community_service.pb.go:2994.71,2996.14 2 0
github.com/sparkle/gateway/gen/community/community_service.pb.go:2996.14,2998.34 2 0
github.com/sparkle/gateway/gen/community/community_service.pb.go:2998.34,3000.4 1 0
github.com/sparkle/gateway/gen/community/community_service.pb.go:3001.3,3001.12 1 0
github.com/sparkle/gateway/gen/community/community_service.pb.go:3003.2,3003.24 1 0
github.com/sparkle/gateway/gen/community/community_service.pb.go:3007.62,3009.2 1 0
github.com/sparkle/gateway/gen/community/community_service.pb.go:3011.54,3012.14 1 0
github.com/sparkle/gateway/gen/community/community_service.pb.go:3012.14,3014.3 1 0
github.com/sparkle/gateway/gen/community/community_service.pb.go:3015.2,3015.12 1 0
github.com/sparkle/gateway/gen/community/community_service.pb.go:3018.60,3019.14 1 0
github.com/sparkle/gateway/gen/community/community_service.pb.go:3019.14,3021.3 1 0
github.com/sparkle/gateway/gen/community/community_service.pb.go:3022.2,3022.12 1 0
github.com/sparkle/gateway/gen/community/community_service.pb.go:3033.44,3038.2 4 0
github.com/sparkle/gateway/gen/community/community_service.pb.go:3040.52,3042.2 1 0
github.com/sparkle/gateway/gen/community/community_service.pb.go:3044.50,3044.51 0 0
github.com/sparkle/gateway/gen/community/community_service.pb.go:3046.72,3048.14 2 0
github.com/sparkle/gateway/gen/community/community_service.pb.go:3048.14,3050.34 2 0
github.com/sparkle/gateway/gen/community/community_service.pb.go:3050.34,3052.4 1 0
github.com/sparkle/gateway/gen/community/community_service.pb.go:3053.3,3053.12 1 0
github.com/sparkle/gateway/gen/community/community_service.pb.go:3055.2,3055.24 1 0
github.com/sparkle/gateway/gen/community/community_service.pb.go:3059.63,3061.2 1 0
github.com/sparkle/gateway/gen/community/community_service.pb.go:3063.60,3064.14 1 0
github.com/sparkle/gateway/gen/community/community_service.pb.go:3064.14,3066.3 1 0
github.com/sparkle/gateway/gen/community/community_service.pb.go:3067.2,3067.10 1 0
github.com/sparkle/gateway/gen/community/community_service.pb.go:3070.61,3071.14 1 0
github.com/sparkle/gateway/gen/community/community_service.pb.go:3071.14,3073.3 1 0
github.com/sparkle/gateway/gen/community/community_service.pb.go:3074.2,3074.12 1 0
github.com/sparkle/gateway/gen/community/community_service.pb.go:3086.45,3091.2 4 0
github.com/sparkle/gateway/gen/community/community_service.pb.go:3093.53,3095.2 1 0
github.com/sparkle/gateway/gen/community/community_service.pb.go:3097.51,3097.52 0 0
github.com/sparkle/gateway/gen/community/community_service.pb.go:3099.73,3101.14 2 0
github.com/sparkle/gateway/gen/community/community_service.pb.go:3101.14,3103.34 2 0
github.com/sparkle/gateway/gen/community/community_service.pb.go:3103.34,3105.4 1 0
github.com/sparkle/gateway/gen/community/community_service.pb.go:3106.3,3106.12 1 0
github.com/sparkle/gateway/gen/community/community_service.pb.go:3108.2,3108.24 1 0
github.com/sparkle/gateway/gen/community/community_service.pb.go:3112.64,3114.2 1 0
github.com/sparkle/gateway/gen/community/community_service.pb.go:3116.57,3117.14 1 0
github.com/sparkle/gateway/gen/community/community_service.pb.go:3117.14,3119.3 1 0
github.com/sparkle/gateway/gen/community/community_service.pb.go:3120.2,3120.12 1 0
github.com/sparkle/gateway/gen/community/community_service.pb.go:3123.57,3124.14 1 0
github.com/sparkle/gateway/gen/community/community_service.pb.go:3124.14,3126.3 1 0
github.com/sparkle/gateway/gen/community/community_service.pb.go:3127.2,3127.12 1 0
github.com/sparkle/gateway/gen/community/community_service.pb.go:3130.54,3131.14 1 0
github.com/sparkle/gateway/gen/community/community_service.pb.go:3131.14,3133.3 1 0
github.com/sparkle/gateway/gen/community/community_service.pb.go:3134.2,3134.10 1 0
github.com/sparkle/gateway/gen/community/community_service.pb.go:3955.56,3956.53 1 0
github.com/sparkle/gateway/gen/community/community_service.pb.go:3956.53,3958.3 1 0
github.com/sparkle/gateway/gen/community/community_service.pb.go:3959.2,3959.49 1 0
github.com/sparkle/gateway/gen/community/community_service.pb.go:4161.13,4161.52 1 0
github.com/sparkle/gateway/gen/community/community_service.pb.go:4162.42,4163.41 1 0
github.com/sparkle/gateway/gen/community/community_service.pb.go:4163.41,4165.3 1 0
github.com/sparkle/gateway/gen/community/community_service.pb.go:4166.2,4183.44 5 0
github.com/sparkle/gateway/gen/community/community_service_grpc.pb.go:99.84,101.2 1 0
github.com/sparkle/gateway/gen/community/community_service_grpc.pb.go:103.142,107.16 4 0
github.com/sparkle/gateway/gen/community/community_service_grpc.pb.go:107.16,109.3 1 0
github.com/sparkle/gateway/gen/community/community_service_grpc.pb.go:110.2,110.17 1 0
github.com/sparkle/gateway/gen/community/community_service_grpc.pb.go:113.148,117.16 4 0
github.com/sparkle/gateway/gen/community/community_service_grpc.pb.go:117.16,119.3 1 0
github.com/sparkle/gateway/gen/community/community_service_grpc.pb.go:120.2,120.17 1 0
github.com/sparkle/gateway/gen/community/community_service_grpc.pb.go:123.162,126.16 3 0
github.com/sparkle/gateway/gen/community/community_service_grpc.pb.go:126.16,128.3 1 0
github.com/sparkle/gateway/gen/community/community_service_grpc.pb.go:129.2,130.51 2 0
github.com/sparkle/gateway/gen/community/community_service_grpc.pb.go:130.51,132.3 1 0
github.com/sparkle/gateway/gen/community/community_service_grpc.pb.go:133.2,133.51 1 0
github.com/sparkle/gateway/gen/community/community_service_grpc.pb.go:133.51,135.3 1 0
github.com/sparkle/gateway/gen/community/community_service_grpc.pb.go:136.2,136.15 1 0
github.com/sparkle/gateway/gen/community/community_service_grpc.pb.go:142.176,145.16 3 0
github.com/sparkle/gateway/gen/community/community_service_grpc.pb.go:145.16,147.3 1 0
github.com/sparkle/gateway/gen/community/community_service_grpc.pb.go:148.2,149.51 2 0
github.com/sparkle/gateway/gen/community/community_service_grpc.pb.go:149.51,151.3 1 0
github.com/sparkle/gateway/gen/community/community_service_grpc.pb.go:152.2,152.51 1 0
github.com/sparkle/gateway/gen/community/community_service_grpc.pb.go:152.51,154.3 1 0
github.com/sparkle/gateway/gen/community/community_service_grpc.pb.go:155.2,155.15 1 0
github.com/sparkle/gateway/gen/community/community_service_grpc.pb.go:161.136,165.16 4 0
github.com/sparkle/gateway/gen/community/community_service_grpc.pb.go:165.16,167.3 1 0
github.com/sparkle/gateway/gen/community/community_service_grpc.pb.go:168.2,168.17 1 0
github.com/sparkle/gateway/gen/community/community_service_grpc.pb.go:171.126,175.16 4 0
github.com/sparkle/gateway/gen/community/community_service_grpc.pb.go:175.16,177.3 1 0
github.com/sparkle/gateway/gen/community/community_service_grpc.pb.go:178.2,178.17 1 0
github.com/sparkle/gateway/gen/community/community_service_grpc.pb.go:181.166,184.16 3 0
github.com/sparkle/gateway/gen/community/community_service_grpc.pb.go:184.16,186.3 1 0
github.com/sparkle/gateway/gen/community/community_service_grpc.pb.go:187.2,188.51 2 0
github.com/sparkle/gateway/gen/community/community_service_grpc.pb.go:188.51,190.3 1 0
github.com/sparkle/gateway/gen/community/community_service_grpc.pb.go:191.2,191.51 1 0
github.com/sparkle/gateway/gen/community/community_service_grpc.pb.go:191.51,193.3 1 0
github.com/sparkle/gateway/gen/community/community_service_grpc.pb.go:194.2,194.15 1 0
github.com/sparkle/gateway/gen/community/community_service_grpc.pb.go:200.163,203.16 3 0
github.com/sparkle/gateway/gen/community/community_service_grpc.pb.go:203.16,205.3 1 0
github.com/sparkle/gateway/gen/community/community_service_grpc.pb.go:206.2,207.51 2 0
github.com/sparkle/gateway/gen/community/community_service_grpc.pb.go:207.51,209.3 1 0
github.com/sparkle/gateway/gen/community/community_service_grpc.pb.go:210.2,210.51 1 0
github.com/sparkle/gateway/gen/community/community_service_grpc.pb.go:210.51,212.3 1 0
github.com/sparkle/gateway/gen/community/community_service_grpc.pb.go:213.2,213.15 1 0
github.com/sparkle/gateway/gen/community/community_service_grpc.pb.go:219.151,223.16 4 0
github.com/sparkle/gateway/gen/community/community_service_grpc.pb.go:223.16,225.3 1 0
github.com/sparkle/gateway/gen/community/community_service_grpc.pb.go:226.2,226.17 1 0
github.com/sparkle/gateway/gen/community/community_service_grpc.pb.go:229.148,233.16 4 0
github.com/sparkle/gateway/gen/community/community_service_grpc.pb.go:233.16,235.3 1 0
github.com/sparkle/gateway/gen/community/community_service_grpc.pb.go:236.2,236.17 1 0
github.com/sparkle/gateway/gen/community/community_service_grpc.pb.go:239.129,243.16 4 0
github.com/sparkle/gateway/gen/community/community_service_grpc.pb.go:243.16,245.3 1 0
github.com/sparkle/gateway/gen/community/community_service_grpc.pb.go:246.2,246.17 1 0
github.com/sparkle/gateway/gen/community/community_service_grpc.pb.go:249.119,253.16 4 0
github.com/sparkle/gateway/gen/community/community_service_grpc.pb.go:253.16,255.3 1 0
github.com/sparkle/gateway/gen/community/community_service_grpc.pb.go:256.2,256.17 1 0
github.com/sparkle/gateway/gen/community/community_service_grpc.pb.go:259.138,263.16 4 0
github.com/sparkle/gateway/gen/community/community_service_grpc.pb.go:263.16,265.3 1 0
github.com/sparkle/gateway/gen/community/community_service_grpc.pb.go:266.2,266.17 1 0
github.com/sparkle/gateway/gen/community/community_service_grpc.pb.go:269.125,273.16 4 0
github.com/sparkle/gateway/gen/community/community_service_grpc.pb.go:273.16,275.3 1 0
github.com/sparkle/gateway/gen/community/community_service_grpc.pb.go:276.2,276.17 1 0
github.com/sparkle/gateway/gen/community/community_service_grpc.pb.go:279.158,282.16 3 0
github.com/sparkle/gateway/gen/community/community_service_grpc.pb.go:282.16,284.3 1 0
github.com/sparkle/gateway/gen/community/community_service_grpc.pb.go:285.2,286.51 2 0
github.com/sparkle/gateway/gen/community/community_service_grpc.pb.go:286.51,288.3 1 0
github.com/sparkle/gateway/gen/community/community_service_grpc.pb.go:289.2,289.51 1 0
github.com/sparkle/gateway/gen/community/community_service_grpc.pb.go:289.51,291.3 1 0
github.com/sparkle/gateway/gen/community/community_service_grpc.pb.go:292.2,292.15 1 0
github.com/sparkle/gateway/gen/community/community_service_grpc.pb.go:298.165,301.16 3 0
github.com/sparkle/gateway/gen/community/community_service_grpc.pb.go:301.16,303.3 1 0
github.com/sparkle/gateway/gen/community/community_service_grpc.pb.go:304.2,305.51 2 0
github.com/sparkle/gateway/gen/community/community_service_grpc.pb.go:305.51,307.3 1 0
github.com/sparkle/gateway/gen/community/community_service_grpc.pb.go:308.2,308.51 1 0
github.com/sparkle/gateway/gen/community/community_service_grpc.pb.go:308.51,310.3 1 0
github.com/sparkle/gateway/gen/community/community_service_grpc.pb.go:311.2,311.15 1 0
github.com/sparkle/gateway/gen/community/community_service_grpc.pb.go:317.159,320.16 3 0
github.com/sparkle/gateway/gen/community/community_service_grpc.pb.go:320.16,322.3 1 0
github.com/sparkle/gateway/gen/community/community_service_grpc.pb.go:323.2,324.51 2 0
github.com/sparkle/gateway/gen/community/community_service_grpc.pb.go:324.51,326.3 1 0
github.com/sparkle/gateway/gen/community/community_service_grpc.pb.go:327.2,327.51 1 0
github.com/sparkle/gateway/gen/community/community_service_grpc.pb.go:327.51,329.3 1 0
github.com/sparkle/gateway/gen/community/community_service_grpc.pb.go:330.2,330.15 1 0
github.com/sparkle/gateway/gen/community/community_service_grpc.pb.go:336.193,340.16 4 0
github.com/sparkle/gateway/gen/community/community_service_grpc.pb.go:340.16,342.3 1 0
github.com/sparkle/gateway/gen/community/community_service_grpc.pb.go:343.2,343.17 1 0
github.com/sparkle/gateway/gen/community/community_service_grpc.pb.go:346.145,350.16 4 0
github.com/sparkle/gateway/gen/community/community_service_grpc.pb.go:350.16,352.3 1 0
github.com/sparkle/gateway/gen/community/community_service_grpc.pb.go:353.2,353.17 1 0
github.com/sparkle/gateway/gen/community/community_service_grpc.pb.go:356.157,360.16 4 0
github.com/sparkle/gateway/gen/community/community_service_grpc.pb.go:360.16,362.3 1 0
github.com/sparkle/gateway/gen/community/community_service_grpc.pb.go:363.2,363.17 1 0
github.com/sparkle/gateway/gen/community/community_service_grpc.pb.go:366.148,370.16 4 0
github.com/sparkle/gateway/gen/community/community_service_grpc.pb.go:370.16,372.3 1 0
github.com/sparkle/gateway/gen/community/community_service_grpc.pb.go:373.2,373.17 1 0
github.com/sparkle/gateway/gen/community/community_service_grpc.pb.go:376.175,379.16 3 0
github.com/sparkle/gateway/gen/community/community_service_grpc.pb.go:379.16,381.3 1 0
github.com/sparkle/gateway/gen/community/community_service_grpc.pb.go:382.2,383.51 2 0
github.com/sparkle/gateway/gen/community/community_service_grpc.pb.go:383.51,385.3 1 0
github.com/sparkle/gateway/gen/community/community_service_grpc.pb.go:386.2,386.51 1 0
github.com/sparkle/gateway/gen/community/community_service_grpc.pb.go:386.51,388.3 1 0
github.com/sparkle/gateway/gen/community/community_service_grpc.pb.go:389.2,389.15 1 0
github.com/sparkle/gateway/gen/community/community_service_grpc.pb.go:395.181,398.16 3 0
github.com/sparkle/gateway/gen/community/community_service_grpc.pb.go:398.16,400.3 1 0
github.com/sparkle/gateway/gen/community/community_service_grpc.pb.go:401.2,402.51 2 0
github.com/sparkle/gateway/gen/community/community_service_grpc.pb.go:402.51,404.3 1 0
github.com/sparkle/gateway/gen/community/community_service_grpc.pb.go:405.2,405.51 1 0
github.com/sparkle/gateway/gen/community/community_service_grpc.pb.go:405.51,407.3 1 0
github.com/sparkle/gateway/gen/community/community_service_grpc.pb.go:408.2,408.15 1 0
github.com/sparkle/gateway/gen/community/community_service_grpc.pb.go:414.147,418.16 4 0
github.com/sparkle/gateway/gen/community/community_service_grpc.pb.go:418.16,420.3 1 0
github.com/sparkle/gateway/gen/community/community_service_grpc.pb.go:421.2,421.17 1 0
github.com/sparkle/gateway/gen/community/community_service_grpc.pb.go:424.161,428.16 4 0
github.com/sparkle/gateway/gen/community/community_service_grpc.pb.go:428.16,430.3 1 0
github.com/sparkle/gateway/gen/community/community_service_grpc.pb.go:431.2,431.17 1 0
github.com/sparkle/gateway/gen/community/community_service_grpc.pb.go:434.152,438.16 4 0
github.com/sparkle/gateway/gen/community/community_service_grpc.pb.go:438.16,440.3 1 0
github.com/sparkle/gateway/gen/community/community_service_grpc.pb.go:441.2,441.17 1 0
github.com/sparkle/gateway/gen/community/community_service_grpc.pb.go:444.186,447.16 3 0
github.com/sparkle/gateway/gen/community/community_service_grpc.pb.go:447.16,449.3 1 0
github.com/sparkle/gateway/gen/community/community_service_grpc.pb.go:450.2,451.51 2 0
github.com/sparkle/gateway/gen/community/community_service_grpc.pb.go:451.51,453.3 1 0
github.com/sparkle/gateway/gen/community/community_service_grpc.pb.go:454.2,454.51 1 0
github.com/sparkle/gateway/gen/community/community_service_grpc.pb.go:454.51,456.3 1 0
github.com/sparkle/gateway/gen/community/community_service_grpc.pb.go:457.2,457.15 1 0
github.com/sparkle/gateway/gen/community/community_service_grpc.pb.go:463.156,467.16 4 0
github.com/sparkle/gateway/gen/community/community_service_grpc.pb.go:467.16,469.3 1 0
github.com/sparkle/gateway/gen/community/community_service_grpc.pb.go:470.2,470.17 1 0
github.com/sparkle/gateway/gen/community/community_service_grpc.pb.go:473.134,477.16 4 0
github.com/sparkle/gateway/gen/community/community_service_grpc.pb.go:477.16,479.3 1 0
github.com/sparkle/gateway/gen/community/community_service_grpc.pb.go:480.2,480.17 1 0
github.com/sparkle/gateway/gen/community/community_service_grpc.pb.go:532.120,534.2 1 0
github.com/sparkle/gateway/gen/community/community_service_grpc.pb.go:535.126,537.2 1 0
github.com/sparkle/gateway/gen/community/community_service_grpc.pb.go:538.121,540.2 1 0
github.com/sparkle/gateway/gen/community/community_service_grpc.pb.go:541.135,543.2 1 0
github.com/sparkle/gateway/gen/community/community_service_grpc.pb.go:544.114,546.2 1 0
github.com/sparkle/gateway/gen/community/community_service_grpc.pb.go:547.104,549.2 1 0
github.com/sparkle/gateway/gen/community/community_service_grpc.pb.go:550.125,552.2 1 0
github.com/sparkle/gateway/gen/community/community_service_grpc.pb.go:553.122,555.2 1 0
github.com/sparkle/gateway/gen/community/community_service_grpc.pb.go:556.129,558.2 1 0
github.com/sparkle/gateway/gen/community/community_service_grpc.pb.go:559.126,561.2 1 0
github.com/sparkle/gateway/gen/community/community_service_grpc.pb.go:562.107,564.2 1 0
github.com/sparkle/gateway/gen/community/community_service_grpc.pb.go:565.97,567.2 1 0
github.com/sparkle/gateway/gen/community/community_service_grpc.pb.go:568.116,570.2 1 0
github.com/sparkle/gateway/gen/community/community_service_grpc.pb.go:571.103,573.2 1 0
github.com/sparkle/gateway/gen/community/community_service_grpc.pb.go:574.117,576.2 1 0
github.com/sparkle/gateway/gen/community/community_service_grpc.pb.go:577.124,579.2 1 0
github.com/sparkle/gateway/gen/community/community_service_grpc.pb.go:580.118,582.2 1 0
github.com/sparkle/gateway/gen/community/community_service_grpc.pb.go:583.171,585.2 1 0
github.com/sparkle/gateway/gen/community/community_service_grpc.pb.go:586.123,588.2 1 0
github.com/sparkle/gateway/gen/community/community_service_grpc.pb.go:589.135,591.2 1 0
github.com/sparkle/gateway/gen/community/community_service_grpc.pb.go:592.126,594.2 1 0
github.com/sparkle/gateway/gen/community/community_service_grpc.pb.go:595.134,597.2 1 0
github.com/sparkle/gateway/gen/community/community_service_grpc.pb.go:598.140,600.2 1 0
github.com/sparkle/gateway/gen/community/community_service_grpc.pb.go:601.125,603.2 1 0
github.com/sparkle/gateway/gen/community/community_service_grpc.pb.go:604.139,606.2 1 0
github.com/sparkle/gateway/gen/community/community_service_grpc.pb.go:607.130,609.2 1 0
github.com/sparkle/gateway/gen/community/community_service_grpc.pb.go:610.145,612.2 1 0
github.com/sparkle/gateway/gen/community/community_service_grpc.pb.go:613.134,615.2 1 0
github.com/sparkle/gateway/gen/community/community_service_grpc.pb.go:616.112,618.2 1 0
github.com/sparkle/gateway/gen/community/community_service_grpc.pb.go:619.92,619.93 0 0
github.com/sparkle/gateway/gen/community/community_service_grpc.pb.go:620.92,620.93 0 0
github.com/sparkle/gateway/gen/community/community_service_grpc.pb.go:629.90,634.59 1 0
github.com/sparkle/gateway/gen/community/community_service_grpc.pb.go:634.59,636.3 1 0
github.com/sparkle/gateway/gen/community/community_service_grpc.pb.go:637.2,637.55 1 0
github.com/sparkle/gateway/gen/community/community_service_grpc.pb.go:640.179,642.32 2 0
github.com/sparkle/gateway/gen/community/community_service_grpc.pb.go:642.32,644.3 1 0
github.com/sparkle/gateway/gen/community/community_service_grpc.pb.go:645.2,645.24 1 0
github.com/sparkle/gateway/gen/community/community_service_grpc.pb.go:645.24,647.3 1 0
github.com/sparkle/gateway/gen/community/community_service_grpc.pb.go:648.2,652.77 2 0
github.com/sparkle/gateway/gen/community/community_service_grpc.pb.go:652.77,654.3 1 0
github.com/sparkle/gateway/gen/community/community_service_grpc.pb.go:655.2,655.44 1 0
github.com/sparkle/gateway/gen/community/community_service_grpc.pb.go:658.184,660.32 2 0
github.com/sparkle/gateway/gen/community/community_service_grpc.pb.go:660.32,662.3 1 0
github.com/sparkle/gateway/gen/community/community_service_grpc.pb.go:663.2,663.24 1 0
github.com/sparkle/gateway/gen/community/community_service_grpc.pb.go:663.24,665.3 1 0
github.com/sparkle/gateway/gen/community/community_service_grpc.pb.go:666.2,670.77 2 0
github.com/sparkle/gateway/gen/community/community_service_grpc.pb.go:670.77,672.3 1 0
github.com/sparkle/gateway/gen/community/community_service_grpc.pb.go:673.2,673.44 1 0
github.com/sparkle/gateway/gen/community/community_service_grpc.pb.go:676.92,678.42 2 0
github.com/sparkle/gateway/gen/community/community_service_grpc.pb.go:678.42,680.3 1 0
github.com/sparkle/gateway/gen/community/community_service_grpc.pb.go:681.2,681.131 1 0
github.com/sparkle/gateway/gen/community/community_service_grpc.pb.go:687.106,689.42 2 0
github.com/sparkle/gateway/gen/community/community_service_grpc.pb.go:689.42,691.3 1 0
github.com/sparkle/gateway/gen/community/community_service_grpc.pb.go:692.2,692.145 1 0
github.com/sparkle/gateway/gen/community/community_service_grpc.pb.go:698.171,700.32 2 0
github.com/sparkle/gateway/gen/community/community_service_grpc.pb.go:700.32,702.3 1 0
github.com/sparkle/gateway/gen/community/community_service_grpc.pb.go:703.2,703.24 1 0
github.com/sparkle/gateway/gen/community/community_service_grpc.pb.go:703.24,705.3 1 0
github.com/sparkle/gateway/gen/community/community_service_grpc.pb.go:706.2,710.77 2 0
github.com/sparkle/gateway/gen/community/community_service_grpc.pb.go:710.77,712.3 1 0
github.com/sparkle/gateway/gen/community/community_service_grpc.pb.go:713.2,713.44 1 0
github.com/sparkle/gateway/gen/community/community_service_grpc.pb.go:716.173,718.32 2 0
github.com/sparkle/gateway/gen/community/community_service_grpc.pb.go:718.32,720.3 1 0
github.com/sparkle/gateway/gen/community/community_service_grpc.pb.go:721.2,721.24 1 0
github.com/sparkle/gateway/gen/community/community_service_grpc.pb.go:721.24,723.3 1 0
github.com/sparkle/gateway/gen/community/community_service_grpc.pb.go:724.2,728.77 2 0
github.com/sparkle/gateway/gen/community/community_service_grpc.pb.go:728.77,730.3 1 0
github.com/sparkle/gateway/gen/community/community_service_grpc.pb.go:731.2,731.44 1 0
github.com/sparkle/gateway/gen/community/community_service_grpc.pb.go:734.97,736.42 2 0
github.com/sparkle/gateway/gen/community/community_service_grpc.pb.go:736.42,738.3 1 0
github.com/sparkle/gateway/gen/community/community_service_grpc.pb.go:739.2,739.135 1 0
github.com/sparkle/gateway/gen/community/community_service_grpc.pb.go:745.93,747.42 2 0
github.com/sparkle/gateway/gen/community/community_service_grpc.pb.go:747.42,749.3 1 0
github.com/sparkle/gateway/gen/community/community_service_grpc.pb.go:750.2,750.132 1 0
github.com/sparkle/gateway/gen/community/community_service_grpc.pb.go:756.183,758.32 2 0
github.com/sparkle/gateway/gen/community/community_service_grpc.pb.go:758.32,760.3 1 0
github.com/sparkle/gateway/gen/community/community_service_grpc.pb.go:761.2,761.24 1 0
github.com/sparkle/gateway/gen/community/community_service_grpc.pb.go:761.24,763.3 1 0
github.com/sparkle/gateway/gen/community/community_service_grpc.pb.go:764.2,768.77 2 0
github.com/sparkle/gateway/gen/community/community_service_grpc.pb.go:768.77,770.3 1 0
github.com/sparkle/gateway/gen/community/community_service_grpc.pb.go:771.2,771.44 1 0
github.com/sparkle/gateway/gen/community/community_service_grpc.pb.go:774.180,776.32 2 0
github.com/sparkle/gateway/gen/community/community_service_grpc.pb.go:776.32,778.3 1 0
github.com/sparkle/gateway/gen/community/community_service_grpc.pb.go:779.2,779.24 1 0
github.com/sparkle/gateway/gen/community/community_service_grpc.pb.go:779.24,781.3 1 0
github.com/sparkle/gateway/gen/community/community_service_grpc.pb.go:782.2,786.77 2 0
github.com/sparkle/gateway/gen/community/community_service_grpc.pb.go:786.77,788.3 1 0
github.com/sparkle/gateway/gen/community/community_service_grpc.pb.go:789.2,789.44 1 0
github.com/sparkle/gateway/gen/community/community_service_grpc.pb.go:792.173,794.32 2 0
github.com/sparkle/gateway/gen/community/community_service_grpc.pb.go:794.32,796.3 1 0
github.com/sparkle/gateway/gen/community/community_service_grpc.pb.go:797.2,797.24 1 0
github.com/sparkle/gateway/gen/community/community_service_grpc.pb.go:797.24,799.3 1 0
github.com/sparkle/gateway/gen/community/community_service_grpc.pb.go:800.2,804.77 2 0
github.com/sparkle/gateway/gen/community/community_service_grpc.pb.go:804.77,806.3 1 0
github.com/sparkle/gateway/gen/community/community_service_grpc.pb.go:807.2,807.44 1 0
github.com/sparkle/gateway/gen/community/community_service_grpc.pb.go:810.170,812.32 2 0
github.com/sparkle/gateway/gen/community/community_service_grpc.pb.go:812.32,814.3 1 0
github.com/sparkle/gateway/gen/community/community_service_grpc.pb.go:815.2,815.24 1 0
github.com/sparkle/gateway/gen/community/community_service_grpc.pb.go:815.24,817.3 1 0
github.com/sparkle/gateway/gen/community/community_service_grpc.pb.go:818.2,822.77 2 0
github.com/sparkle/gateway/gen/community/community_service_grpc.pb.go:822.77,824.3 1 0
github.com/sparkle/gateway/gen/community/community_service_grpc.pb.go:825.2,825.44 1 0
github.com/sparkle/gateway/gen/community/community_service_grpc.pb.go:828.171,830.32 2 0
github.com/sparkle/gateway/gen/community/community_service_grpc.pb.go:830.32,832.3 1 0
github.com/sparkle/gateway/gen/community/community_service_grpc.pb.go:833.2,833.24 1 0
github.com/sparkle/gateway/gen/community/community_service_grpc.pb.go:833.24,835.3 1 0
github.com/sparkle/gateway/gen/community/community_service_grpc.pb.go:836.2,840.77 2 0
github.com/sparkle/gateway/gen/community/community_service_grpc.pb.go:840.77,842.3 1 0
github.com/sparkle/gateway/gen/community/community_service_grpc.pb.go:843.2,843.44 1 0
github.com/sparkle/gateway/gen/community/community_service_grpc.pb.go:846.172,848.32 2 0
github.com/sparkle/gateway/gen/community/community_service_grpc.pb.go:848.32,850.3 1 0
github.com/sparkle/gateway/gen/community/community_service_grpc.pb.go:851.2,851.24 1 0
github.com/sparkle/gateway/gen/community/community_service_grpc.pb.go:851.24,853.3 1 0
github.com/sparkle/gateway/gen/community/community_service_grpc.pb.go:854.2,858.77 2 0
github.com/sparkle/gateway/gen/community/community_service_grpc.pb.go:858.77,860.3 1 0
github.com/sparkle/gateway/gen/community/community_service_grpc.pb.go:861.2,861.44 1 0
github.com/sparkle/gateway/gen/community/community_service_grpc.pb.go:864.93,866.42 2 0
github.com/sparkle/gateway/gen/community/community_service_grpc.pb.go:866.42,868.3 1 0
github.com/sparkle/gateway/gen/community/community_service_grpc.pb.go:869.2,869.127 1 0
github.com/sparkle/gateway/gen/community/community_service_grpc.pb.go:875.94,877.42 2 0
github.com/sparkle/gateway/gen/community/community_service_grpc.pb.go:877.42,879.3 1 0
github.com/sparkle/gateway/gen/community/community_service_grpc.pb.go:880.2,880.134 1 0
github.com/sparkle/gateway/gen/community/community_service_grpc.pb.go:886.97,888.42 2 0
github.com/sparkle/gateway/gen/community/community_service_grpc.pb.go:888.42,890.3 1 0
github.com/sparkle/gateway/gen/community/community_service_grpc.pb.go:891.2,891.128 1 0
github.com/sparkle/gateway/gen/community/community_service_grpc.pb.go:897.191,899.32 2 0
github.com/sparkle/gateway/gen/community/community_service_grpc.pb.go:899.32,901.3 1 0
github.com/sparkle/gateway/gen/community/community_service_grpc.pb.go:902.2,902.24 1 0
github.com/sparkle/gateway/gen/community/community_service_grpc.pb.go:902.24,904.3 1 0
github.com/sparkle/gateway/gen/community/community_service_grpc.pb.go:905.2,909.77 2 0
github.com/sparkle/gateway/gen/community/community_service_grpc.pb.go:909.77,911.3 1 0
github.com/sparkle/gateway/gen/community/community_service_grpc.pb.go:912.2,912.44 1 0
github.com/sparkle/gateway/gen/community/community_service_grpc.pb.go:915.183,917.32 2 0
github.com/sparkle/gateway/gen/community/community_service_grpc.pb.go:917.32,919.3 1 0
github.com/sparkle/gateway/gen/community/community_service_grpc.pb.go:920.2,920.24 1 0
github.com/sparkle/gateway/gen/community/community_service_grpc.pb.go:920.24,922.3 1 0
github.com/sparkle/gateway/gen/community/community_service_grpc.pb.go:923.2,927.77 2 0
github.com/sparkle/gateway/gen/community/community_service_grpc.pb.go:927.77,929.3 1 0
github.com/sparkle/gateway/gen/community/community_service_grpc.pb.go:930.2,930.44 1 0
github.com/sparkle/gateway/gen/community/community_service_grpc.pb.go:933.189,935.32 2 0
github.com/sparkle/gateway/gen/community/community_service_grpc.pb.go:935.32,937.3 1 0
github.com/sparkle/gateway/gen/community/community_service_grpc.pb.go:938.2,938.24 1 0
github.com/sparkle/gateway/gen/community/community_service_grpc.pb.go:938.24,940.3 1 0
github.com/sparkle/gateway/gen/community/community_service_grpc.pb.go:941.2,945.77 2 0
github.com/sparkle/gateway/gen/community/community_service_grpc.pb.go:945.77,947.3 1 0
github.com/sparkle/gateway/gen/community/community_service_grpc.pb.go:948.2,948.44 1 0
github.com/sparkle/gateway/gen/community/community_service_grpc.pb.go:951.178,953.32 2 0
github.com/sparkle/gateway/gen/community/community_service_grpc.pb.go:953.32,955.3 1 0
github.com/sparkle/gateway/gen/community/community_service_grpc.pb.go:956.2,956.24 1 0
github.com/sparkle/gateway/gen/community/community_service_grpc.pb.go:956.24,958.3 1 0
github.com/sparkle/gateway/gen/community/community_service_grpc.pb.go:959.2,963.77 2 0
github.com/sparkle/gateway/gen/community/community_service_grpc.pb.go:963.77,965.3 1 0
github.com/sparkle/gateway/gen/community/community_service_grpc.pb.go:966.2,966.44 1 0
github.com/sparkle/gateway/gen/community/community_service_grpc.pb.go:969.98,971.42 2 0
github.com/sparkle/gateway/gen/community/community_service_grpc.pb.go:971.42,973.3 1 0
github.com/sparkle/gateway/gen/community/community_service_grpc.pb.go:974.2,974.144 1 0
github.com/sparkle/gateway/gen/community/community_service_grpc.pb.go:980.101,982.42 2 0
github.com/sparkle/gateway/gen/community/community_service_grpc.pb.go:982.42,984.3 1 0
github.com/sparkle/gateway/gen/community/community_service_grpc.pb.go:985.2,985.150 1 0
github.com/sparkle/gateway/gen/community/community_service_grpc.pb.go:991.180,993.32 2 0
github.com/sparkle/gateway/gen/community/community_service_grpc.pb.go:993.32,995.3 1 0
github.com/sparkle/gateway/gen/community/community_service_grpc.pb.go:996.2,996.24 1 0
github.com/sparkle/gateway/gen/community/community_service_grpc.pb.go:996.24,998.3 1 0
github.com/sparkle/gateway/gen/community/community_service_grpc.pb.go:999.2,1003.77 2 0
github.com/sparkle/gateway/gen/community/community_service_grpc.pb.go:1003.77,1005.3 1 0
github.com/sparkle/gateway/gen/community/community_service_grpc.pb.go:1006.2,1006.44 1 0
github.com/sparkle/gateway/gen/community/community_service_grpc.pb.go:1009.178,1011.32 2 0
github.com/sparkle/gateway/gen/community/community_service_grpc.pb.go:1011.32,1013.3 1 0
github.com/sparkle/gateway/gen/community/community_service_grpc.pb.go:1014.2,1014.24 1 0
github.com/sparkle/gateway/gen/community/community_service_grpc.pb.go:1014.24,1016.3 1 0
github.com/sparkle/gateway/gen/community/community_service_grpc.pb.go:1017.2,1021.77 2 0
github.com/sparkle/gateway/gen/community/community_service_grpc.pb.go:1021.77,1023.3 1 0
github.com/sparkle/gateway/gen/community/community_service_grpc.pb.go:1024.2,1024.44 1 0
github.com/sparkle/gateway/gen/community/community_service_grpc.pb.go:1027.180,1029.32 2 0
github.com/sparkle/gateway/gen/community/community_service_grpc.pb.go:1029.32,1031.3 1 0
github.com/sparkle/gateway/gen/community/community_service_grpc.pb.go:1032.2,1032.24 1 0
github.com/sparkle/gateway/gen/community/community_service_grpc.pb.go:1032.24,1034.3 1 0
github.com/sparkle/gateway/gen/community/community_service_grpc.pb.go:1035.2,1039.77 2 0
github.com/sparkle/gateway/gen/community/community_service_grpc.pb.go:1039.77,1041.3 1 0
github.com/sparkle/gateway/gen/community/community_service_grpc.pb.go:1042.2,1042.44 1 0
github.com/sparkle/gateway/gen/community/community_service_grpc.pb.go:1045.100,1047.42 2 0
github.com/sparkle/gateway/gen/community/community_service_grpc.pb.go:1047.42,1049.3 1 0
github.com/sparkle/gateway/gen/community/community_service_grpc.pb.go:1050.2,1050.155 1 0
github.com/sparkle/gateway/gen/community/community_service_grpc.pb.go:1056.182,1058.32 2 0
github.com/sparkle/gateway/gen/community/community_service_grpc.pb.go:1058.32,1060.3 1 0
github.com/sparkle/gateway/gen/community/community_service_grpc.pb.go:1061.2,1061.24 1 0
github.com/sparkle/gateway/gen/community/community_service_grpc.pb.go:1061.24,1063.3 1 0
github.com/sparkle/gateway/gen/community/community_service_grpc.pb.go:1064.2,1068.77 2 0
github.com/sparkle/gateway/gen/community/community_service_grpc.pb.go:1068.77,1070.3 1 0
github.com/sparkle/gateway/gen/community/community_service_grpc.pb.go:1071.2,1071.44 1 0
github.com/sparkle/gateway/gen/community/community_service_grpc.pb.go:1074.169,1076.32 2 0
github.com/sparkle/gateway/gen/community/community_service_grpc.pb.go:1076.32,1078.3 1 0
github.com/sparkle/gateway/gen/community/community_service_grpc.pb.go:1079.2,1079.24 1 0
github.com/sparkle/gateway/gen/community/community_service_grpc.pb.go:1079.24,1081.3 1 0
github.com/sparkle/gateway/gen/community/community_service_grpc.pb.go:1082.2,1086.77 2 0
github.com/sparkle/gateway/gen/community/community_service_grpc.pb.go:1086.77,1088.3 1 0
github.com/sparkle/gateway/gen/community/community_service_grpc.pb.go:1089.2,1089.44 1 0
github.com/sparkle/gateway/gen/userstate/v1/user_state.pb.go:35.38,40.2 4 0
github.com/sparkle/gateway/gen/userstate/v1/user_state.pb.go:42.46,44.2 1 0
github.com/sparkle/gateway/gen/userstate/v1/user_state.pb.go:46.44,46.45 0 0
github.com/sparkle/gateway/gen/userstate/v1/user_state.pb.go:48.66,50.14 2 0
github.com/sparkle/gateway/gen/userstate/v1/user_state.pb.go:50.14,52.34 2 0
github.com/sparkle/gateway/gen/userstate/v1/user_state.pb.go:52.34,54.4 1 0
github.com/sparkle/gateway/gen/userstate/v1/user_state.pb.go:55.3,55.12 1 0
github.com/sparkle/gateway/gen/userstate/v1/user_state.pb.go:57.2,57.24 1 0
github.com/sparkle/gateway/gen/userstate/v1/user_state.pb.go:61.57,63.2 1 0
github.com/sparkle/gateway/gen/userstate/v1/user_state.pb.go:65.69,66.14 1 0
github.com/sparkle/gateway/gen/userstate/v1/user_state.pb.go:66.14,68.3 1 0
github.com/sparkle/gateway/gen/userstate/v1/user_state.pb.go:69.2,69.12 1 0
github.com/sparkle/gateway/gen/userstate/v1/user_state.pb.go:72.62,73.14 1 0
github.com/sparkle/gateway/gen/userstate/v1/user_state.pb.go:73.14,75.3 1 0
github.com/sparkle/gateway/gen/userstate/v1/user_state.pb.go:76.2,76.12 1 0
github.com/sparkle/gateway/gen/userstate/v1/user_state.pb.go:79.58,80.14 1 0
github.com/sparkle/gateway/gen/userstate/v1/user_state.pb.go:80.14,82.3 1 0
github.com/sparkle/gateway/gen/userstate/v1/user_state.pb.go:83.2,83.10 1 0
github.com/sparkle/gateway/gen/userstate/v1/user_state.pb.go:95.42,100.2 4 0
github.com/sparkle/gateway/gen/userstate/v1/user_state.pb.go:102.50,104.2 1 0
github.com/sparkle/gateway/gen/userstate/v1/user_state.pb.go:106.48,106.49 0 0
github.com/sparkle/gateway/gen/userstate/v1/user_state.pb.go:108.70,110.14 2 0
github.com/sparkle/gateway/gen/userstate/v1/user_state.pb.go:110.14,112.34 2 0
github.com/sparkle/gateway/gen/userstate/v1/user_state.pb.go:112.34,114.4 1 0
github.com/sparkle/gateway/gen/userstate/v1/user_state.pb.go:115.3,115.12 1 0
github.com/sparkle/gateway/gen/userstate/v1/user_state.pb.go:117.2,117.24 1 0
github.com/sparkle/gateway/gen/userstate/v1/user_state.pb.go:121.61,123.2 1 0
github.com/sparkle/gateway/gen/userstate/v1/user_state.pb.go:125.58,126.14 1 0
github.com/sparkle/gateway/gen/userstate/v1/user_state.pb.go:126.14,128.3 1 0
github.com/sparkle/gateway/gen/userstate/v1/user_state.pb.go:129.2,129.10 1 0
github.com/sparkle/gateway/gen/userstate/v1/user_state.pb.go:132.72,133.14 1 0
github.com/sparkle/gateway/gen/userstate/v1/user_state.pb.go:133.14,135.3 1 0
github.com/sparkle/gateway/gen/userstate/v1/user_state.pb.go:136.2,136.12 1 0
github.com/sparkle/gateway/gen/userstate/v1/user_state.pb.go:139.69,140.14 1 0
github.com/sparkle/gateway/gen/userstate/v1/user_state.pb.go:140.14,142.3 1 0
github.com/sparkle/gateway/gen/userstate/v1/user_state.pb.go:143.2,143.12 1 0
github.com/sparkle/gateway/gen/userstate/v1/user_state.pb.go:155.47,160.2 4 0
github.com/sparkle/gateway/gen/userstate/v1/user_state.pb.go:162.55,164.2 1 0
github.com/sparkle/gateway/gen/userstate/v1/user_state.pb.go:166.53,166.54 0 0
github.com/sparkle/gateway/gen/userstate/v1/user_state.pb.go:168.75,170.14 2 0
github.com/sparkle/gateway/gen/userstate/v1/user_state.pb.go:170.14,172.34 2 0
github.com/sparkle/gateway/gen/userstate/v1/user_state.pb.go:172.34,174.4 1 0
github.com/sparkle/gateway/gen/userstate/v1/user_state.pb.go:175.3,175.12 1 0
github.com/sparkle/gateway/gen/userstate/v1/user_state.pb.go:177.2,177.24 1 0
github.com/sparkle/gateway/gen/userstate/v1/user_state.pb.go:181.66,183.2 1 0
github.com/sparkle/gateway/gen/userstate/v1/user_state.pb.go:185.56,186.14 1 0
github.com/sparkle/gateway/gen/userstate/v1/user_state.pb.go:186.14,188.3 1 0
github.com/sparkle/gateway/gen/userstate/v1/user_state.pb.go:189.2,189.10 1 0
github.com/sparkle/gateway/gen/userstate/v1/user_state.pb.go:192.81,193.14 1 0
github.com/sparkle/gateway/gen/userstate/v1/user_state.pb.go:193.14,195.3 1 0
github.com/sparkle/gateway/gen/userstate/v1/user_state.pb.go:196.2,196.12 1 0
github.com/sparkle/gateway/gen/userstate/v1/user_state.pb.go:199.63,200.14 1 0
github.com/sparkle/gateway/gen/userstate/v1/user_state.pb.go:200.14,202.3 1 0
github.com/sparkle/gateway/gen/userstate/v1/user_state.pb.go:203.2,203.12 1 0
github.com/sparkle/gateway/gen/userstate/v1/user_state.pb.go:215.49,220.2 4 0
github.com/sparkle/gateway/gen/userstate/v1/user_state.pb.go:222.57,224.2 1 0
github.com/sparkle/gateway/gen/userstate/v1/user_state.pb.go:226.55,226.56 0 0
github.com/sparkle/gateway/gen/userstate/v1/user_state.pb.go:228.77,230.14 2 0
github.com/sparkle/gateway/gen/userstate/v1/user_state.pb.go:230.14,232.34 2 0
github.com/sparkle/gateway/gen/userstate/v1/user_state.pb.go:232.34,234.4 1 0
github.com/sparkle/gateway/gen/userstate/v1/user_state.pb.go:235.3,235.12 1 0
github.com/sparkle/gateway/gen/userstate/v1/user_state.pb.go:237.2,237.24 1 0
github.com/sparkle/gateway/gen/userstate/v1/user_state.pb.go:241.68,243.2 1 0
github.com/sparkle/gateway/gen/userstate/v1/user_state.pb.go:245.58,246.14 1 0
github.com/sparkle/gateway/gen/userstate/v1/user_state.pb.go:246.14,248.3 1 0
github.com/sparkle/gateway/gen/userstate/v1/user_state.pb.go:249.2,249.10 1 0
github.com/sparkle/gateway/gen/userstate/v1/user_state.pb.go:252.66,253.14 1 0
github.com/sparkle/gateway/gen/userstate/v1/user_state.pb.go:253.14,255.3 1 0
github.com/sparkle/gateway/gen/userstate/v1/user_state.pb.go:256.2,256.11 1 0
github.com/sparkle/gateway/gen/userstate/v1/user_state.pb.go:259.76,260.14 1 0
github.com/sparkle/gateway/gen/userstate/v1/user_state.pb.go:260.14,262.3 1 0
github.com/sparkle/gateway/gen/userstate/v1/user_state.pb.go:263.2,263.12 1 0
github.com/sparkle/gateway/gen/userstate/v1/user_state.pb.go:278.40,283.2 4 0
github.com/sparkle/gateway/gen/userstate/v1/user_state.pb.go:285.48,287.2 1 0
github.com/sparkle/gateway/gen/userstate/v1/user_state.pb.go:289.46,289.47 0 0
github.com/sparkle/gateway/gen/userstate/v1/user_state.pb.go:291.68,293.14 2 0
github.com/sparkle/gateway/gen/userstate/v1/user_state.pb.go:293.14,295.34 2 0
github.com/sparkle/gateway/gen/userstate/v1/user_state.pb.go:295.34,297.4 1 0
github.com/sparkle/gateway/gen/userstate/v1/user_state.pb.go:298.3,298.12 1 0
github.com/sparkle/gateway/gen/userstate/v1/user_state.pb.go:300.2,300.24 1 0
github.com/sparkle/gateway/gen/userstate/v1/user_state.pb.go:304.59,306.2 1 0
github.com/sparkle/gateway/gen/userstate/v1/user_state.pb.go:308.52,309.14 1 0
github.com/sparkle/gateway/gen/userstate/v1/user_state.pb.go:309.14,311.3 1 0
github.com/sparkle/gateway/gen/userstate/v1/user_state.pb.go:312.2,312.11 1 0
github.com/sparkle/gateway/gen/userstate/v1/user_state.pb.go:315.50,316.14 1 0
github.com/sparkle/gateway/gen/userstate/v1/user_state.pb.go:316.14,318.3 1 0
github.com/sparkle/gateway/gen/userstate/v1/user_state.pb.go:319.2,319.11 1 0
github.com/sparkle/gateway/gen/userstate/v1/user_state.pb.go:322.70,323.14 1 0
github.com/sparkle/gateway/gen/userstate/v1/user_state.pb.go:323.14,325.3 1 0
github.com/sparkle/gateway/gen/userstate/v1/user_state.pb.go:326.2,326.12 1 0
github.com/sparkle/gateway/gen/userstate/v1/user_state.pb.go:329.68,330.14 1 0
github.com/sparkle/gateway/gen/userstate/v1/user_state.pb.go:330.14,332.3 1 0
github.com/sparkle/gateway/gen/userstate/v1/user_state.pb.go:333.2,333.12 1 0
github.com/sparkle/gateway/gen/userstate/v1/user_state.pb.go:336.55,337.14 1 0
github.com/sparkle/gateway/gen/userstate/v1/user_state.pb.go:337.14,339.3 1 0
github.com/sparkle/gateway/gen/userstate/v1/user_state.pb.go:340.2,340.10 1 0
github.com/sparkle/gateway/gen/userstate/v1/user_state.pb.go:343.58,344.14 1 0
github.com/sparkle/gateway/gen/userstate/v1/user_state.pb.go:344.14,346.3 1 0
github.com/sparkle/gateway/gen/userstate/v1/user_state.pb.go:347.2,347.10 1 0
github.com/sparkle/gateway/gen/userstate/v1/user_state.pb.go:357.44,362.2 4 0
github.com/sparkle/gateway/gen/userstate/v1/user_state.pb.go:364.52,366.2 1 0
github.com/sparkle/gateway/gen/userstate/v1/user_state.pb.go:368.50,368.51 0 0
github.com/sparkle/gateway/gen/userstate/v1/user_state.pb.go:370.72,372.14 2 0
github.com/sparkle/gateway/gen/userstate/v1/user_state.pb.go:372.14,374.34 2 0
github.com/sparkle/gateway/gen/userstate/v1/user_state.pb.go:374.34,376.4 1 0
github.com/sparkle/gateway/gen/userstate/v1/user_state.pb.go:377.3,377.12 1 0
github.com/sparkle/gateway/gen/userstate/v1/user_state.pb.go:379.2,379.24 1 0
github.com/sparkle/gateway/gen/userstate/v1/user_state.pb.go:383.63,385.2 1 0
github.com/sparkle/gateway/gen/userstate/v1/user_state.pb.go:387.71,388.14 1 0
github.com/sparkle/gateway/gen/userstate/v1/user_state.pb.go:388.14,390.3 1 0
github.com/sparkle/gateway/gen/userstate/v1/user_state.pb.go:391.2,391.12 1 0
github.com/sparkle/gateway/gen/userstate/v1/user_state.pb.go:402.48,407.2 4 0
github.com/sparkle/gateway/gen/userstate/v1/user_state.pb.go:409.56,411.2 1 0
github.com/sparkle/gateway/gen/userstate/v1/user_state.pb.go:413.54,413.55 0 0
github.com/sparkle/gateway/gen/userstate/v1/user_state.pb.go:415.76,417.14 2 0
github.com/sparkle/gateway/gen/userstate/v1/user_state.pb.go:417.14,419.34 2 0
github.com/sparkle/gateway/gen/userstate/v1/user_state.pb.go:419.34,421.4 1 0
github.com/sparkle/gateway/gen/userstate/v1/user_state.pb.go:422.3,422.12 1 0
github.com/sparkle/gateway/gen/userstate/v1/user_state.pb.go:424.2,424.24 1 0
github.com/sparkle/gateway/gen/userstate/v1/user_state.pb.go:428.67,430.2 1 0
github.com/sparkle/gateway/gen/userstate/v1/user_state.pb.go:432.56,433.14 1 0
github.com/sparkle/gateway/gen/userstate/v1/user_state.pb.go:433.14,435.3 1 0
github.com/sparkle/gateway/gen/userstate/v1/user_state.pb.go:436.2,436.11 1 0
github.com/sparkle/gateway/gen/userstate/v1/user_state.pb.go:439.64,440.14 1 0
github.com/sparkle/gateway/gen/userstate/v1/user_state.pb.go:440.14,442.3 1 0
github.com/sparkle/gateway/gen/userstate/v1/user_state.pb.go:443.2,443.10 1 0
github.com/sparkle/gateway/gen/userstate/v1/user_state.pb.go:456.45,461.2 4 0
github.com/sparkle/gateway/gen/userstate/v1/user_state.pb.go:463.53,465.2 1 0
github.com/sparkle/gateway/gen/userstate/v1/user_state.pb.go:467.51,467.52 0 0
github.com/sparkle/gateway/gen/userstate/v1/user_state.pb.go:469.73,471.14 2 0
github.com/sparkle/gateway/gen/userstate/v1/user_state.pb.go:471.14,473.34 2 0
github.com/sparkle/gateway/gen/userstate/v1/user_state.pb.go:473.34,475.4 1 0
github.com/sparkle/gateway/gen/userstate/v1/user_state.pb.go:476.3,476.12 1 0
github.com/sparkle/gateway/gen/userstate/v1/user_state.pb.go:478.2,478.24 1 0
github.com/sparkle/gateway/gen/userstate/v1/user_state.pb.go:482.64,484.2 1 0
github.com/sparkle/gateway/gen/userstate/v1/user_state.pb.go:486.58,487.14 1 0
github.com/sparkle/gateway/gen/userstate/v1/user_state.pb.go:487.14,489.3 1 0
github.com/sparkle/gateway/gen/userstate/v1/user_state.pb.go:490.2,490.11 1 0
github.com/sparkle/gateway/gen/userstate/v1/user_state.pb.go:493.77,494.14 1 0
github.com/sparkle/gateway/gen/userstate/v1/user_state.pb.go:494.14,496.3 1 0
github.com/sparkle/gateway/gen/userstate/v1/user_state.pb.go:497.2,497.12 1 0
github.com/sparkle/gateway/gen/userstate/v1/user_state.pb.go:500.63,501.14 1 0
github.com/sparkle/gateway/gen/userstate/v1/user_state.pb.go:501.14,503.3 1 0
github.com/sparkle/gateway/gen/userstate/v1/user_state.pb.go:504.2,504.10 1 0
github.com/sparkle/gateway/gen/userstate/v1/user_state.pb.go:507.95,508.14 1 0
github.com/sparkle/gateway/gen/userstate/v1/user_state.pb.go:508.14,510.3 1 0
github.com/sparkle/gateway/gen/userstate/v1/user_state.pb.go:511.2,511.12 1 0
github.com/sparkle/gateway/gen/userstate/v1/user_state.pb.go:522.38,527.2 4 0
github.com/sparkle/gateway/gen/userstate/v1/user_state.pb.go:529.46,531.2 1 0
github.com/sparkle/gateway/gen/userstate/v1/user_state.pb.go:533.44,533.45 0 0
github.com/sparkle/gateway/gen/userstate/v1/user_state.pb.go:535.66,537.14 2 0
github.com/sparkle/gateway/gen/userstate/v1/user_state.pb.go:537.14,539.34 2 0
github.com/sparkle/gateway/gen/userstate/v1/user_state.pb.go:539.34,541.4 1 0
github.com/sparkle/gateway/gen/userstate/v1/user_state.pb.go:542.3,542.12 1 0
github.com/sparkle/gateway/gen/userstate/v1/user_state.pb.go:544.2,544.24 1 0
github.com/sparkle/gateway/gen/userstate/v1/user_state.pb.go:548.57,550.2 1 0
github.com/sparkle/gateway/gen/userstate/v1/user_state.pb.go:552.50,553.14 1 0
github.com/sparkle/gateway/gen/userstate/v1/user_state.pb.go:553.14,555.3 1 0
github.com/sparkle/gateway/gen/userstate/v1/user_state.pb.go:556.2,556.11 1 0
github.com/sparkle/gateway/gen/userstate/v1/user_state.pb.go:559.69,560.14 1 0
github.com/sparkle/gateway/gen/userstate/v1/user_state.pb.go:560.14,562.3 1 0
github.com/sparkle/gateway/gen/userstate/v1/user_state.pb.go:563.2,563.12 1 0
github.com/sparkle/gateway/gen/userstate/v1/user_state.pb.go:574.45,579.2 4 0
github.com/sparkle/gateway/gen/userstate/v1/user_state.pb.go:581.53,583.2 1 0
github.com/sparkle/gateway/gen/userstate/v1/user_state.pb.go:585.51,585.52 0 0
github.com/sparkle/gateway/gen/userstate/v1/user_state.pb.go:587.73,589.14 2 0
github.com/sparkle/gateway/gen/userstate/v1/user_state.pb.go:589.14,591.34 2 0
github.com/sparkle/gateway/gen/userstate/v1/user_state.pb.go:591.34,593.4 1 0
github.com/sparkle/gateway/gen/userstate/v1/user_state.pb.go:594.3,594.12 1 0
github.com/sparkle/gateway/gen/userstate/v1/user_state.pb.go:596.2,596.24 1 0
github.com/sparkle/gateway/gen/userstate/v1/user_state.pb.go:600.64,602.2 1 0
github.com/sparkle/gateway/gen/userstate/v1/user_state.pb.go:604.73,605.14 1 0
github.com/sparkle/gateway/gen/userstate/v1/user_state.pb.go:605.14,607.3 1 0
github.com/sparkle/gateway/gen/userstate/v1/user_state.pb.go:608.2,608.12 1 0
github.com/sparkle/gateway/gen/userstate/v1/user_state.pb.go:611.66,612.14 1 0
github.com/sparkle/gateway/gen/userstate/v1/user_state.pb.go:612.14,614.3 1 0
github.com/sparkle/gateway/gen/userstate/v1/user_state.pb.go:615.2,615.10 1 0
github.com/sparkle/gateway/gen/userstate/v1/user_state.pb.go:631.45,636.2 4 0
github.com/sparkle/gateway/gen/userstate/v1/user_state.pb.go:638.53,640.2 1 0
github.com/sparkle/gateway/gen/userstate/v1/user_state.pb.go:642.51,642.52 0 0
github.com/sparkle/gateway/gen/userstate/v1/user_state.pb.go:644.73,646.14 2 0
github.com/sparkle/gateway/gen/userstate/v1/user_state.pb.go:646.14,648.34 2 0
github.com/sparkle/gateway/gen/userstate/v1/user_state.pb.go:648.34,650.4 1 0
github.com/sparkle/gateway/gen/userstate/v1/user_state.pb.go:651.3,651.12 1 0
github.com/sparkle/gateway/gen/userstate/v1/user_state.pb.go:653.2,653.24 1 0
github.com/sparkle/gateway/gen/userstate/v1/user_state.pb.go:657.64,659.2 1 0
github.com/sparkle/gateway/gen/userstate/v1/user_state.pb.go:661.61,662.14 1 0
github.com/sparkle/gateway/gen/userstate/v1/user_state.pb.go:662.14,664.3 1 0
github.com/sparkle/gateway/gen/userstate/v1/user_state.pb.go:665.2,665.11 1 0
github.com/sparkle/gateway/gen/userstate/v1/user_state.pb.go:668.61,669.14 1 0
github.com/sparkle/gateway/gen/userstate/v1/user_state.pb.go:669.14,671.3 1 0
github.com/sparkle/gateway/gen/userstate/v1/user_state.pb.go:672.2,672.10 1 0
github.com/sparkle/gateway/gen/userstate/v1/user_state.pb.go:675.66,676.14 1 0
github.com/sparkle/gateway/gen/userstate/v1/user_state.pb.go:676.14,678.3 1 0
github.com/sparkle/gateway/gen/userstate/v1/user_state.pb.go:679.2,679.10 1 0
github.com/sparkle/gateway/gen/userstate/v1/user_state.pb.go:682.72,683.14 1 0
github.com/sparkle/gateway/gen/userstate/v1/user_state.pb.go:683.14,685.3 1 0
github.com/sparkle/gateway/gen/userstate/v1/user_state.pb.go:686.2,686.10 1 0
github.com/sparkle/gateway/gen/userstate/v1/user_state.pb.go:689.74,690.14 1 0
github.com/sparkle/gateway/gen/userstate/v1/user_state.pb.go:690.14,692.3 1 0
github.com/sparkle/gateway/gen/userstate/v1/user_state.pb.go:693.2,693.11 1 0
github.com/sparkle/gateway/gen/userstate/v1/user_state.pb.go:696.75,697.14 1 0
github.com/sparkle/gateway/gen/userstate/v1/user_state.pb.go:697.14,699.3 1 0
github.com/sparkle/gateway/gen/userstate/v1/user_state.pb.go:700.2,700.10 1 0
github.com/sparkle/gateway/gen/userstate/v1/user_state.pb.go:703.74,704.14 1 0
github.com/sparkle/gateway/gen/userstate/v1/user_state.pb.go:704.14,706.3 1 0
github.com/sparkle/gateway/gen/userstate/v1/user_state.pb.go:707.2,707.10 1 0
github.com/sparkle/gateway/gen/userstate/v1/user_state.pb.go:719.40,724.2 4 0
github.com/sparkle/gateway/gen/userstate/v1/user_state.pb.go:726.48,728.2 1 0
github.com/sparkle/gateway/gen/userstate/v1/user_state.pb.go:730.46,730.47 0 0
github.com/sparkle/gateway/gen/userstate/v1/user_state.pb.go:732.68,734.14 2 0
github.com/sparkle/gateway/gen/userstate/v1/user_state.pb.go:734.14,736.34 2 0
github.com/sparkle/gateway/gen/userstate/v1/user_state.pb.go:736.34,738.4 1 0
github.com/sparkle/gateway/gen/userstate/v1/user_state.pb.go:739.3,739.12 1 0
github.com/sparkle/gateway/gen/userstate/v1/user_state.pb.go:741.2,741.24 1 0
github.com/sparkle/gateway/gen/userstate/v1/user_state.pb.go:745.59,747.2 1 0
github.com/sparkle/gateway/gen/userstate/v1/user_state.pb.go:749.73,750.14 1 0
github.com/sparkle/gateway/gen/userstate/v1/user_state.pb.go:750.14,752.3 1 0
github.com/sparkle/gateway/gen/userstate/v1/user_state.pb.go:753.2,753.12 1 0
github.com/sparkle/gateway/gen/userstate/v1/user_state.pb.go:756.59,757.14 1 0
github.com/sparkle/gateway/gen/userstate/v1/user_state.pb.go:757.14,759.3 1 0
github.com/sparkle/gateway/gen/userstate/v1/user_state.pb.go:760.2,760.10 1 0
github.com/sparkle/gateway/gen/userstate/v1/user_state.pb.go:763.50,764.14 1 0
github.com/sparkle/gateway/gen/userstate/v1/user_state.pb.go:764.14,766.3 1 0
github.com/sparkle/gateway/gen/userstate/v1/user_state.pb.go:767.2,767.10 1 0
github.com/sparkle/gateway/gen/userstate/v1/user_state.pb.go:777.38,782.2 4 0
github.com/sparkle/gateway/gen/userstate/v1/user_state.pb.go:784.46,786.2 1 0
github.com/sparkle/gateway/gen/userstate/v1/user_state.pb.go:788.44,788.45 0 0
github.com/sparkle/gateway/gen/userstate/v1/user_state.pb.go:790.66,792.14 2 0
github.com/sparkle/gateway/gen/userstate/v1/user_state.pb.go:792.14,794.34 2 0
github.com/sparkle/gateway/gen/userstate/v1/user_state.pb.go:794.34,796.4 1 0
github.com/sparkle/gateway/gen/userstate/v1/user_state.pb.go:797.3,797.12 1 0
github.com/sparkle/gateway/gen/userstate/v1/user_state.pb.go:799.2,799.24 1 0
github.com/sparkle/gateway/gen/userstate/v1/user_state.pb.go:803.57,805.2 1 0
github.com/sparkle/gateway/gen/userstate/v1/user_state.pb.go:807.71,808.14 1 0
github.com/sparkle/gateway/gen/userstate/v1/user_state.pb.go:808.14,810.3 1 0
github.com/sparkle/gateway/gen/userstate/v1/user_state.pb.go:811.2,811.11 1 0
github.com/sparkle/gateway/gen/userstate/v1/user_state.pb.go:825.50,830.2 4 0
github.com/sparkle/gateway/gen/userstate/v1/user_state.pb.go:832.58,834.2 1 0
github.com/sparkle/gateway/gen/userstate/v1/user_state.pb.go:836.56,836.57 0 0
github.com/sparkle/gateway/gen/userstate/v1/user_state.pb.go:838.78,840.14 2 0
github.com/sparkle/gateway/gen/userstate/v1/user_state.pb.go:840.14,842.34 2 0
github.com/sparkle/gateway/gen/userstate/v1/user_state.pb.go:842.34,844.4 1 0
github.com/sparkle/gateway/gen/userstate/v1/user_state.pb.go:845.3,845.12 1 0
github.com/sparkle/gateway/gen/userstate/v1/user_state.pb.go:847.2,847.24 1 0
github.com/sparkle/gateway/gen/userstate/v1/user_state.pb.go:851.69,853.2 1 0
github.com/sparkle/gateway/gen/userstate/v1/user_state.pb.go:855.62,856.14 1 0
github.com/sparkle/gateway/gen/userstate/v1/user_state.pb.go:856.14,858.3 1 0
github.com/sparkle/gateway/gen/userstate/v1/user_state.pb.go:859.2,859.11 1 0
github.com/sparkle/gateway/gen/userstate/v1/user_state.pb.go:862.66,863.14 1 0
github.com/sparkle/gateway/gen/userstate/v1/user_state.pb.go:863.14,865.3 1 0
github.com/sparkle/gateway/gen/userstate/v1/user_state.pb.go:866.2,866.11 1 0
github.com/sparkle/gateway/gen/userstate/v1/user_state.pb.go:869.66,870.14 1 0
github.com/sparkle/gateway/gen/userstate/v1/user_state.pb.go:870.14,872.3 1 0
github.com/sparkle/gateway/gen/userstate/v1/user_state.pb.go:873.2,873.10 1 0
github.com/sparkle/gateway/gen/userstate/v1/user_state.pb.go:876.65,877.14 1 0
github.com/sparkle/gateway/gen/userstate/v1/user_state.pb.go:877.14,879.3 1 0
github.com/sparkle/gateway/gen/userstate/v1/user_state.pb.go:880.2,880.14 1 0
github.com/sparkle/gateway/gen/userstate/v1/user_state.pb.go:883.81,884.14 1 0
github.com/sparkle/gateway/gen/userstate/v1/user_state.pb.go:884.14,886.3 1 0
github.com/sparkle/gateway/gen/userstate/v1/user_state.pb.go:887.2,887.12 1 0
github.com/sparkle/gateway/gen/userstate/v1/user_state.pb.go:898.46,903.2 4 0
github.com/sparkle/gateway/gen/userstate/v1/user_state.pb.go:905.54,907.2 1 0
github.com/sparkle/gateway/gen/userstate/v1/user_state.pb.go:909.52,909.53 0 0
github.com/sparkle/gateway/gen/userstate/v1/user_state.pb.go:911.74,913.14 2 0
github.com/sparkle/gateway/gen/userstate/v1/user_state.pb.go:913.14,915.34 2 0
github.com/sparkle/gateway/gen/userstate/v1/user_state.pb.go:915.34,917.4 1 0
github.com/sparkle/gateway/gen/userstate/v1/user_state.pb.go:918.3,918.12 1 0
github.com/sparkle/gateway/gen/userstate/v1/user_state.pb.go:920.2,920.24 1 0
github.com/sparkle/gateway/gen/userstate/v1/user_state.pb.go:924.65,926.2 1 0
github.com/sparkle/gateway/gen/userstate/v1/user_state.pb.go:928.66,929.14 1 0
github.com/sparkle/gateway/gen/userstate/v1/user_state.pb.go:929.14,931.3 1 0
github.com/sparkle/gateway/gen/userstate/v1/user_state.pb.go:932.2,932.11 1 0
github.com/sparkle/gateway/gen/userstate/v1/user_state.pb.go:935.83,936.14 1 0
github.com/sparkle/gateway/gen/userstate/v1/user_state.pb.go:936.14,938.3 1 0
github.com/sparkle/gateway/gen/userstate/v1/user_state.pb.go:939.2,939.12 1 0
github.com/sparkle/gateway/gen/userstate/v1/user_state.pb.go:952.44,957.2 4 0
github.com/sparkle/gateway/gen/userstate/v1/user_state.pb.go:959.52,961.2 1 0
github.com/sparkle/gateway/gen/userstate/v1/user_state.pb.go:963.50,963.51 0 0
github.com/sparkle/gateway/gen/userstate/v1/user_state.pb.go:965.72,967.14 2 0
github.com/sparkle/gateway/gen/userstate/v1/user_state.pb.go:967.14,969.34 2 0
github.com/sparkle/gateway/gen/userstate/v1/user_state.pb.go:969.34,971.4 1 0
github.com/sparkle/gateway/gen/userstate/v1/user_state.pb.go:972.3,972.12 1 0
github.com/sparkle/gateway/gen/userstate/v1/user_state.pb.go:974.2,974.24 1 0
github.com/sparkle/gateway/gen/userstate/v1/user_state.pb.go:978.63,980.2 1 0
github.com/sparkle/gateway/gen/userstate/v1/user_state.pb.go:982.52,983.14 1 0
github.com/sparkle/gateway/gen/userstate/v1/user_state.pb.go:983.14,985.3 1 0
github.com/sparkle/gateway/gen/userstate/v1/user_state.pb.go:986.2,986.11 1 0
github.com/sparkle/gateway/gen/userstate/v1/user_state.pb.go:989.55,990.14 1 0
github.com/sparkle/gateway/gen/userstate/v1/user_state.pb.go:990.14,992.3 1 0
github.com/sparkle/gateway/gen/userstate/v1/user_state.pb.go:993.2,993.10 1 0
github.com/sparkle/gateway/gen/userstate/v1/user_state.pb.go:996.60,997.14 1 0
github.com/sparkle/gateway/gen/userstate/v1/user_state.pb.go:997.14,999.3 1 0
github.com/sparkle/gateway/gen/userstate/v1/user_state.pb.go:1000.2,1000.10 1 0
github.com/sparkle/gateway/gen/userstate/v1/user_state.pb.go:1003.55,1004.14 1 0
github.com/sparkle/gateway/gen/userstate/v1/user_state.pb.go:1004.14,1006.3 1 0
github.com/sparkle/gateway/gen/userstate/v1/user_state.pb.go:1007.2,1007.11 1 0
github.com/sparkle/gateway/gen/userstate/v1/user_state.pb.go:1017.43,1022.2 4 0
github.com/sparkle/gateway/gen/userstate/v1/user_state.pb.go:1024.51,1026.2 1 0
github.com/sparkle/gateway/gen/userstate/v1/user_state.pb.go:1028.49,1028.50 0 0
github.com/sparkle/gateway/gen/userstate/v1/user_state.pb.go:1030.71,1032.14 2 0
github.com/sparkle/gateway/gen/userstate/v1/user_state.pb.go:1032.14,1034.34 2 0
github.com/sparkle/gateway/gen/userstate/v1/user_state.pb.go:1034.34,1036.4 1 0
github.com/sparkle/gateway/gen/userstate/v1/user_state.pb.go:1037.3,1037.12 1 0
github.com/sparkle/gateway/gen/userstate/v1/user_state.pb.go:1039.2,1039.24 1 0
github.com/sparkle/gateway/gen/userstate/v1/user_state.pb.go:1043.62,1045.2 1 0
github.com/sparkle/gateway/gen/userstate/v1/user_state.pb.go:1047.74,1048.14 1 0
github.com/sparkle/gateway/gen/userstate/v1/user_state.pb.go:1048.14,1050.3 1 0
github.com/sparkle/gateway/gen/userstate/v1/user_state.pb.go:1051.2,1051.12 1 0
github.com/sparkle/gateway/gen/userstate/v1/user_state.pb.go:1064.40,1069.2 4 0
github.com/sparkle/gateway/gen/userstate/v1/user_state.pb.go:1071.48,1073.2 1 0
github.com/sparkle/gateway/gen/userstate/v1/user_state.pb.go:1075.46,1075.47 0 0
github.com/sparkle/gateway/gen/userstate/v1/user_state.pb.go:1077.68,1079.14 2 0
github.com/sparkle/gateway/gen/userstate/v1/user_state.pb.go:1079.14,1081.34 2 0
github.com/sparkle/gateway/gen/userstate/v1/user_state.pb.go:1081.34,1083.4 1 0
github.com/sparkle/gateway/gen/userstate/v1/user_state.pb.go:1084.3,1084.12 1 0
github.com/sparkle/gateway/gen/userstate/v1/user_state.pb.go:1086.2,1086.24 1 0
github.com/sparkle/gateway/gen/userstate/v1/user_state.pb.go:1090.59,1092.2 1 0
github.com/sparkle/gateway/gen/userstate/v1/user_state.pb.go:1094.57,1095.14 1 0
github.com/sparkle/gateway/gen/userstate/v1/user_state.pb.go:1095.14,1097.3 1 0
github.com/sparkle/gateway/gen/userstate/v1/user_state.pb.go:1098.2,1098.11 1 0
github.com/sparkle/gateway/gen/userstate/v1/user_state.pb.go:1101.75,1102.14 1 0
github.com/sparkle/gateway/gen/userstate/v1/user_state.pb.go:1102.14,1104.3 1 0
github.com/sparkle/gateway/gen/userstate/v1/user_state.pb.go:1105.2,1105.12 1 0
github.com/sparkle/gateway/gen/userstate/v1/user_state.pb.go:1108.56,1109.14 1 0
github.com/sparkle/gateway/gen/userstate/v1/user_state.pb.go:1109.14,1111.3 1 0
github.com/sparkle/gateway/gen/userstate/v1/user_state.pb.go:1112.2,1112.10 1 0
github.com/sparkle/gateway/gen/userstate/v1/user_state.pb.go:1115.51,1116.14 1 0
github.com/sparkle/gateway/gen/userstate/v1/user_state.pb.go:1116.14,1118.3 1 0
github.com/sparkle/gateway/gen/userstate/v1/user_state.pb.go:1119.2,1119.11 1 0
github.com/sparkle/gateway/gen/userstate/v1/user_state.pb.go:1130.42,1135.2 4 0
github.com/sparkle/gateway/gen/userstate/v1/user_state.pb.go:1137.50,1139.2 1 0
github.com/sparkle/gateway/gen/userstate/v1/user_state.pb.go:1141.48,1141.49 0 0
github.com/sparkle/gateway/gen/userstate/v1/user_state.pb.go:1143.70,1145.14 2 0
github.com/sparkle/gateway/gen/userstate/v1/user_state.pb.go:1145.14,1147.34 2 0
github.com/sparkle/gateway/gen/userstate/v1/user_state.pb.go:1147.34,1149.4 1 0
github.com/sparkle/gateway/gen/userstate/v1/user_state.pb.go:1150.3,1150.12 1 0
github.com/sparkle/gateway/gen/userstate/v1/user_state.pb.go:1152.2,1152.24 1 0
github.com/sparkle/gateway/gen/userstate/v1/user_state.pb.go:1156.61,1158.2 1 0
github.com/sparkle/gateway/gen/userstate/v1/user_state.pb.go:1160.69,1161.14 1 0
github.com/sparkle/gateway/gen/userstate/v1/user_state.pb.go:1161.14,1163.3 1 0
github.com/sparkle/gateway/gen/userstate/v1/user_state.pb.go:1164.2,1164.12 1 0
github.com/sparkle/gateway/gen/userstate/v1/user_state.pb.go:1167.68,1168.14 1 0
github.com/sparkle/gateway/gen/userstate/v1/user_state.pb.go:1168.14,1170.3 1 0
github.com/sparkle/gateway/gen/userstate/v1/user_state.pb.go:1171.2,1171.12 1 0
github.com/sparkle/gateway/gen/userstate/v1/user_state.pb.go:1182.47,1187.2 4 0
github.com/sparkle/gateway/gen/userstate/v1/user_state.pb.go:1189.55,1191.2 1 0
github.com/sparkle/gateway/gen/userstate/v1/user_state.pb.go:1193.53,1193.54 0 0
github.com/sparkle/gateway/gen/userstate/v1/user_state.pb.go:1195.75,1197.14 2 0
github.com/sparkle/gateway/gen/userstate/v1/user_state.pb.go:1197.14,1199.34 2 0
github.com/sparkle/gateway/gen/userstate/v1/user_state.pb.go:1199.34,1201.4 1 0
github.com/sparkle/gateway/gen/userstate/v1/user_state.pb.go:1202.3,1202.12 1 0
github.com/sparkle/gateway/gen/userstate/v1/user_state.pb.go:1204.2,1204.24 1 0
github.com/sparkle/gateway/gen/userstate/v1/user_state.pb.go:1208.66,1210.2 1 0
github.com/sparkle/gateway/gen/userstate/v1/user_state.pb.go:1212.79,1213.14 1 0
github.com/sparkle/gateway/gen/userstate/v1/user_state.pb.go:1213.14,1215.3 1 0
github.com/sparkle/gateway/gen/userstate/v1/user_state.pb.go:1216.2,1216.12 1 0
github.com/sparkle/gateway/gen/userstate/v1/user_state.pb.go:1219.73,1220.14 1 0
github.com/sparkle/gateway/gen/userstate/v1/user_state.pb.go:1220.14,1222.3 1 0
github.com/sparkle/gateway/gen/userstate/v1/user_state.pb.go:1223.2,1223.12 1 0
github.com/sparkle/gateway/gen/userstate/v1/user_state.pb.go:1234.49,1239.2 4 0
github.com/sparkle/gateway/gen/userstate/v1/user_state.pb.go:1241.57,1243.2 1 0
github.com/sparkle/gateway/gen/userstate/v1/user_state.pb.go:1245.55,1245.56 0 0
github.com/sparkle/gateway/gen/userstate/v1/user_state.pb.go:1247.77,1249.14 2 0
github.com/sparkle/gateway/gen/userstate/v1/user_state.pb.go:1249.14,1251.34 2 0
github.com/sparkle/gateway/gen/userstate/v1/user_state.pb.go:1251.34,1253.4 1 0
github.com/sparkle/gateway/gen/userstate/v1/user_state.pb.go:1254.3,1254.12 1 0
github.com/sparkle/gateway/gen/userstate/v1/user_state.pb.go:1256.2,1256.24 1 0
github.com/sparkle/gateway/gen/userstate/v1/user_state.pb.go:1260.68,1262.2 1 0
github.com/sparkle/gateway/gen/userstate/v1/user_state.pb.go:1264.83,1265.14 1 0
github.com/sparkle/gateway/gen/userstate/v1/user_state.pb.go:1265.14,1267.3 1 0
github.com/sparkle/gateway/gen/userstate/v1/user_state.pb.go:1268.2,1268.12 1 0
github.com/sparkle/gateway/gen/userstate/v1/user_state.pb.go:1271.75,1272.14 1 0
github.com/sparkle/gateway/gen/userstate/v1/user_state.pb.go:1272.14,1274.3 1 0
github.com/sparkle/gateway/gen/userstate/v1/user_state.pb.go:1275.2,1275.12 1 0
github.com/sparkle/gateway/gen/userstate/v1/user_state.pb.go:1286.44,1291.2 4 0
github.com/sparkle/gateway/gen/userstate/v1/user_state.pb.go:1293.52,1295.2 1 0
github.com/sparkle/gateway/gen/userstate/v1/user_state.pb.go:1297.50,1297.51 0 0
github.com/sparkle/gateway/gen/userstate/v1/user_state.pb.go:1299.72,1301.14 2 0
github.com/sparkle/gateway/gen/userstate/v1/user_state.pb.go:1301.14,1303.34 2 0
github.com/sparkle/gateway/gen/userstate/v1/user_state.pb.go:1303.34,1305.4 1 0
github.com/sparkle/gateway/gen/userstate/v1/user_state.pb.go:1306.3,1306.12 1 0
github.com/sparkle/gateway/gen/userstate/v1/user_state.pb.go:1308.2,1308.24 1 0
github.com/sparkle/gateway/gen/userstate/v1/user_state.pb.go:1312.63,1314.2 1 0
github.com/sparkle/gateway/gen/userstate/v1/user_state.pb.go:1316.73,1317.14 1 0
github.com/sparkle/gateway/gen/userstate/v1/user_state.pb.go:1317.14,1319.3 1 0
github.com/sparkle/gateway/gen/userstate/v1/user_state.pb.go:1320.2,1320.12 1 0
github.com/sparkle/gateway/gen/userstate/v1/user_state.pb.go:1323.70,1324.14 1 0
github.com/sparkle/gateway/gen/userstate/v1/user_state.pb.go:1324.14,1326.3 1 0
github.com/sparkle/gateway/gen/userstate/v1/user_state.pb.go:1327.2,1327.12 1 0
github.com/sparkle/gateway/gen/userstate/v1/user_state.pb.go:1338.45,1343.2 4 0
github.com/sparkle/gateway/gen/userstate/v1/user_state.pb.go:1345.53,1347.2 1 0
github.com/sparkle/gateway/gen/userstate/v1/user_state.pb.go:1349.51,1349.52 0 0
github.com/sparkle/gateway/gen/userstate/v1/user_state.pb.go:1351.73,1353.14 2 0
github.com/sparkle/gateway/gen/userstate/v1/user_state.pb.go:1353.14,1355.34 2 0
github.com/sparkle/gateway/gen/userstate/v1/user_state.pb.go:1355.34,1357.4 1 0
github.com/sparkle/gateway/gen/userstate/v1/user_state.pb.go:1358.3,1358.12 1 0
github.com/sparkle/gateway/gen/userstate/v1/user_state.pb.go:1360.2,1360.24 1 0
github.com/sparkle/gateway/gen/userstate/v1/user_state.pb.go:1364.64,1366.2 1 0
github.com/sparkle/gateway/gen/userstate/v1/user_state.pb.go:1368.75,1369.14 1 0
github.com/sparkle/gateway/gen/userstate/v1/user_state.pb.go:1369.14,1371.3 1 0
github.com/sparkle/gateway/gen/userstate/v1/user_state.pb.go:1372.2,1372.12 1 0
github.com/sparkle/gateway/gen/userstate/v1/user_state.pb.go:1375.71,1376.14 1 0
github.com/sparkle/gateway/gen/userstate/v1/user_state.pb.go:1376.14,1378.3 1 0
github.com/sparkle/gateway/gen/userstate/v1/user_state.pb.go:1379.2,1379.12 1 0
github.com/sparkle/gateway/gen/userstate/v1/user_state.pb.go:1390.45,1395.2 4 0
github.com/sparkle/gateway/gen/userstate/v1/user_state.pb.go:1397.53,1399.2 1 0
github.com/sparkle/gateway/gen/userstate/v1/user_state.pb.go:1401.51,1401.52 0 0
github.com/sparkle/gateway/gen/userstate/v1/user_state.pb.go:1403.73,1405.14 2 0
github.com/sparkle/gateway/gen/userstate/v1/user_state.pb.go:1405.14,1407.34 2 0
github.com/sparkle/gateway/gen/userstate/v1/user_state.pb.go:1407.34,1409.4 1 0
github.com/sparkle/gateway/gen/userstate/v1/user_state.pb.go:1410.3,1410.12 1 0
github.com/sparkle/gateway/gen/userstate/v1/user_state.pb.go:1412.2,1412.24 1 0
github.com/sparkle/gateway/gen/userstate/v1/user_state.pb.go:1416.64,1418.2 1 0
github.com/sparkle/gateway/gen/userstate/v1/user_state.pb.go:1420.75,1421.14 1 0
github.com/sparkle/gateway/gen/userstate/v1/user_state.pb.go:1421.14,1423.3 1 0
github.com/sparkle/gateway/gen/userstate/v1/user_state.pb.go:1424.2,1424.12 1 0
github.com/sparkle/gateway/gen/userstate/v1/user_state.pb.go:1427.71,1428.14 1 0
github.com/sparkle/gateway/gen/userstate/v1/user_state.pb.go:1428.14,1430.3 1 0
github.com/sparkle/gateway/gen/userstate/v1/user_state.pb.go:1431.2,1431.12 1 0
github.com/sparkle/gateway/gen/userstate/v1/user_state.pb.go:1442.45,1447.2 4 0
github.com/sparkle/gateway/gen/userstate/v1/user_state.pb.go:1449.53,1451.2 1 0
github.com/sparkle/gateway/gen/userstate/v1/user_state.pb.go:1453.51,1453.52 0 0
github.com/sparkle/gateway/gen/userstate/v1/user_state.pb.go:1455.73,1457.14 2 0
github.com/sparkle/gateway/gen/userstate/v1/user_state.pb.go:1457.14,1459.34 2 0
github.com/sparkle/gateway/gen/userstate/v1/user_state.pb.go:1459.34,1461.4 1 0
github.com/sparkle/gateway/gen/userstate/v1/user_state.pb.go:1462.3,1462.12 1 0
github.com/sparkle/gateway/gen/userstate/v1/user_state.pb.go:1464.2,1464.24 1 0
github.com/sparkle/gateway/gen/userstate/v1/user_state.pb.go:1468.64,1470.2 1 0
github.com/sparkle/gateway/gen/userstate/v1/user_state.pb.go:1472.75,1473.14 1 0
github.com/sparkle/gateway/gen/userstate/v1/user_state.pb.go:1473.14,1475.3 1 0
github.com/sparkle/gateway/gen/userstate/v1/user_state.pb.go:1476.2,1476.12 1 0
github.com/sparkle/gateway/gen/userstate/v1/user_state.pb.go:1479.71,1480.14 1 0
github.com/sparkle/gateway/gen/userstate/v1/user_state.pb.go:1480.14,1482.3 1 0
github.com/sparkle/gateway/gen/userstate/v1/user_state.pb.go:1483.2,1483.12 1 0
github.com/sparkle/gateway/gen/userstate/v1/user_state.pb.go:1494.40,1499.2 4 0
github.com/sparkle/gateway/gen/userstate/v1/user_state.pb.go:1501.48,1503.2 1 0
github.com/sparkle/gateway/gen/userstate/v1/user_state.pb.go:1505.46,1505.47 0 0
github.com/sparkle/gateway/gen/userstate/v1/user_state.pb.go:1507.68,1509.14 2 0
github.com/sparkle/gateway/gen/userstate/v1/user_state.pb.go:1509.14,1511.34 2 0
github.com/sparkle/gateway/gen/userstate/v1/user_state.pb.go:1511.34,1513.4 1 0
github.com/sparkle/gateway/gen/userstate/v1/user_state.pb.go:1514.3,1514.12 1 0
github.com/sparkle/gateway/gen/userstate/v1/user_state.pb.go:1516.2,1516.24 1 0
github.com/sparkle/gateway/gen/userstate/v1/user_state.pb.go:1520.59,1522.2 1 0
github.com/sparkle/gateway/gen/userstate/v1/user_state.pb.go:1524.65,1525.14 1 0
github.com/sparkle/gateway/gen/userstate/v1/user_state.pb.go:1525.14,1527.3 1 0
github.com/sparkle/gateway/gen/userstate/v1/user_state.pb.go:1528.2,1528.12 1 0
github.com/sparkle/gateway/gen/userstate/v1/user_state.pb.go:1531.66,1532.14 1 0
github.com/sparkle/gateway/gen/userstate/v1/user_state.pb.go:1532.14,1534.3 1 0
github.com/sparkle/gateway/gen/userstate/v1/user_state.pb.go:1535.2,1535.12 1 0
github.com/sparkle/gateway/gen/userstate/v1/user_state.pb.go:1546.38,1551.2 4 0
github.com/sparkle/gateway/gen/userstate/v1/user_state.pb.go:1553.46,1555.2 1 0
github.com/sparkle/gateway/gen/userstate/v1/user_state.pb.go:1557.44,1557.45 0 0
github.com/sparkle/gateway/gen/userstate/v1/user_state.pb.go:1559.66,1561.14 2 0
github.com/sparkle/gateway/gen/userstate/v1/user_state.pb.go:1561.14,1563.34 2 0
github.com/sparkle/gateway/gen/userstate/v1/user_state.pb.go:1563.34,1565.4 1 0
github.com/sparkle/gateway/gen/userstate/v1/user_state.pb.go:1566.3,1566.12 1 0
github.com/sparkle/gateway/gen/userstate/v1/user_state.pb.go:1568.2,1568.24 1 0
github.com/sparkle/gateway/gen/userstate/v1/user_state.pb.go:1572.57,1574.2 1 0
github.com/sparkle/gateway/gen/userstate/v1/user_state.pb.go:1576.61,1577.14 1 0
github.com/sparkle/gateway/gen/userstate/v1/user_state.pb.go:1577.14,1579.3 1 0
github.com/sparkle/gateway/gen/userstate/v1/user_state.pb.go:1580.2,1580.12 1 0
github.com/sparkle/gateway/gen/userstate/v1/user_state.pb.go:1583.64,1584.14 1 0
github.com/sparkle/gateway/gen/userstate/v1/user_state.pb.go:1584.14,1586.3 1 0
github.com/sparkle/gateway/gen/userstate/v1/user_state.pb.go:1587.2,1587.12 1 0
github.com/sparkle/gateway/gen/userstate/v1/user_state.pb.go:1598.46,1603.2 4 0
github.com/sparkle/gateway/gen/userstate/v1/user_state.pb.go:1605.54,1607.2 1 0
github.com/sparkle/gateway/gen/userstate/v1/user_state.pb.go:1609.52,1609.53 0 0
github.com/sparkle/gateway/gen/userstate/v1/user_state.pb.go:1611.74,1613.14 2 0
github.com/sparkle/gateway/gen/userstate/v1/user_state.pb.go:1613.14,1615.34 2 0
github.com/sparkle/gateway/gen/userstate/v1/user_state.pb.go:1615.34,1617.4 1 0
github.com/sparkle/gateway/gen/userstate/v1/user_state.pb.go:1618.3,1618.12 1 0
github.com/sparkle/gateway/gen/userstate/v1/user_state.pb.go:1620.2,1620.24 1 0
github.com/sparkle/gateway/gen/userstate/v1/user_state.pb.go:1624.65,1626.2 1 0
github.com/sparkle/gateway/gen/userstate/v1/user_state.pb.go:1628.77,1629.14 1 0
github.com/sparkle/gateway/gen/userstate/v1/user_state.pb.go:1629.14,1631.3 1 0
github.com/sparkle/gateway/gen/userstate/v1/user_state.pb.go:1632.2,1632.12 1 0
github.com/sparkle/gateway/gen/userstate/v1/user_state.pb.go:1635.72,1636.14 1 0
github.com/sparkle/gateway/gen/userstate/v1/user_state.pb.go:1636.14,1638.3 1 0
github.com/sparkle/gateway/gen/userstate/v1/user_state.pb.go:1639.2,1639.12 1 0
github.com/sparkle/gateway/gen/userstate/v1/user_state.pb.go:1650.43,1655.2 4 0
github.com/sparkle/gateway/gen/userstate/v1/user_state.pb.go:1657.51,1659.2 1 0
github.com/sparkle/gateway/gen/userstate/v1/user_state.pb.go:1661.49,1661.50 0 0
github.com/sparkle/gateway/gen/userstate/v1/user_state.pb.go:1663.71,1665.14 2 0
github.com/sparkle/gateway/gen/userstate/v1/user_state.pb.go:1665.14,1667.34 2 0
github.com/sparkle/gateway/gen/userstate/v1/user_state.pb.go:1667.34,1669.4 1 0
github.com/sparkle/gateway/gen/userstate/v1/user_state.pb.go:1670.3,1670.12 1 0
github.com/sparkle/gateway/gen/userstate/v1/user_state.pb.go:1672.2,1672.24 1 0
github.com/sparkle/gateway/gen/userstate/v1/user_state.pb.go:1676.62,1678.2 1 0
github.com/sparkle/gateway/gen/userstate/v1/user_state.pb.go:1680.71,1681.14 1 0
github.com/sparkle/gateway/gen/userstate/v1/user_state.pb.go:1681.14,1683.3 1 0
github.com/sparkle/gateway/gen/userstate/v1/user_state.pb.go:1684.2,1684.12 1 0
github.com/sparkle/gateway/gen/userstate/v1/user_state.pb.go:1687.69,1688.14 1 0
github.com/sparkle/gateway/gen/userstate/v1/user_state.pb.go:1688.14,1690.3 1 0
github.com/sparkle/gateway/gen/userstate/v1/user_state.pb.go:1691.2,1691.12 1 0
github.com/sparkle/gateway/gen/userstate/v1/user_state.pb.go:1702.40,1707.2 4 0
github.com/sparkle/gateway/gen/userstate/v1/user_state.pb.go:1709.48,1711.2 1 0
github.com/sparkle/gateway/gen/userstate/v1/user_state.pb.go:1713.46,1713.47 0 0
github.com/sparkle/gateway/gen/userstate/v1/user_state.pb.go:1715.68,1717.14 2 0
github.com/sparkle/gateway/gen/userstate/v1/user_state.pb.go:1717.14,1719.34 2 0
github.com/sparkle/gateway/gen/userstate/v1/user_state.pb.go:1719.34,1721.4 1 0
github.com/sparkle/gateway/gen/userstate/v1/user_state.pb.go:1722.3,1722.12 1 0
github.com/sparkle/gateway/gen/userstate/v1/user_state.pb.go:1724.2,1724.24 1 0
github.com/sparkle/gateway/gen/userstate/v1/user_state.pb.go:1728.59,1730.2 1 0
github.com/sparkle/gateway/gen/userstate/v1/user_state.pb.go:1732.65,1733.14 1 0
github.com/sparkle/gateway/gen/userstate/v1/user_state.pb.go:1733.14,1735.3 1 0
github.com/sparkle/gateway/gen/userstate/v1/user_state.pb.go:1736.2,1736.12 1 0
github.com/sparkle/gateway/gen/userstate/v1/user_state.pb.go:1739.66,1740.14 1 0
github.com/sparkle/gateway/gen/userstate/v1/user_state.pb.go:1740.14,1742.3 1 0
github.com/sparkle/gateway/gen/userstate/v1/user_state.pb.go:1743.2,1743.12 1 0
github.com/sparkle/gateway/gen/userstate/v1/user_state.pb.go:1754.43,1759.2 4 0
github.com/sparkle/gateway/gen/userstate/v1/user_state.pb.go:1761.51,1763.2 1 0
github.com/sparkle/gateway/gen/userstate/v1/user_state.pb.go:1765.49,1765.50 0 0
github.com/sparkle/gateway/gen/userstate/v1/user_state.pb.go:1767.71,1769.14 2 0
github.com/sparkle/gateway/gen/userstate/v1/user_state.pb.go:1769.14,1771.34 2 0
github.com/sparkle/gateway/gen/userstate/v1/user_state.pb.go:1771.34,1773.4 1 0
github.com/sparkle/gateway/gen/userstate/v1/user_state.pb.go:1774.3,1774.12 1 0
github.com/sparkle/gateway/gen/userstate/v1/user_state.pb.go:1776.2,1776.24 1 0
github.com/sparkle/gateway/gen/userstate/v1/user_state.pb.go:1780.62,1782.2 1 0
github.com/sparkle/gateway/gen/userstate/v1/user_state.pb.go:1784.54,1785.14 1 0
github.com/sparkle/gateway/gen/userstate/v1/user_state.pb.go:1785.14,1787.3 1 0
github.com/sparkle/gateway/gen/userstate/v1/user_state.pb.go:1788.2,1788.10 1 0
github.com/sparkle/gateway/gen/userstate/v1/user_state.pb.go:1791.70,1792.14 1 0
github.com/sparkle/gateway/gen/userstate/v1/user_state.pb.go:1792.14,1794.3 1 0
github.com/sparkle/gateway/gen/userstate/v1/user_state.pb.go:1795.2,1795.12 1 0
github.com/sparkle/gateway/gen/userstate/v1/user_state.pb.go:1806.43,1811.2 4 0
github.com/sparkle/gateway/gen/userstate/v1/user_state.pb.go:1813.51,1815.2 1 0
github.com/sparkle/gateway/gen/userstate/v1/user_state.pb.go:1817.49,1817.50 0 0
github.com/sparkle/gateway/gen/userstate/v1/user_state.pb.go:1819.71,1821.14 2 0
github.com/sparkle/gateway/gen/userstate/v1/user_state.pb.go:1821.14,1823.34 2 0
github.com/sparkle/gateway/gen/userstate/v1/user_state.pb.go:1823.34,1825.4 1 0
github.com/sparkle/gateway/gen/userstate/v1/user_state.pb.go:1826.3,1826.12 1 0
github.com/sparkle/gateway/gen/userstate/v1/user_state.pb.go:1828.2,1828.24 1 0
github.com/sparkle/gateway/gen/userstate/v1/user_state.pb.go:1832.62,1834.2 1 0
github.com/sparkle/gateway/gen/userstate/v1/user_state.pb.go:1836.71,1837.14 1 0
github.com/sparkle/gateway/gen/userstate/v1/user_state.pb.go:1837.14,1839.3 1 0
github.com/sparkle/gateway/gen/userstate/v1/user_state.pb.go:1840.2,1840.12 1 0
github.com/sparkle/gateway/gen/userstate/v1/user_state.pb.go:1843.69,1844.14 1 0
github.com/sparkle/gateway/gen/userstate/v1/user_state.pb.go:1844.14,1846.3 1 0
github.com/sparkle/gateway/gen/userstate/v1/user_state.pb.go:1847.2,1847.12 1 0
github.com/sparkle/gateway/gen/userstate/v1/user_state.pb.go:1859.47,1864.2 4 0
github.com/sparkle/gateway/gen/userstate/v1/user_state.pb.go:1866.55,1868.2 1 0
github.com/sparkle/gateway/gen/userstate/v1/user_state.pb.go:1870.53,1870.54 0 0
github.com/sparkle/gateway/gen/userstate/v1/user_state.pb.go:1872.75,1874.14 2 0
github.com/sparkle/gateway/gen/userstate/v1/user_state.pb.go:1874.14,1876.34 2 0
github.com/sparkle/gateway/gen/userstate/v1/user_state.pb.go:1876.34,1878.4 1 0
github.com/sparkle/gateway/gen/userstate/v1/user_state.pb.go:1879.3,1879.12 1 0
github.com/sparkle/gateway/gen/userstate/v1/user_state.pb.go:1881.2,1881.24 1 0
github.com/sparkle/gateway/gen/userstate/v1/user_state.pb.go:1885.66,1887.2 1 0
github.com/sparkle/gateway/gen/userstate/v1/user_state.pb.go:1889.59,1890.14 1 0
github.com/sparkle/gateway/gen/userstate/v1/user_state.pb.go:1890.14,1892.3 1 0
github.com/sparkle/gateway/gen/userstate/v1/user_state.pb.go:1893.2,1893.11 1 0
github.com/sparkle/gateway/gen/userstate/v1/user_state.pb.go:1896.56,1897.14 1 0
github.com/sparkle/gateway/gen/userstate/v1/user_state.pb.go:1897.14,1899.3 1 0
github.com/sparkle/gateway/gen/userstate/v1/user_state.pb.go:1900.2,1900.11 1 0
github.com/sparkle/gateway/gen/userstate/v1/user_state.pb.go:1903.73,1904.14 1 0
github.com/sparkle/gateway/gen/userstate/v1/user_state.pb.go:1904.14,1906.3 1 0
github.com/sparkle/gateway/gen/userstate/v1/user_state.pb.go:1907.2,1907.10 1 0
github.com/sparkle/gateway/gen/userstate/v1/user_state.pb.go:1917.44,1922.2 4 0
github.com/sparkle/gateway/gen/userstate/v1/user_state.pb.go:1924.52,1926.2 1 0
github.com/sparkle/gateway/gen/userstate/v1/user_state.pb.go:1928.50,1928.51 0 0
github.com/sparkle/gateway/gen/userstate/v1/user_state.pb.go:1930.72,1932.14 2 0
github.com/sparkle/gateway/gen/userstate/v1/user_state.pb.go:1932.14,1934.34 2 0
github.com/sparkle/gateway/gen/userstate/v1/user_state.pb.go:1934.34,1936.4 1 0
github.com/sparkle/gateway/gen/userstate/v1/user_state.pb.go:1937.3,1937.12 1 0
github.com/sparkle/gateway/gen/userstate/v1/user_state.pb.go:1939.2,1939.24 1 0
github.com/sparkle/gateway/gen/userstate/v1/user_state.pb.go:1943.63,1945.2 1 0
github.com/sparkle/gateway/gen/userstate/v1/user_state.pb.go:1947.78,1948.14 1 0
github.com/sparkle/gateway/gen/userstate/v1/user_state.pb.go:1948.14,1950.3 1 0
github.com/sparkle/gateway/gen/userstate/v1/user_state.pb.go:1951.2,1951.12 1 0
github.com/sparkle/gateway/gen/userstate/v1/user_state.pb.go:1962.44,1967.2 4 0
github.com/sparkle/gateway/gen/userstate/v1/user_state.pb.go:1969.52,1971.2 1 0
github.com/sparkle/gateway/gen/userstate/v1/user_state.pb.go:1973.50,1973.51 0 0
github.com/sparkle/gateway/gen/userstate/v1/user_state.pb.go:1975.72,1977.14 2 0
github.com/sparkle/gateway/gen/userstate/v1/user_state.pb.go:1977.14,1979.34 2 0
github.com/sparkle/gateway/gen/userstate/v1/user_state.pb.go:1979.34,1981.4 1 0
github.com/sparkle/gateway/gen/userstate/v1/user_state.pb.go:1982.3,1982.12 1 0
github.com/sparkle/gateway/gen/userstate/v1/user_state.pb.go:1984.2,1984.24 1 0
github.com/sparkle/gateway/gen/userstate/v1/user_state.pb.go:1988.63,1990.2 1 0
github.com/sparkle/gateway/gen/userstate/v1/user_state.pb.go:1992.73,1993.14 1 0
github.com/sparkle/gateway/gen/userstate/v1/user_state.pb.go:1993.14,1995.3 1 0
github.com/sparkle/gateway/gen/userstate/v1/user_state.pb.go:1996.2,1996.12 1 0
github.com/sparkle/gateway/gen/userstate/v1/user_state.pb.go:1999.70,2000.14 1 0
github.com/sparkle/gateway/gen/userstate/v1/user_state.pb.go:2000.14,2002.3 1 0
github.com/sparkle/gateway/gen/userstate/v1/user_state.pb.go:2003.2,2003.12 1 0
github.com/sparkle/gateway/gen/userstate/v1/user_state.pb.go:2016.53,2021.2 4 0
github.com/sparkle/gateway/gen/userstate/v1/user_state.pb.go:2023.61,2025.2 1 0
github.com/sparkle/gateway/gen/userstate/v1/user_state.pb.go:2027.59,2027.60 0 0
github.com/sparkle/gateway/gen/userstate/v1/user_state.pb.go:2029.81,2031.14 2 0
github.com/sparkle/gateway/gen/userstate/v1/user_state.pb.go:2031.14,2033.34 2 0
github.com/sparkle/gateway/gen/userstate/v1/user_state.pb.go:2033.34,2035.4 1 0
github.com/sparkle/gateway/gen/userstate/v1/user_state.pb.go:2036.3,2036.12 1 0
github.com/sparkle/gateway/gen/userstate/v1/user_state.pb.go:2038.2,2038.24 1 0
github.com/sparkle/gateway/gen/userstate/v1/user_state.pb.go:2042.72,2044.2 1 0
github.com/sparkle/gateway/gen/userstate/v1/user_state.pb.go:2046.71,2047.14 1 0
github.com/sparkle/gateway/gen/userstate/v1/user_state.pb.go:2047.14,2049.3 1 0
github.com/sparkle/gateway/gen/userstate/v1/user_state.pb.go:2050.2,2050.11 1 0
github.com/sparkle/gateway/gen/userstate/v1/user_state.pb.go:2053.62,2054.14 1 0
github.com/sparkle/gateway/gen/userstate/v1/user_state.pb.go:2054.14,2056.3 1 0
github.com/sparkle/gateway/gen/userstate/v1/user_state.pb.go:2057.2,2057.11 1 0
github.com/sparkle/gateway/gen/userstate/v1/user_state.pb.go:2060.64,2061.14 1 0
github.com/sparkle/gateway/gen/userstate/v1/user_state.pb.go:2061.14,2063.3 1 0
github.com/sparkle/gateway/gen/userstate/v1/user_state.pb.go:2064.2,2064.11 1 0
github.com/sparkle/gateway/gen/userstate/v1/user_state.pb.go:2067.84,2068.14 1 0
github.com/sparkle/gateway/gen/userstate/v1/user_state.pb.go:2068.14,2070.3 1 0
github.com/sparkle/gateway/gen/userstate/v1/user_state.pb.go:2071.2,2071.12 1 0
github.com/sparkle/gateway/gen/userstate/v1/user_state.pb.go:2083.55,2088.2 4 0
github.com/sparkle/gateway/gen/userstate/v1/user_state.pb.go:2090.63,2092.2 1 0
github.com/sparkle/gateway/gen/userstate/v1/user_state.pb.go:2094.61,2094.62 0 0
github.com/sparkle/gateway/gen/userstate/v1/user_state.pb.go:2096.83,2098.14 2 0
github.com/sparkle/gateway/gen/userstate/v1/user_state.pb.go:2098.14,2100.34 2 0
github.com/sparkle/gateway/gen/userstate/v1/user_state.pb.go:2100.34,2102.4 1 0
github.com/sparkle/gateway/gen/userstate/v1/user_state.pb.go:2103.3,2103.12 1 0
github.com/sparkle/gateway/gen/userstate/v1/user_state.pb.go:2105.2,2105.24 1 0
github.com/sparkle/gateway/gen/userstate/v1/user_state.pb.go:2109.74,2111.2 1 0
github.com/sparkle/gateway/gen/userstate/v1/user_state.pb.go:2113.73,2114.14 1 0
github.com/sparkle/gateway/gen/userstate/v1/user_state.pb.go:2114.14,2116.3 1 0
github.com/sparkle/gateway/gen/userstate/v1/user_state.pb.go:2117.2,2117.11 1 0
github.com/sparkle/gateway/gen/userstate/v1/user_state.pb.go:2120.64,2121.14 1 0
github.com/sparkle/gateway/gen/userstate/v1/user_state.pb.go:2121.14,2123.3 1 0
github.com/sparkle/gateway/gen/userstate/v1/user_state.pb.go:2124.2,2124.11 1 0
github.com/sparkle/gateway/gen/userstate/v1/user_state.pb.go:2127.69,2128.14 1 0
github.com/sparkle/gateway/gen/userstate/v1/user_state.pb.go:2128.14,2130.3 1 0
github.com/sparkle/gateway/gen/userstate/v1/user_state.pb.go:2131.2,2131.10 1 0
github.com/sparkle/gateway/gen/userstate/v1/user_state.pb.go:2143.43,2148.2 4 0
github.com/sparkle/gateway/gen/userstate/v1/user_state.pb.go:2150.51,2152.2 1 0
github.com/sparkle/gateway/gen/userstate/v1/user_state.pb.go:2154.49,2154.50 0 0
github.com/sparkle/gateway/gen/userstate/v1/user_state.pb.go:2156.71,2158.14 2 0
github.com/sparkle/gateway/gen/userstate/v1/user_state.pb.go:2158.14,2160.34 2 0
github.com/sparkle/gateway/gen/userstate/v1/user_state.pb.go:2160.34,2162.4 1 0
github.com/sparkle/gateway/gen/userstate/v1/user_state.pb.go:2163.3,2163.12 1 0
github.com/sparkle/gateway/gen/userstate/v1/user_state.pb.go:2165.2,2165.24 1 0
github.com/sparkle/gateway/gen/userstate/v1/user_state.pb.go:2169.62,2171.2 1 0
github.com/sparkle/gateway/gen/userstate/v1/user_state.pb.go:2173.91,2174.14 1 0
github.com/sparkle/gateway/gen/userstate/v1/user_state.pb.go:2174.14,2176.3 1 0
github.com/sparkle/gateway/gen/userstate/v1/user_state.pb.go:2177.2,2177.12 1 0
github.com/sparkle/gateway/gen/userstate/v1/user_state.pb.go:2180.102,2181.14 1 0
github.com/sparkle/gateway/gen/userstate/v1/user_state.pb.go:2181.14,2183.3 1 0
github.com/sparkle/gateway/gen/userstate/v1/user_state.pb.go:2184.2,2184.12 1 0
github.com/sparkle/gateway/gen/userstate/v1/user_state.pb.go:2187.70,2188.14 1 0
github.com/sparkle/gateway/gen/userstate/v1/user_state.pb.go:2188.14,2190.3 1 0
github.com/sparkle/gateway/gen/userstate/v1/user_state.pb.go:2191.2,2191.10 1 0
github.com/sparkle/gateway/gen/userstate/v1/user_state.pb.go:2202.43,2207.2 4 0
github.com/sparkle/gateway/gen/userstate/v1/user_state.pb.go:2209.51,2211.2 1 0
github.com/sparkle/gateway/gen/userstate/v1/user_state.pb.go:2213.49,2213.50 0 0
github.com/sparkle/gateway/gen/userstate/v1/user_state.pb.go:2215.71,2217.14 2 0
github.com/sparkle/gateway/gen/userstate/v1/user_state.pb.go:2217.14,2219.34 2 0
github.com/sparkle/gateway/gen/userstate/v1/user_state.pb.go:2219.34,2221.4 1 0
github.com/sparkle/gateway/gen/userstate/v1/user_state.pb.go:2222.3,2222.12 1 0
github.com/sparkle/gateway/gen/userstate/v1/user_state.pb.go:2224.2,2224.24 1 0
github.com/sparkle/gateway/gen/userstate/v1/user_state.pb.go:2228.62,2230.2 1 0
github.com/sparkle/gateway/gen/userstate/v1/user_state.pb.go:2232.71,2233.14 1 0
github.com/sparkle/gateway/gen/userstate/v1/user_state.pb.go:2233.14,2235.3 1 0
github.com/sparkle/gateway/gen/userstate/v1/user_state.pb.go:2236.2,2236.12 1 0
github.com/sparkle/gateway/gen/userstate/v1/user_state.pb.go:2239.69,2240.14 1 0
github.com/sparkle/gateway/gen/userstate/v1/user_state.pb.go:2240.14,2242.3 1 0
github.com/sparkle/gateway/gen/userstate/v1/user_state.pb.go:2243.2,2243.12 1 0
github.com/sparkle/gateway/gen/userstate/v1/user_state.pb.go:2256.45,2261.2 4 0
github.com/sparkle/gateway/gen/userstate/v1/user_state.pb.go:2263.53,2265.2 1 0
github.com/sparkle/gateway/gen/userstate/v1/user_state.pb.go:2267.51,2267.52 0 0
github.com/sparkle/gateway/gen/userstate/v1/user_state.pb.go:2269.73,2271.14 2 0
github.com/sparkle/gateway/gen/userstate/v1/user_state.pb.go:2271.14,2273.34 2 0
github.com/sparkle/gateway/gen/userstate/v1/user_state.pb.go:2273.34,2275.4 1 0
github.com/sparkle/gateway/gen/userstate/v1/user_state.pb.go:2276.3,2276.12 1 0
github.com/sparkle/gateway/gen/userstate/v1/user_state.pb.go:2278.2,2278.24 1 0
github.com/sparkle/gateway/gen/userstate/v1/user_state.pb.go:2282.64,2284.2 1 0
github.com/sparkle/gateway/gen/userstate/v1/user_state.pb.go:2286.55,2287.14 1 0
github.com/sparkle/gateway/gen/userstate/v1/user_state.pb.go:2287.14,2289.3 1 0
github.com/sparkle/gateway/gen/userstate/v1/user_state.pb.go:2290.2,2290.11 1 0
github.com/sparkle/gateway/gen/userstate/v1/user_state.pb.go:2293.75,2294.14 1 0
github.com/sparkle/gateway/gen/userstate/v1/user_state.pb.go:2294.14,2296.3 1 0
github.com/sparkle/gateway/gen/userstate/v1/user_state.pb.go:2297.2,2297.12 1 0
github.com/sparkle/gateway/gen/userstate/v1/user_state.pb.go:2300.73,2301.14 1 0
github.com/sparkle/gateway/gen/userstate/v1/user_state.pb.go:2301.14,2303.3 1 0
github.com/sparkle/gateway/gen/userstate/v1/user_state.pb.go:2304.2,2304.12 1 0
github.com/sparkle/gateway/gen/userstate/v1/user_state.pb.go:2307.56,2308.14 1 0
github.com/sparkle/gateway/gen/userstate/v1/user_state.pb.go:2308.14,2310.3 1 0
github.com/sparkle/gateway/gen/userstate/v1/user_state.pb.go:2311.2,2311.11 1 0
github.com/sparkle/gateway/gen/userstate/v1/user_state.pb.go:2322.46,2327.2 4 0
github.com/sparkle/gateway/gen/userstate/v1/user_state.pb.go:2329.54,2331.2 1 0
github.com/sparkle/gateway/gen/userstate/v1/user_state.pb.go:2333.52,2333.53 0 0
github.com/sparkle/gateway/gen/userstate/v1/user_state.pb.go:2335.74,2337.14 2 0
github.com/sparkle/gateway/gen/userstate/v1/user_state.pb.go:2337.14,2339.34 2 0
github.com/sparkle/gateway/gen/userstate/v1/user_state.pb.go:2339.34,2341.4 1 0
github.com/sparkle/gateway/gen/userstate/v1/user_state.pb.go:2342.3,2342.12 1 0
github.com/sparkle/gateway/gen/userstate/v1/user_state.pb.go:2344.2,2344.24 1 0
github.com/sparkle/gateway/gen/userstate/v1/user_state.pb.go:2348.65,2350.2 1 0
github.com/sparkle/gateway/gen/userstate/v1/user_state.pb.go:2352.56,2353.14 1 0
github.com/sparkle/gateway/gen/userstate/v1/user_state.pb.go:2353.14,2355.3 1 0
github.com/sparkle/gateway/gen/userstate/v1/user_state.pb.go:2356.2,2356.11 1 0
github.com/sparkle/gateway/gen/userstate/v1/user_state.pb.go:2359.54,2360.14 1 0
github.com/sparkle/gateway/gen/userstate/v1/user_state.pb.go:2360.14,2362.3 1 0
github.com/sparkle/gateway/gen/userstate/v1/user_state.pb.go:2363.2,2363.11 1 0
github.com/sparkle/gateway/gen/userstate/v1/user_state.pb.go:2376.40,2381.2 4 0
github.com/sparkle/gateway/gen/userstate/v1/user_state.pb.go:2383.48,2385.2 1 0
github.com/sparkle/gateway/gen/userstate/v1/user_state.pb.go:2387.46,2387.47 0 0
github.com/sparkle/gateway/gen/userstate/v1/user_state.pb.go:2389.68,2391.14 2 0
github.com/sparkle/gateway/gen/userstate/v1/user_state.pb.go:2391.14,2393.34 2 0
github.com/sparkle/gateway/gen/userstate/v1/user_state.pb.go:2393.34,2395.4 1 0
github.com/sparkle/gateway/gen/userstate/v1/user_state.pb.go:2396.3,2396.12 1 0
github.com/sparkle/gateway/gen/userstate/v1/user_state.pb.go:2398.2,2398.24 1 0
github.com/sparkle/gateway/gen/userstate/v1/user_state.pb.go:2402.59,2404.2 1 0
github.com/sparkle/gateway/gen/userstate/v1/user_state.pb.go:2406.84,2407.14 1 0
github.com/sparkle/gateway/gen/userstate/v1/user_state.pb.go:2407.14,2409.3 1 0
github.com/sparkle/gateway/gen/userstate/v1/user_state.pb.go:2410.2,2410.12 1 0
github.com/sparkle/gateway/gen/userstate/v1/user_state.pb.go:2413.83,2414.14 1 0
github.com/sparkle/gateway/gen/userstate/v1/user_state.pb.go:2414.14,2416.3 1 0
github.com/sparkle/gateway/gen/userstate/v1/user_state.pb.go:2417.2,2417.12 1 0
github.com/sparkle/gateway/gen/userstate/v1/user_state.pb.go:2420.60,2421.14 1 0
github.com/sparkle/gateway/gen/userstate/v1/user_state.pb.go:2421.14,2423.3 1 0
github.com/sparkle/gateway/gen/userstate/v1/user_state.pb.go:2424.2,2424.11 1 0
github.com/sparkle/gateway/gen/userstate/v1/user_state.pb.go:2427.66,2428.14 1 0
github.com/sparkle/gateway/gen/userstate/v1/user_state.pb.go:2428.14,2430.3 1 0
github.com/sparkle/gateway/gen/userstate/v1/user_state.pb.go:2431.2,2431.12 1 0
github.com/sparkle/gateway/gen/userstate/v1/user_state.pb.go:2442.40,2447.2 4 0
github.com/sparkle/gateway/gen/userstate/v1/user_state.pb.go:2449.48,2451.2 1 0
github.com/sparkle/gateway/gen/userstate/v1/user_state.pb.go:2453.46,2453.47 0 0
github.com/sparkle/gateway/gen/userstate/v1/user_state.pb.go:2455.68,2457.14 2 0
github.com/sparkle/gateway/gen/userstate/v1/user_state.pb.go:2457.14,2459.34 2 0
github.com/sparkle/gateway/gen/userstate/v1/user_state.pb.go:2459.34,2461.4 1 0
github.com/sparkle/gateway/gen/userstate/v1/user_state.pb.go:2462.3,2462.12 1 0
github.com/sparkle/gateway/gen/userstate/v1/user_state.pb.go:2464.2,2464.24 1 0
github.com/sparkle/gateway/gen/userstate/v1/user_state.pb.go:2468.59,2470.2 1 0
github.com/sparkle/gateway/gen/userstate/v1/user_state.pb.go:2472.65,2473.14 1 0
github.com/sparkle/gateway/gen/userstate/v1/user_state.pb.go:2473.14,2475.3 1 0
github.com/sparkle/gateway/gen/userstate/v1/user_state.pb.go:2476.2,2476.12 1 0
github.com/sparkle/gateway/gen/userstate/v1/user_state.pb.go:2479.66,2480.14 1 0
github.com/sparkle/gateway/gen/userstate/v1/user_state.pb.go:2480.14,2482.3 1 0
github.com/sparkle/gateway/gen/userstate/v1/user_state.pb.go:2483.2,2483.12 1 0
github.com/sparkle/gateway/gen/userstate/v1/user_state.pb.go:2496.54,2501.2 4 0
github.com/sparkle/gateway/gen/userstate/v1/user_state.pb.go:2503.62,2505.2 1 0
github.com/sparkle/gateway/gen/userstate/v1/user_state.pb.go:2507.60,2507.61 0 0
github.com/sparkle/gateway/gen/userstate/v1/user_state.pb.go:2509.82,2511.14 2 0
github.com/sparkle/gateway/gen/userstate/v1/user_state.pb.go:2511.14,2513.34 2 0
github.com/sparkle/gateway/gen/userstate/v1/user_state.pb.go:2513.34,2515.4 1 0
github.com/sparkle/gateway/gen/userstate/v1/user_state.pb.go:2516.3,2516.12 1 0
github.com/sparkle/gateway/gen/userstate/v1/user_state.pb.go:2518.2,2518.24 1 0
github.com/sparkle/gateway/gen/userstate/v1/user_state.pb.go:2522.73,2524.2 1 0
github.com/sparkle/gateway/gen/userstate/v1/user_state.pb.go:2526.62,2527.14 1 0
github.com/sparkle/gateway/gen/userstate/v1/user_state.pb.go:2527.14,2529.3 1 0
github.com/sparkle/gateway/gen/userstate/v1/user_state.pb.go:2530.2,2530.11 1 0
github.com/sparkle/gateway/gen/userstate/v1/user_state.pb.go:2533.68,2534.14 1 0
github.com/sparkle/gateway/gen/userstate/v1/user_state.pb.go:2534.14,2536.3 1 0
github.com/sparkle/gateway/gen/userstate/v1/user_state.pb.go:2537.2,2537.10 1 0
github.com/sparkle/gateway/gen/userstate/v1/user_state.pb.go:2540.68,2541.14 1 0
github.com/sparkle/gateway/gen/userstate/v1/user_state.pb.go:2541.14,2543.3 1 0
github.com/sparkle/gateway/gen/userstate/v1/user_state.pb.go:2544.2,2544.10 1 0
github.com/sparkle/gateway/gen/userstate/v1/user_state.pb.go:2547.64,2548.14 1 0
github.com/sparkle/gateway/gen/userstate/v1/user_state.pb.go:2548.14,2550.3 1 0
github.com/sparkle/gateway/gen/userstate/v1/user_state.pb.go:2551.2,2551.11 1 0
github.com/sparkle/gateway/gen/userstate/v1/user_state.pb.go:2561.52,2566.2 4 0
github.com/sparkle/gateway/gen/userstate/v1/user_state.pb.go:2568.60,2570.2 1 0
github.com/sparkle/gateway/gen/userstate/v1/user_state.pb.go:2572.58,2572.59 0 0
github.com/sparkle/gateway/gen/userstate/v1/user_state.pb.go:2574.80,2576.14 2 0
github.com/sparkle/gateway/gen/userstate/v1/user_state.pb.go:2576.14,2578.34 2 0
github.com/sparkle/gateway/gen/userstate/v1/user_state.pb.go:2578.34,2580.4 1 0
github.com/sparkle/gateway/gen/userstate/v1/user_state.pb.go:2581.3,2581.12 1 0
github.com/sparkle/gateway/gen/userstate/v1/user_state.pb.go:2583.2,2583.24 1 0
github.com/sparkle/gateway/gen/userstate/v1/user_state.pb.go:2587.71,2589.2 1 0
github.com/sparkle/gateway/gen/userstate/v1/user_state.pb.go:2591.93,2592.14 1 0
github.com/sparkle/gateway/gen/userstate/v1/user_state.pb.go:2592.14,2594.3 1 0
github.com/sparkle/gateway/gen/userstate/v1/user_state.pb.go:2595.2,2595.12 1 0
github.com/sparkle/gateway/gen/userstate/v1/user_state.pb.go:2606.45,2611.2 4 0
github.com/sparkle/gateway/gen/userstate/v1/user_state.pb.go:2613.53,2615.2 1 0
github.com/sparkle/gateway/gen/userstate/v1/user_state.pb.go:2617.51,2617.52 0 0
github.com/sparkle/gateway/gen/userstate/v1/user_state.pb.go:2619.73,2621.14 2 0
github.com/sparkle/gateway/gen/userstate/v1/user_state.pb.go:2621.14,2623.34 2 0
github.com/sparkle/gateway/gen/userstate/v1/user_state.pb.go:2623.34,2625.4 1 0
github.com/sparkle/gateway/gen/userstate/v1/user_state.pb.go:2626.3,2626.12 1 0
github.com/sparkle/gateway/gen/userstate/v1/user_state.pb.go:2628.2,2628.24 1 0
github.com/sparkle/gateway/gen/userstate/v1/user_state.pb.go:2632.64,2634.2 1 0
github.com/sparkle/gateway/gen/userstate/v1/user_state.pb.go:2636.82,2637.14 1 0
github.com/sparkle/gateway/gen/userstate/v1/user_state.pb.go:2637.14,2639.3 1 0
github.com/sparkle/gateway/gen/userstate/v1/user_state.pb.go:2640.2,2640.12 1 0
github.com/sparkle/gateway/gen/userstate/v1/user_state.pb.go:2643.71,2644.14 1 0
github.com/sparkle/gateway/gen/userstate/v1/user_state.pb.go:2644.14,2646.3 1 0
github.com/sparkle/gateway/gen/userstate/v1/user_state.pb.go:2647.2,2647.12 1 0
github.com/sparkle/gateway/gen/userstate/v1/user_state.pb.go:2668.40,2673.2 4 0
github.com/sparkle/gateway/gen/userstate/v1/user_state.pb.go:2675.48,2677.2 1 0
github.com/sparkle/gateway/gen/userstate/v1/user_state.pb.go:2679.46,2679.47 0 0
github.com/sparkle/gateway/gen/userstate/v1/user_state.pb.go:2681.68,2683.14 2 0
github.com/sparkle/gateway/gen/userstate/v1/user_state.pb.go:2683.14,2685.34 2 0
github.com/sparkle/gateway/gen/userstate/v1/user_state.pb.go:2685.34,2687.4 1 0
github.com/sparkle/gateway/gen/userstate/v1/user_state.pb.go:2688.3,2688.12 1 0
github.com/sparkle/gateway/gen/userstate/v1/user_state.pb.go:2690.2,2690.24 1 0
github.com/sparkle/gateway/gen/userstate/v1/user_state.pb.go:2694.59,2696.2 1 0
github.com/sparkle/gateway/gen/userstate/v1/user_state.pb.go:2698.52,2699.14 1 0
github.com/sparkle/gateway/gen/userstate/v1/user_state.pb.go:2699.14,2701.3 1 0
github.com/sparkle/gateway/gen/userstate/v1/user_state.pb.go:2702.2,2702.11 1 0
github.com/sparkle/gateway/gen/userstate/v1/user_state.pb.go:2705.49,2706.14 1 0
github.com/sparkle/gateway/gen/userstate/v1/user_state.pb.go:2706.14,2708.3 1 0
github.com/sparkle/gateway/gen/userstate/v1/user_state.pb.go:2709.2,2709.11 1 0
github.com/sparkle/gateway/gen/userstate/v1/user_state.pb.go:2712.49,2713.14 1 0
github.com/sparkle/gateway/gen/userstate/v1/user_state.pb.go:2713.14,2715.3 1 0
github.com/sparkle/gateway/gen/userstate/v1/user_state.pb.go:2716.2,2716.11 1 0
github.com/sparkle/gateway/gen/userstate/v1/user_state.pb.go:2719.57,2720.14 1 0
github.com/sparkle/gateway/gen/userstate/v1/user_state.pb.go:2720.14,2722.3 1 0
github.com/sparkle/gateway/gen/userstate/v1/user_state.pb.go:2723.2,2723.10 1 0
github.com/sparkle/gateway/gen/userstate/v1/user_state.pb.go:2726.52,2727.14 1 0
github.com/sparkle/gateway/gen/userstate/v1/user_state.pb.go:2727.14,2729.3 1 0
github.com/sparkle/gateway/gen/userstate/v1/user_state.pb.go:2730.2,2730.10 1 0
github.com/sparkle/gateway/gen/userstate/v1/user_state.pb.go:2733.56,2734.14 1 0
github.com/sparkle/gateway/gen/userstate/v1/user_state.pb.go:2734.14,2736.3 1 0
github.com/sparkle/gateway/gen/userstate/v1/user_state.pb.go:2737.2,2737.10 1 0
github.com/sparkle/gateway/gen/userstate/v1/user_state.pb.go:2740.54,2741.14 1 0
github.com/sparkle/gateway/gen/userstate/v1/user_state.pb.go:2741.14,2743.3 1 0
github.com/sparkle/gateway/gen/userstate/v1/user_state.pb.go:2744.2,2744.11 1 0
github.com/sparkle/gateway/gen/userstate/v1/user_state.pb.go:2747.58,2748.14 1 0
github.com/sparkle/gateway/gen/userstate/v1/user_state.pb.go:2748.14,2750.3 1 0
github.com/sparkle/gateway/gen/userstate/v1/user_state.pb.go:2751.2,2751.11 1 0
github.com/sparkle/gateway/gen/userstate/v1/user_state.pb.go:2754.57,2755.14 1 0
github.com/sparkle/gateway/gen/userstate/v1/user_state.pb.go:2755.14,2757.3 1 0
github.com/sparkle/gateway/gen/userstate/v1/user_state.pb.go:2758.2,2758.11 1 0
github.com/sparkle/gateway/gen/userstate/v1/user_state.pb.go:2761.52,2762.14 1 0
github.com/sparkle/gateway/gen/userstate/v1/user_state.pb.go:2762.14,2764.3 1 0
github.com/sparkle/gateway/gen/userstate/v1/user_state.pb.go:2765.2,2765.14 1 0
github.com/sparkle/gateway/gen/userstate/v1/user_state.pb.go:2768.62,2769.14 1 0
github.com/sparkle/gateway/gen/userstate/v1/user_state.pb.go:2769.14,2771.3 1 0
github.com/sparkle/gateway/gen/userstate/v1/user_state.pb.go:2772.2,2772.14 1 0
github.com/sparkle/gateway/gen/userstate/v1/user_state.pb.go:2775.54,2776.14 1 0
github.com/sparkle/gateway/gen/userstate/v1/user_state.pb.go:2776.14,2778.3 1 0
github.com/sparkle/gateway/gen/userstate/v1/user_state.pb.go:2779.2,2779.10 1 0
github.com/sparkle/gateway/gen/userstate/v1/user_state.pb.go:2792.40,2797.2 4 0
github.com/sparkle/gateway/gen/userstate/v1/user_state.pb.go:2799.48,2801.2 1 0
github.com/sparkle/gateway/gen/userstate/v1/user_state.pb.go:2803.46,2803.47 0 0
github.com/sparkle/gateway/gen/userstate/v1/user_state.pb.go:2805.68,2807.14 2 0
github.com/sparkle/gateway/gen/userstate/v1/user_state.pb.go:2807.14,2809.34 2 0
github.com/sparkle/gateway/gen/userstate/v1/user_state.pb.go:2809.34,2811.4 1 0
github.com/sparkle/gateway/gen/userstate/v1/user_state.pb.go:2812.3,2812.12 1 0
github.com/sparkle/gateway/gen/userstate/v1/user_state.pb.go:2814.2,2814.24 1 0
github.com/sparkle/gateway/gen/userstate/v1/user_state.pb.go:2818.59,2820.2 1 0
github.com/sparkle/gateway/gen/userstate/v1/user_state.pb.go:2822.48,2823.14 1 0
github.com/sparkle/gateway/gen/userstate/v1/user_state.pb.go:2823.14,2825.3 1 0
github.com/sparkle/gateway/gen/userstate/v1/user_state.pb.go:2826.2,2826.11 1 0
github.com/sparkle/gateway/gen/userstate/v1/user_state.pb.go:2829.71,2830.14 1 0
github.com/sparkle/gateway/gen/userstate/v1/user_state.pb.go:2830.14,2832.3 1 0
github.com/sparkle/gateway/gen/userstate/v1/user_state.pb.go:2833.2,2833.12 1 0
github.com/sparkle/gateway/gen/userstate/v1/user_state.pb.go:2836.56,2837.14 1 0
github.com/sparkle/gateway/gen/userstate/v1/user_state.pb.go:2837.14,2839.3 1 0
github.com/sparkle/gateway/gen/userstate/v1/user_state.pb.go:2840.2,2840.10 1 0
github.com/sparkle/gateway/gen/userstate/v1/user_state.pb.go:2843.57,2844.14 1 0
github.com/sparkle/gateway/gen/userstate/v1/user_state.pb.go:2844.14,2846.3 1 0
github.com/sparkle/gateway/gen/userstate/v1/user_state.pb.go:2847.2,2847.11 1 0
github.com/sparkle/gateway/gen/userstate/v1/user_state.pb.go:2861.43,2866.2 4 0
github.com/sparkle/gateway/gen/userstate/v1/user_state.pb.go:2868.51,2870.2 1 0
github.com/sparkle/gateway/gen/userstate/v1/user_state.pb.go:2872.49,2872.50 0 0
github.com/sparkle/gateway/gen/userstate/v1/user_state.pb.go:2874.71,2876.14 2 0
github.com/sparkle/gateway/gen/userstate/v1/user_state.pb.go:2876.14,2878.34 2 0
github.com/sparkle/gateway/gen/userstate/v1/user_state.pb.go:2878.34,2880.4 1 0
github.com/sparkle/gateway/gen/userstate/v1/user_state.pb.go:2881.3,2881.12 1 0
github.com/sparkle/gateway/gen/userstate/v1/user_state.pb.go:2883.2,2883.24 1 0
github.com/sparkle/gateway/gen/userstate/v1/user_state.pb.go:2887.62,2889.2 1 0
github.com/sparkle/gateway/gen/userstate/v1/user_state.pb.go:2891.80,2892.14 1 0
github.com/sparkle/gateway/gen/userstate/v1/user_state.pb.go:2892.14,2894.3 1 0
github.com/sparkle/gateway/gen/userstate/v1/user_state.pb.go:2895.2,2895.12 1 0
github.com/sparkle/gateway/gen/userstate/v1/user_state.pb.go:2898.81,2899.14 1 0
github.com/sparkle/gateway/gen/userstate/v1/user_state.pb.go:2899.14,2901.3 1 0
github.com/sparkle/gateway/gen/userstate/v1/user_state.pb.go:2902.2,2902.12 1 0
github.com/sparkle/gateway/gen/userstate/v1/user_state.pb.go:2905.57,2906.14 1 0
github.com/sparkle/gateway/gen/userstate/v1/user_state.pb.go:2906.14,2908.3 1 0
github.com/sparkle/gateway/gen/userstate/v1/user_state.pb.go:2909.2,2909.10 1 0
github.com/sparkle/gateway/gen/userstate/v1/user_state.pb.go:2912.59,2913.14 1 0
github.com/sparkle/gateway/gen/userstate/v1/user_state.pb.go:2913.14,2915.3 1 0
github.com/sparkle/gateway/gen/userstate/v1/user_state.pb.go:2916.2,2916.10 1 0
github.com/sparkle/gateway/gen/userstate/v1/user_state.pb.go:2919.62,2920.14 1 0
github.com/sparkle/gateway/gen/userstate/v1/user_state.pb.go:2920.14,2922.3 1 0
github.com/sparkle/gateway/gen/userstate/v1/user_state.pb.go:2923.2,2923.11 1 0
github.com/sparkle/gateway/gen/userstate/v1/user_state.pb.go:2934.43,2939.2 4 0
github.com/sparkle/gateway/gen/userstate/v1/user_state.pb.go:2941.51,2943.2 1 0
github.com/sparkle/gateway/gen/userstate/v1/user_state.pb.go:2945.49,2945.50 0 0
github.com/sparkle/gateway/gen/userstate/v1/user_state.pb.go:2947.71,2949.14 2 0
github.com/sparkle/gateway/gen/userstate/v1/user_state.pb.go:2949.14,2951.34 2 0
github.com/sparkle/gateway/gen/userstate/v1/user_state.pb.go:2951.34,2953.4 1 0
github.com/sparkle/gateway/gen/userstate/v1/user_state.pb.go:2954.3,2954.12 1 0
github.com/sparkle/gateway/gen/userstate/v1/user_state.pb.go:2956.2,2956.24 1 0
github.com/sparkle/gateway/gen/userstate/v1/user_state.pb.go:2960.62,2962.2 1 0
github.com/sparkle/gateway/gen/userstate/v1/user_state.pb.go:2964.71,2965.14 1 0
github.com/sparkle/gateway/gen/userstate/v1/user_state.pb.go:2965.14,2967.3 1 0
github.com/sparkle/gateway/gen/userstate/v1/user_state.pb.go:2968.2,2968.12 1 0
github.com/sparkle/gateway/gen/userstate/v1/user_state.pb.go:2971.69,2972.14 1 0
github.com/sparkle/gateway/gen/userstate/v1/user_state.pb.go:2972.14,2974.3 1 0
github.com/sparkle/gateway/gen/userstate/v1/user_state.pb.go:2975.2,2975.12 1 0
github.com/sparkle/gateway/gen/userstate/v1/user_state.pb.go:3007.31,3012.2 4 0
github.com/sparkle/gateway/gen/userstate/v1/user_state.pb.go:3014.39,3016.2 1 0
github.com/sparkle/gateway/gen/userstate/v1/user_state.pb.go:3018.37,3018.38 0 0
github.com/sparkle/gateway/gen/userstate/v1/user_state.pb.go:3020.59,3022.14 2 0
github.com/sparkle/gateway/gen/userstate/v1/user_state.pb.go:3022.14,3024.34 2 0
github.com/sparkle/gateway/gen/userstate/v1/user_state.pb.go:3024.34,3026.4 1 0
github.com/sparkle/gateway/gen/userstate/v1/user_state.pb.go:3027.3,3027.12 1 0
github.com/sparkle/gateway/gen/userstate/v1/user_state.pb.go:3029.2,3029.24 1 0
github.com/sparkle/gateway/gen/userstate/v1/user_state.pb.go:3033.50,3035.2 1 0
github.com/sparkle/gateway/gen/userstate/v1/user_state.pb.go:3037.42,3038.14 1 0
github.com/sparkle/gateway/gen/userstate/v1/user_state.pb.go:3038.14,3040.3 1 0
github.com/sparkle/gateway/gen/userstate/v1/user_state.pb.go:3041.2,3041.11 1 0
github.com/sparkle/gateway/gen/userstate/v1/user_state.pb.go:3044.49,3045.14 1 0
github.com/sparkle/gateway/gen/userstate/v1/user_state.pb.go:3045.14,3047.3 1 0
github.com/sparkle/gateway/gen/userstate/v1/user_state.pb.go:3048.2,3048.11 1 0
github.com/sparkle/gateway/gen/userstate/v1/user_state.pb.go:3051.70,3052.14 1 0
github.com/sparkle/gateway/gen/userstate/v1/user_state.pb.go:3052.14,3054.3 1 0
github.com/sparkle/gateway/gen/userstate/v1/user_state.pb.go:3055.2,3055.12 1 0
github.com/sparkle/gateway/gen/userstate/v1/user_state.pb.go:3058.73,3059.14 1 0
github.com/sparkle/gateway/gen/userstate/v1/user_state.pb.go:3059.14,3061.3 1 0
github.com/sparkle/gateway/gen/userstate/v1/user_state.pb.go:3062.2,3062.12 1 0
github.com/sparkle/gateway/gen/userstate/v1/user_state.pb.go:3065.76,3066.14 1 0
github.com/sparkle/gateway/gen/userstate/v1/user_state.pb.go:3066.14,3068.3 1 0
github.com/sparkle/gateway/gen/userstate/v1/user_state.pb.go:3069.2,3069.12 1 0
github.com/sparkle/gateway/gen/userstate/v1/user_state.pb.go:3072.66,3073.14 1 0
github.com/sparkle/gateway/gen/userstate/v1/user_state.pb.go:3073.14,3075.3 1 0
github.com/sparkle/gateway/gen/userstate/v1/user_state.pb.go:3076.2,3076.12 1 0
github.com/sparkle/gateway/gen/userstate/v1/user_state.pb.go:3079.62,3080.14 1 0
github.com/sparkle/gateway/gen/userstate/v1/user_state.pb.go:3080.14,3082.3 1 0
github.com/sparkle/gateway/gen/userstate/v1/user_state.pb.go:3083.2,3083.12 1 0
github.com/sparkle/gateway/gen/userstate/v1/user_state.pb.go:3086.55,3087.14 1 0
github.com/sparkle/gateway/gen/userstate/v1/user_state.pb.go:3087.14,3089.3 1 0
github.com/sparkle/gateway/gen/userstate/v1/user_state.pb.go:3090.2,3090.11 1 0
github.com/sparkle/gateway/gen/userstate/v1/user_state.pb.go:3093.78,3094.14 1 0
github.com/sparkle/gateway/gen/userstate/v1/user_state.pb.go:3094.14,3096.3 1 0
github.com/sparkle/gateway/gen/userstate/v1/user_state.pb.go:3097.2,3097.12 1 0
github.com/sparkle/gateway/gen/userstate/v1/user_state.pb.go:3100.76,3101.14 1 0
github.com/sparkle/gateway/gen/userstate/v1/user_state.pb.go:3101.14,3103.3 1 0
github.com/sparkle/gateway/gen/userstate/v1/user_state.pb.go:3104.2,3104.12 1 0
github.com/sparkle/gateway/gen/userstate/v1/user_state.pb.go:3107.79,3108.14 1 0
github.com/sparkle/gateway/gen/userstate/v1/user_state.pb.go:3108.14,3110.3 1 0
github.com/sparkle/gateway/gen/userstate/v1/user_state.pb.go:3111.2,3111.12 1 0
github.com/sparkle/gateway/gen/userstate/v1/user_state.pb.go:3114.77,3115.14 1 0
github.com/sparkle/gateway/gen/userstate/v1/user_state.pb.go:3115.14,3117.3 1 0
github.com/sparkle/gateway/gen/userstate/v1/user_state.pb.go:3118.2,3118.12 1 0
github.com/sparkle/gateway/gen/userstate/v1/user_state.pb.go:3121.67,3122.14 1 0
github.com/sparkle/gateway/gen/userstate/v1/user_state.pb.go:3122.14,3124.3 1 0
github.com/sparkle/gateway/gen/userstate/v1/user_state.pb.go:3125.2,3125.12 1 0
github.com/sparkle/gateway/gen/userstate/v1/user_state.pb.go:3128.69,3129.14 1 0
github.com/sparkle/gateway/gen/userstate/v1/user_state.pb.go:3129.14,3131.3 1 0
github.com/sparkle/gateway/gen/userstate/v1/user_state.pb.go:3132.2,3132.12 1 0
github.com/sparkle/gateway/gen/userstate/v1/user_state.pb.go:3135.65,3136.14 1 0
github.com/sparkle/gateway/gen/userstate/v1/user_state.pb.go:3136.14,3138.3 1 0
github.com/sparkle/gateway/gen/userstate/v1/user_state.pb.go:3139.2,3139.12 1 0
github.com/sparkle/gateway/gen/userstate/v1/user_state.pb.go:3142.59,3143.14 1 0
github.com/sparkle/gateway/gen/userstate/v1/user_state.pb.go:3143.14,3145.3 1 0
github.com/sparkle/gateway/gen/userstate/v1/user_state.pb.go:3146.2,3146.12 1 0
github.com/sparkle/gateway/gen/userstate/v1/user_state.pb.go:3149.74,3150.14 1 0
github.com/sparkle/gateway/gen/userstate/v1/user_state.pb.go:3150.14,3152.3 1 0
github.com/sparkle/gateway/gen/userstate/v1/user_state.pb.go:3153.2,3153.12 1 0
github.com/sparkle/gateway/gen/userstate/v1/user_state.pb.go:3156.72,3157.14 1 0
github.com/sparkle/gateway/gen/userstate/v1/user_state.pb.go:3157.14,3159.3 1 0
github.com/sparkle/gateway/gen/userstate/v1/user_state.pb.go:3160.2,3160.12 1 0
github.com/sparkle/gateway/gen/userstate/v1/user_state.pb.go:3163.66,3164.14 1 0
github.com/sparkle/gateway/gen/userstate/v1/user_state.pb.go:3164.14,3166.3 1 0
github.com/sparkle/gateway/gen/userstate/v1/user_state.pb.go:3167.2,3167.12 1 0
github.com/sparkle/gateway/gen/userstate/v1/user_state.pb.go:3170.76,3171.14 1 0
github.com/sparkle/gateway/gen/userstate/v1/user_state.pb.go:3171.14,3173.3 1 0
github.com/sparkle/gateway/gen/userstate/v1/user_state.pb.go:3174.2,3174.12 1 0
github.com/sparkle/gateway/gen/userstate/v1/user_state.pb.go:3177.72,3178.14 1 0
github.com/sparkle/gateway/gen/userstate/v1/user_state.pb.go:3178.14,3180.3 1 0
github.com/sparkle/gateway/gen/userstate/v1/user_state.pb.go:3181.2,3181.12 1 0
github.com/sparkle/gateway/gen/userstate/v1/user_state.pb.go:3184.76,3185.14 1 0
github.com/sparkle/gateway/gen/userstate/v1/user_state.pb.go:3185.14,3187.3 1 0
github.com/sparkle/gateway/gen/userstate/v1/user_state.pb.go:3188.2,3188.12 1 0
github.com/sparkle/gateway/gen/userstate/v1/user_state.pb.go:3879.49,3880.46 1 0
github.com/sparkle/gateway/gen/userstate/v1/user_state.pb.go:3880.46,3882.3 1 0
github.com/sparkle/gateway/gen/userstate/v1/user_state.pb.go:3883.2,3883.42 1 0
github.com/sparkle/gateway/gen/userstate/v1/user_state.pb.go:4034.13,4034.45 1 0
github.com/sparkle/gateway/gen/userstate/v1/user_state.pb.go:4035.35,4036.34 1 0
github.com/sparkle/gateway/gen/userstate/v1/user_state.pb.go:4036.34,4038.3 1 0
github.com/sparkle/gateway/gen/userstate/v1/user_state.pb.go:4039.2,4055.37 5 0
github.com/sparkle/gateway/gen/ws/websocket.pb.go:39.36,44.2 4 0
github.com/sparkle/gateway/gen/ws/websocket.pb.go:46.44,48.2 1 0
github.com/sparkle/gateway/gen/ws/websocket.pb.go:50.42,50.43 0 0
github.com/sparkle/gateway/gen/ws/websocket.pb.go:52.64,54.14 2 0
github.com/sparkle/gateway/gen/ws/websocket.pb.go:54.14,56.34 2 0
github.com/sparkle/gateway/gen/ws/websocket.pb.go:56.34,58.4 1 0
github.com/sparkle/gateway/gen/ws/websocket.pb.go:59.3,59.12 1 0
github.com/sparkle/gateway/gen/ws/websocket.pb.go:61.2,61.24 1 0
github.com/sparkle/gateway/gen/ws/websocket.pb.go:65.55,67.2 1 0
github.com/sparkle/gateway/gen/ws/websocket.pb.go:69.48,70.14 1 0
github.com/sparkle/gateway/gen/ws/websocket.pb.go:70.14,72.3 1 0
github.com/sparkle/gateway/gen/ws/websocket.pb.go:73.2,73.11 1 0
github.com/sparkle/gateway/gen/ws/websocket.pb.go:76.45,77.14 1 0
github.com/sparkle/gateway/gen/ws/websocket.pb.go:77.14,79.3 1 0
github.com/sparkle/gateway/gen/ws/websocket.pb.go:80.2,80.11 1 0
github.com/sparkle/gateway/gen/ws/websocket.pb.go:83.48,84.14 1 0
github.com/sparkle/gateway/gen/ws/websocket.pb.go:84.14,86.3 1 0
github.com/sparkle/gateway/gen/ws/websocket.pb.go:87.2,87.12 1 0
github.com/sparkle/gateway/gen/ws/websocket.pb.go:90.48,91.14 1 0
github.com/sparkle/gateway/gen/ws/websocket.pb.go:91.14,93.3 1 0
github.com/sparkle/gateway/gen/ws/websocket.pb.go:94.2,94.11 1 0
github.com/sparkle/gateway/gen/ws/websocket.pb.go:97.50,98.14 1 0
github.com/sparkle/gateway/gen/ws/websocket.pb.go:98.14,100.3 1 0
github.com/sparkle/gateway/gen/ws/websocket.pb.go:101.2,101.11 1 0
github.com/sparkle/gateway/gen/ws/websocket.pb.go:104.66,105.14 1 0
github.com/sparkle/gateway/gen/ws/websocket.pb.go:105.14,107.3 1 0
github.com/sparkle/gateway/gen/ws/websocket.pb.go:108.2,108.12 1 0
github.com/sparkle/gateway/gen/ws/websocket.pb.go:124.31,129.2 4 0
github.com/sparkle/gateway/gen/ws/websocket.pb.go:131.39,133.2 1 0
github.com/sparkle/gateway/gen/ws/websocket.pb.go:135.37,135.38 0 0
github.com/sparkle/gateway/gen/ws/websocket.pb.go:137.59,139.14 2 0
github.com/sparkle/gateway/gen/ws/websocket.pb.go:139.14,141.34 2 0
github.com/sparkle/gateway/gen/ws/websocket.pb.go:141.34,143.4 1 0
github.com/sparkle/gateway/gen/ws/websocket.pb.go:144.3,144.12 1 0
github.com/sparkle/gateway/gen/ws/websocket.pb.go:146.2,146.24 1 0
github.com/sparkle/gateway/gen/ws/websocket.pb.go:150.50,152.2 1 0
github.com/sparkle/gateway/gen/ws/websocket.pb.go:154.45,155.14 1 0
github.com/sparkle/gateway/gen/ws/websocket.pb.go:155.14,157.3 1 0
github.com/sparkle/gateway/gen/ws/websocket.pb.go:158.2,158.11 1 0
github.com/sparkle/gateway/gen/ws/websocket.pb.go:161.42,162.14 1 0
github.com/sparkle/gateway/gen/ws/websocket.pb.go:162.14,164.3 1 0
github.com/sparkle/gateway/gen/ws/websocket.pb.go:165.2,165.11 1 0
github.com/sparkle/gateway/gen/ws/websocket.pb.go:168.43,169.14 1 0
github.com/sparkle/gateway/gen/ws/websocket.pb.go:169.14,171.3 1 0
github.com/sparkle/gateway/gen/ws/websocket.pb.go:172.2,172.11 1 0
github.com/sparkle/gateway/gen/ws/websocket.pb.go:175.53,176.14 1 0
github.com/sparkle/gateway/gen/ws/websocket.pb.go:176.14,178.3 1 0
github.com/sparkle/gateway/gen/ws/websocket.pb.go:179.2,179.12 1 0
github.com/sparkle/gateway/gen/ws/websocket.pb.go:182.52,183.45 1 0
github.com/sparkle/gateway/gen/ws/websocket.pb.go:183.45,185.3 1 0
github.com/sparkle/gateway/gen/ws/websocket.pb.go:186.2,186.14 1 0
github.com/sparkle/gateway/gen/ws/websocket.pb.go:189.52,190.14 1 0
github.com/sparkle/gateway/gen/ws/websocket.pb.go:190.14,192.3 1 0
github.com/sparkle/gateway/gen/ws/websocket.pb.go:193.2,193.12 1 0
github.com/sparkle/gateway/gen/ws/websocket.pb.go:207.44,212.2 4 0
github.com/sparkle/gateway/gen/ws/websocket.pb.go:214.52,216.2 1 0
github.com/sparkle/gateway/gen/ws/websocket.pb.go:218.50,218.51 0 0
github.com/sparkle/gateway/gen/ws/websocket.pb.go:220.72,222.14 2 0
github.com/sparkle/gateway/gen/ws/websocket.pb.go:222.14,224.34 2 0
github.com/sparkle/gateway/gen/ws/websocket.pb.go:224.34,226.4 1 0
github.com/sparkle/gateway/gen/ws/websocket.pb.go:227.3,227.12 1 0
github.com/sparkle/gateway/gen/ws/websocket.pb.go:229.2,229.24 1 0
github.com/sparkle/gateway/gen/ws/websocket.pb.go:233.63,235.2 1 0
github.com/sparkle/gateway/gen/ws/websocket.pb.go:237.55,238.14 1 0
github.com/sparkle/gateway/gen/ws/websocket.pb.go:238.14,240.3 1 0
github.com/sparkle/gateway/gen/ws/websocket.pb.go:241.2,241.11 1 0
github.com/sparkle/gateway/gen/ws/websocket.pb.go:244.55,245.14 1 0
github.com/sparkle/gateway/gen/ws/websocket.pb.go:245.14,247.3 1 0
github.com/sparkle/gateway/gen/ws/websocket.pb.go:248.2,248.10 1 0
github.com/sparkle/gateway/gen/ws/websocket.pb.go:251.58,252.14 1 0
github.com/sparkle/gateway/gen/ws/websocket.pb.go:252.14,254.3 1 0
github.com/sparkle/gateway/gen/ws/websocket.pb.go:255.2,255.11 1 0
github.com/sparkle/gateway/gen/ws/websocket.pb.go:258.56,259.14 1 0
github.com/sparkle/gateway/gen/ws/websocket.pb.go:259.14,261.3 1 0
github.com/sparkle/gateway/gen/ws/websocket.pb.go:262.2,262.10 1 0
github.com/sparkle/gateway/gen/ws/websocket.pb.go:265.74,266.14 1 0
github.com/sparkle/gateway/gen/ws/websocket.pb.go:266.14,268.3 1 0
github.com/sparkle/gateway/gen/ws/websocket.pb.go:269.2,269.12 1 0
github.com/sparkle/gateway/gen/ws/websocket.pb.go:284.43,289.2 4 0
github.com/sparkle/gateway/gen/ws/websocket.pb.go:291.51,293.2 1 0
github.com/sparkle/gateway/gen/ws/websocket.pb.go:295.49,295.50 0 0
github.com/sparkle/gateway/gen/ws/websocket.pb.go:297.71,299.14 2 0
github.com/sparkle/gateway/gen/ws/websocket.pb.go:299.14,301.34 2 0
github.com/sparkle/gateway/gen/ws/websocket.pb.go:301.34,303.4 1 0
github.com/sparkle/gateway/gen/ws/websocket.pb.go:304.3,304.12 1 0
github.com/sparkle/gateway/gen/ws/websocket.pb.go:306.2,306.24 1 0
github.com/sparkle/gateway/gen/ws/websocket.pb.go:310.62,312.2 1 0
github.com/sparkle/gateway/gen/ws/websocket.pb.go:314.62,315.14 1 0
github.com/sparkle/gateway/gen/ws/websocket.pb.go:315.14,317.3 1 0
github.com/sparkle/gateway/gen/ws/websocket.pb.go:318.2,318.11 1 0
github.com/sparkle/gateway/gen/ws/websocket.pb.go:321.53,322.14 1 0
github.com/sparkle/gateway/gen/ws/websocket.pb.go:322.14,324.3 1 0
github.com/sparkle/gateway/gen/ws/websocket.pb.go:325.2,325.11 1 0
github.com/sparkle/gateway/gen/ws/websocket.pb.go:328.69,329.14 1 0
github.com/sparkle/gateway/gen/ws/websocket.pb.go:329.14,331.3 1 0
github.com/sparkle/gateway/gen/ws/websocket.pb.go:332.2,332.12 1 0
github.com/sparkle/gateway/gen/ws/websocket.pb.go:335.70,336.14 1 0
github.com/sparkle/gateway/gen/ws/websocket.pb.go:336.14,338.3 1 0
github.com/sparkle/gateway/gen/ws/websocket.pb.go:339.2,339.12 1 0
github.com/sparkle/gateway/gen/ws/websocket.pb.go:342.56,343.14 1 0
github.com/sparkle/gateway/gen/ws/websocket.pb.go:343.14,345.3 1 0
github.com/sparkle/gateway/gen/ws/websocket.pb.go:346.2,346.10 1 0
github.com/sparkle/gateway/gen/ws/websocket.pb.go:360.39,365.2 4 0
github.com/sparkle/gateway/gen/ws/websocket.pb.go:367.47,369.2 1 0
github.com/sparkle/gateway/gen/ws/websocket.pb.go:371.45,371.46 0 0
github.com/sparkle/gateway/gen/ws/websocket.pb.go:373.67,375.14 2 0
github.com/sparkle/gateway/gen/ws/websocket.pb.go:375.14,377.34 2 0
github.com/sparkle/gateway/gen/ws/websocket.pb.go:377.34,379.4 1 0
github.com/sparkle/gateway/gen/ws/websocket.pb.go:380.3,380.12 1 0
github.com/sparkle/gateway/gen/ws/websocket.pb.go:382.2,382.24 1 0
github.com/sparkle/gateway/gen/ws/websocket.pb.go:386.58,388.2 1 0
github.com/sparkle/gateway/gen/ws/websocket.pb.go:390.59,391.14 1 0
github.com/sparkle/gateway/gen/ws/websocket.pb.go:391.14,393.3 1 0
github.com/sparkle/gateway/gen/ws/websocket.pb.go:394.2,394.11 1 0
github.com/sparkle/gateway/gen/ws/websocket.pb.go:397.54,398.14 1 0
github.com/sparkle/gateway/gen/ws/websocket.pb.go:398.14,400.3 1 0
github.com/sparkle/gateway/gen/ws/websocket.pb.go:401.2,401.11 1 0
github.com/sparkle/gateway/gen/ws/websocket.pb.go:404.54,405.14 1 0
github.com/sparkle/gateway/gen/ws/websocket.pb.go:405.14,407.3 1 0
github.com/sparkle/gateway/gen/ws/websocket.pb.go:408.2,408.11 1 0
github.com/sparkle/gateway/gen/ws/websocket.pb.go:411.59,412.14 1 0
github.com/sparkle/gateway/gen/ws/websocket.pb.go:412.14,414.3 1 0
github.com/sparkle/gateway/gen/ws/websocket.pb.go:415.2,415.10 1 0
github.com/sparkle/gateway/gen/ws/websocket.pb.go:418.71,419.14 1 0
github.com/sparkle/gateway/gen/ws/websocket.pb.go:419.14,421.3 1 0
github.com/sparkle/gateway/gen/ws/websocket.pb.go:422.2,422.12 1 0
github.com/sparkle/gateway/gen/ws/websocket.pb.go:434.38,439.2 4 0
github.com/sparkle/gateway/gen/ws/websocket.pb.go:441.46,443.2 1 0
github.com/sparkle/gateway/gen/ws/websocket.pb.go:445.44,445.45 0 0
github.com/sparkle/gateway/gen/ws/websocket.pb.go:447.66,449.14 2 0
github.com/sparkle/gateway/gen/ws/websocket.pb.go:449.14,451.34 2 0
github.com/sparkle/gateway/gen/ws/websocket.pb.go:451.34,453.4 1 0
github.com/sparkle/gateway/gen/ws/websocket.pb.go:454.3,454.12 1 0
github.com/sparkle/gateway/gen/ws/websocket.pb.go:456.2,456.24 1 0
github.com/sparkle/gateway/gen/ws/websocket.pb.go:460.57,462.2 1 0
github.com/sparkle/gateway/gen/ws/websocket.pb.go:464.45,465.14 1 0
github.com/sparkle/gateway/gen/ws/websocket.pb.go:465.14,467.3 1 0
github.com/sparkle/gateway/gen/ws/websocket.pb.go:468.2,468.11 1 0
github.com/sparkle/gateway/gen/ws/websocket.pb.go:471.48,472.14 1 0
github.com/sparkle/gateway/gen/ws/websocket.pb.go:472.14,474.3 1 0
github.com/sparkle/gateway/gen/ws/websocket.pb.go:475.2,475.11 1 0
github.com/sparkle/gateway/gen/ws/websocket.pb.go:478.47,479.14 1 0
github.com/sparkle/gateway/gen/ws/websocket.pb.go:479.14,481.3 1 0
github.com/sparkle/gateway/gen/ws/websocket.pb.go:482.2,482.11 1 0
github.com/sparkle/gateway/gen/ws/websocket.pb.go:497.30,502.2 4 0
github.com/sparkle/gateway/gen/ws/websocket.pb.go:504.38,506.2 1 0
github.com/sparkle/gateway/gen/ws/websocket.pb.go:508.36,508.37 0 0
github.com/sparkle/gateway/gen/ws/websocket.pb.go:510.58,512.14 2 0
github.com/sparkle/gateway/gen/ws/websocket.pb.go:512.14,514.34 2 0
github.com/sparkle/gateway/gen/ws/websocket.pb.go:514.34,516.4 1 0
github.com/sparkle/gateway/gen/ws/websocket.pb.go:517.3,517.12 1 0
github.com/sparkle/gateway/gen/ws/websocket.pb.go:519.2,519.24 1 0
github.com/sparkle/gateway/gen/ws/websocket.pb.go:523.49,525.2 1 0
github.com/sparkle/gateway/gen/ws/websocket.pb.go:527.44,528.14 1 0
github.com/sparkle/gateway/gen/ws/websocket.pb.go:528.14,530.3 1 0
github.com/sparkle/gateway/gen/ws/websocket.pb.go:531.2,531.11 1 0
github.com/sparkle/gateway/gen/ws/websocket.pb.go:534.41,535.14 1 0
github.com/sparkle/gateway/gen/ws/websocket.pb.go:535.14,537.3 1 0
github.com/sparkle/gateway/gen/ws/websocket.pb.go:538.2,538.11 1 0
github.com/sparkle/gateway/gen/ws/websocket.pb.go:541.43,542.14 1 0
github.com/sparkle/gateway/gen/ws/websocket.pb.go:542.14,544.3 1 0
github.com/sparkle/gateway/gen/ws/websocket.pb.go:545.2,545.10 1 0
github.com/sparkle/gateway/gen/ws/websocket.pb.go:548.44,549.14 1 0
github.com/sparkle/gateway/gen/ws/websocket.pb.go:549.14,551.3 1 0
github.com/sparkle/gateway/gen/ws/websocket.pb.go:552.2,552.11 1 0
github.com/sparkle/gateway/gen/ws/websocket.pb.go:555.47,556.14 1 0
github.com/sparkle/gateway/gen/ws/websocket.pb.go:556.14,558.3 1 0
github.com/sparkle/gateway/gen/ws/websocket.pb.go:559.2,559.11 1 0
github.com/sparkle/gateway/gen/ws/websocket.pb.go:574.31,579.2 4 0
github.com/sparkle/gateway/gen/ws/websocket.pb.go:581.39,583.2 1 0
github.com/sparkle/gateway/gen/ws/websocket.pb.go:585.37,585.38 0 0
github.com/sparkle/gateway/gen/ws/websocket.pb.go:587.59,589.14 2 0
github.com/sparkle/gateway/gen/ws/websocket.pb.go:589.14,591.34 2 0
github.com/sparkle/gateway/gen/ws/websocket.pb.go:591.34,593.4 1 0
github.com/sparkle/gateway/gen/ws/websocket.pb.go:594.3,594.12 1 0
github.com/sparkle/gateway/gen/ws/websocket.pb.go:596.2,596.24 1 0
github.com/sparkle/gateway/gen/ws/websocket.pb.go:600.50,602.2 1 0
github.com/sparkle/gateway/gen/ws/websocket.pb.go:604.45,605.14 1 0
github.com/sparkle/gateway/gen/ws/websocket.pb.go:605.14,607.3 1 0
github.com/sparkle/gateway/gen/ws/websocket.pb.go:608.2,608.11 1 0
github.com/sparkle/gateway/gen/ws/websocket.pb.go:611.45,612.14 1 0
github.com/sparkle/gateway/gen/ws/websocket.pb.go:612.14,614.3 1 0
github.com/sparkle/gateway/gen/ws/websocket.pb.go:615.2,615.11 1 0
github.com/sparkle/gateway/gen/ws/websocket.pb.go:618.48,619.14 1 0
github.com/sparkle/gateway/gen/ws/websocket.pb.go:619.14,621.3 1 0
github.com/sparkle/gateway/gen/ws/websocket.pb.go:622.2,622.11 1 0
github.com/sparkle/gateway/gen/ws/websocket.pb.go:625.47,626.14 1 0
github.com/sparkle/gateway/gen/ws/websocket.pb.go:626.14,628.3 1 0
github.com/sparkle/gateway/gen/ws/websocket.pb.go:629.2,629.10 1 0
github.com/sparkle/gateway/gen/ws/websocket.pb.go:632.43,633.14 1 0
github.com/sparkle/gateway/gen/ws/websocket.pb.go:633.14,635.3 1 0
github.com/sparkle/gateway/gen/ws/websocket.pb.go:636.2,636.14 1 0
github.com/sparkle/gateway/gen/ws/websocket.pb.go:648.33,653.2 4 0
github.com/sparkle/gateway/gen/ws/websocket.pb.go:655.41,657.2 1 0
github.com/sparkle/gateway/gen/ws/websocket.pb.go:659.39,659.40 0 0
github.com/sparkle/gateway/gen/ws/websocket.pb.go:661.61,663.14 2 0
github.com/sparkle/gateway/gen/ws/websocket.pb.go:663.14,665.34 2 0
github.com/sparkle/gateway/gen/ws/websocket.pb.go:665.34,667.4 1 0
github.com/sparkle/gateway/gen/ws/websocket.pb.go:668.3,668.12 1 0
github.com/sparkle/gateway/gen/ws/websocket.pb.go:670.2,670.24 1 0
github.com/sparkle/gateway/gen/ws/websocket.pb.go:674.52,676.2 1 0
github.com/sparkle/gateway/gen/ws/websocket.pb.go:678.46,679.14 1 0
github.com/sparkle/gateway/gen/ws/websocket.pb.go:679.14,681.3 1 0
github.com/sparkle/gateway/gen/ws/websocket.pb.go:682.2,682.10 1 0
github.com/sparkle/gateway/gen/ws/websocket.pb.go:685.46,686.14 1 0
github.com/sparkle/gateway/gen/ws/websocket.pb.go:686.14,688.3 1 0
github.com/sparkle/gateway/gen/ws/websocket.pb.go:689.2,689.11 1 0
github.com/sparkle/gateway/gen/ws/websocket.pb.go:700.33,705.2 4 0
github.com/sparkle/gateway/gen/ws/websocket.pb.go:707.41,709.2 1 0
github.com/sparkle/gateway/gen/ws/websocket.pb.go:711.39,711.40 0 0
github.com/sparkle/gateway/gen/ws/websocket.pb.go:713.61,715.14 2 0
github.com/sparkle/gateway/gen/ws/websocket.pb.go:715.14,717.34 2 0
github.com/sparkle/gateway/gen/ws/websocket.pb.go:717.34,719.4 1 0
github.com/sparkle/gateway/gen/ws/websocket.pb.go:720.3,720.12 1 0
github.com/sparkle/gateway/gen/ws/websocket.pb.go:722.2,722.24 1 0
github.com/sparkle/gateway/gen/ws/websocket.pb.go:726.52,728.2 1 0
github.com/sparkle/gateway/gen/ws/websocket.pb.go:730.52,731.14 1 0
github.com/sparkle/gateway/gen/ws/websocket.pb.go:731.14,733.3 1 0
github.com/sparkle/gateway/gen/ws/websocket.pb.go:734.2,734.10 1 0
github.com/sparkle/gateway/gen/ws/websocket.pb.go:737.52,738.14 1 0
github.com/sparkle/gateway/gen/ws/websocket.pb.go:738.14,740.3 1 0
github.com/sparkle/gateway/gen/ws/websocket.pb.go:741.2,741.10 1 0
github.com/sparkle/gateway/gen/ws/websocket.pb.go:882.48,883.45 1 0
github.com/sparkle/gateway/gen/ws/websocket.pb.go:883.45,885.3 1 0
github.com/sparkle/gateway/gen/ws/websocket.pb.go:886.2,886.41 1 0
github.com/sparkle/gateway/gen/ws/websocket.pb.go:919.13,919.44 1 0
github.com/sparkle/gateway/gen/ws/websocket.pb.go:920.34,921.33 1 0
github.com/sparkle/gateway/gen/ws/websocket.pb.go:921.33,923.3 1 0
github.com/sparkle/gateway/gen/ws/websocket.pb.go:924.2,941.36 6 0
github.com/sparkle/gateway/internal/db/db.go:20.28,22.2 1 1
github.com/sparkle/gateway/internal/db/db.go:28.46,32.2 1 0
github.com/sparkle/gateway/internal/db/models.go:21.62,22.25 1 0
github.com/sparkle/gateway/internal/db/models.go:23.14,24.33 1 0
github.com/sparkle/gateway/internal/db/models.go:25.14,26.33 1 0
github.com/sparkle/gateway/internal/db/models.go:27.10,28.81 1 0
github.com/sparkle/gateway/internal/db/models.go:30.2,30.12 1 0
github.com/sparkle/gateway/internal/db/models.go:39.69,40.18 1 0
github.com/sparkle/gateway/internal/db/models.go:40.18,43.3 2 0
github.com/sparkle/gateway/internal/db/models.go:44.2,45.46 2 0
github.com/sparkle/gateway/internal/db/models.go:49.68,50.15 1 0
github.com/sparkle/gateway/internal/db/models.go:50.15,52.3 1 0
github.com/sparkle/gateway/internal/db/models.go:53.2,53.47 1 0
github.com/sparkle/gateway/internal/db/models.go:65.60,66.25 1 0
github.com/sparkle/gateway/internal/db/models.go:67.14,68.31 1 0
github.com/sparkle/gateway/internal/db/models.go:69.14,70.31 1 0
github.com/sparkle/gateway/internal/db/models.go:71.10,72.79 1 0
github.com/sparkle/gateway/internal/db/models.go:74.2,74.12 1 0
github.com/sparkle/gateway/internal/db/models.go:83.67,84.18 1 0
github.com/sparkle/gateway/internal/db/models.go:84.18,87.3 2 0
github.com/sparkle/gateway/internal/db/models.go:88.2,89.44 2 0
github.com/sparkle/gateway/internal/db/models.go:93.66,94.15 1 0
github.com/sparkle/gateway/internal/db/models.go:94.15,96.3 1 0
github.com/sparkle/gateway/internal/db/models.go:97.2,97.45 1 0
github.com/sparkle/gateway/internal/db/models.go:109.57,110.25 1 0
github.com/sparkle/gateway/internal/db/models.go:111.14,112.28 1 0
github.com/sparkle/gateway/internal/db/models.go:113.14,114.28 1 0
github.com/sparkle/gateway/internal/db/models.go:115.10,116.76 1 0
github.com/sparkle/gateway/internal/db/models.go:118.2,118.12 1 0
github.com/sparkle/gateway/internal/db/models.go:127.64,128.18 1 0
github.com/sparkle/gateway/internal/db/models.go:128.18,131.3 2 0
github.com/sparkle/gateway/internal/db/models.go:132.2,133.41 2 0
github.com/sparkle/gateway/internal/db/models.go:137.63,138.15 1 0
github.com/sparkle/gateway/internal/db/models.go:138.15,140.3 1 0
github.com/sparkle/gateway/internal/db/models.go:141.2,141.42 1 0
github.com/sparkle/gateway/internal/db/models.go:159.55,160.25 1 0
github.com/sparkle/gateway/internal/db/models.go:161.14,162.26 1 0
github.com/sparkle/gateway/internal/db/models.go:163.14,164.26 1 0
github.com/sparkle/gateway/internal/db/models.go:165.10,166.74 1 0
github.com/sparkle/gateway/internal/db/models.go:168.2,168.12 1 0
github.com/sparkle/gateway/internal/db/models.go:177.62,178.18 1 0
github.com/sparkle/gateway/internal/db/models.go:178.18,181.3 2 0
github.com/sparkle/gateway/internal/db/models.go:182.2,183.39 2 0
github.com/sparkle/gateway/internal/db/models.go:187.61,188.15 1 0
github.com/sparkle/gateway/internal/db/models.go:188.15,190.3 1 0
github.com/sparkle/gateway/internal/db/models.go:191.2,191.40 1 0
github.com/sparkle/gateway/internal/db/models.go:203.54,204.25 1 0
github.com/sparkle/gateway/internal/db/models.go:205.14,206.25 1 0
github.com/sparkle/gateway/internal/db/models.go:207.14,208.25 1 0
github.com/sparkle/gateway/internal/db/models.go:209.10,210.73 1 0
github.com/sparkle/gateway/internal/db/models.go:212.2,212.12 1 0
github.com/sparkle/gateway/internal/db/models.go:221.61,222.18 1 0
github.com/sparkle/gateway/internal/db/models.go:222.18,225.3 2 0
github.com/sparkle/gateway/internal/db/models.go:226.2,227.38 2 0
github.com/sparkle/gateway/internal/db/models.go:231.60,232.15 1 0
github.com/sparkle/gateway/internal/db/models.go:232.15,234.3 1 0
github.com/sparkle/gateway/internal/db/models.go:235.2,235.39 1 0
github.com/sparkle/gateway/internal/db/models.go:246.52,247.25 1 0
github.com/sparkle/gateway/internal/db/models.go:248.14,249.23 1 0
github.com/sparkle/gateway/internal/db/models.go:250.14,251.23 1 0
github.com/sparkle/gateway/internal/db/models.go:252.10,253.71 1 0
github.com/sparkle/gateway/internal/db/models.go:255.2,255.12 1 0
github.com/sparkle/gateway/internal/db/models.go:264.59,265.18 1 0
github.com/sparkle/gateway/internal/db/models.go:265.18,268.3 2 0
github.com/sparkle/gateway/internal/db/models.go:269.2,270.36 2 0
github.com/sparkle/gateway/internal/db/models.go:274.58,275.15 1 0
github.com/sparkle/gateway/internal/db/models.go:275.15,277.3 1 0
github.com/sparkle/gateway/internal/db/models.go:278.2,278.37 1 0
github.com/sparkle/gateway/internal/db/models.go:291.60,292.25 1 0
github.com/sparkle/gateway/internal/db/models.go:293.14,294.31 1 0
github.com/sparkle/gateway/internal/db/models.go:295.14,296.31 1 0
github.com/sparkle/gateway/internal/db/models.go:297.10,298.79 1 0
github.com/sparkle/gateway/internal/db/models.go:300.2,300.12 1 0
github.com/sparkle/gateway/internal/db/models.go:309.67,310.18 1 0
github.com/sparkle/gateway/internal/db/models.go:310.18,313.3 2 0
github.com/sparkle/gateway/internal/db/models.go:314.2,315.44 2 0
github.com/sparkle/gateway/internal/db/models.go:319.66,320.15 1 0
github.com/sparkle/gateway/internal/db/models.go:320.15,322.3 1 0
github.com/sparkle/gateway/internal/db/models.go:323.2,323.45 1 0
github.com/sparkle/gateway/internal/db/models.go:336.58,337.25 1 0
github.com/sparkle/gateway/internal/db/models.go:338.14,339.29 1 0
github.com/sparkle/gateway/internal/db/models.go:340.14,341.29 1 0
github.com/sparkle/gateway/internal/db/models.go:342.10,343.77 1 0
github.com/sparkle/gateway/internal/db/models.go:345.2,345.12 1 0
github.com/sparkle/gateway/internal/db/models.go:354.65,355.18 1 0
github.com/sparkle/gateway/internal/db/models.go:355.18,358.3 2 0
github.com/sparkle/gateway/internal/db/models.go:359.2,360.42 2 0
github.com/sparkle/gateway/internal/db/models.go:364.64,365.15 1 0
github.com/sparkle/gateway/internal/db/models.go:365.15,367.3 1 0
github.com/sparkle/gateway/internal/db/models.go:368.2,368.43 1 0
github.com/sparkle/gateway/internal/db/models.go:380.54,381.25 1 0
github.com/sparkle/gateway/internal/db/models.go:382.14,383.25 1 0
github.com/sparkle/gateway/internal/db/models.go:384.14,385.25 1 0
github.com/sparkle/gateway/internal/db/models.go:386.10,387.73 1 0
github.com/sparkle/gateway/internal/db/models.go:389.2,389.12 1 0
github.com/sparkle/gateway/internal/db/models.go:398.61,399.18 1 0
github.com/sparkle/gateway/internal/db/models.go:399.18,402.3 2 0
github.com/sparkle/gateway/internal/db/models.go:403.2,404.38 2 0
github.com/sparkle/gateway/internal/db/models.go:408.60,409.15 1 0
github.com/sparkle/gateway/internal/db/models.go:409.15,411.3 1 0
github.com/sparkle/gateway/internal/db/models.go:412.2,412.39 1 0
github.com/sparkle/gateway/internal/db/models.go:423.50,424.25 1 0
github.com/sparkle/gateway/internal/db/models.go:425.14,426.21 1 0
github.com/sparkle/gateway/internal/db/models.go:427.14,428.21 1 0
github.com/sparkle/gateway/internal/db/models.go:429.10,430.69 1 0
github.com/sparkle/gateway/internal/db/models.go:432.2,432.12 1 0
github.com/sparkle/gateway/internal/db/models.go:441.57,442.18 1 0
github.com/sparkle/gateway/internal/db/models.go:442.18,445.3 2 0
github.com/sparkle/gateway/internal/db/models.go:446.2,447.34 2 0
github.com/sparkle/gateway/internal/db/models.go:451.56,452.15 1 0
github.com/sparkle/gateway/internal/db/models.go:452.15,454.3 1 0
github.com/sparkle/gateway/internal/db/models.go:455.2,455.35 1 0
github.com/sparkle/gateway/internal/db/models.go:465.51,466.25 1 0
github.com/sparkle/gateway/internal/db/models.go:467.14,468.22 1 0
github.com/sparkle/gateway/internal/db/models.go:469.14,470.22 1 0
github.com/sparkle/gateway/internal/db/models.go:471.10,472.70 1 0
github.com/sparkle/gateway/internal/db/models.go:474.2,474.12 1 0
github.com/sparkle/gateway/internal/db/models.go:483.58,484.18 1 0
github.com/sparkle/gateway/internal/db/models.go:484.18,487.3 2 0
github.com/sparkle/gateway/internal/db/models.go:488.2,489.35 2 0
github.com/sparkle/gateway/internal/db/models.go:493.57,494.15 1 0
github.com/sparkle/gateway/internal/db/models.go:494.15,496.3 1 0
github.com/sparkle/gateway/internal/db/models.go:497.2,497.36 1 0
github.com/sparkle/gateway/internal/db/models.go:507.49,508.25 1 0
github.com/sparkle/gateway/internal/db/models.go:509.14,510.20 1 0
github.com/sparkle/gateway/internal/db/models.go:511.14,512.20 1 0
github.com/sparkle/gateway/internal/db/models.go:513.10,514.68 1 0
github.com/sparkle/gateway/internal/db/models.go:516.2,516.12 1 0
github.com/sparkle/gateway/internal/db/models.go:525.56,526.18 1 0
github.com/sparkle/gateway/internal/db/models.go:526.18,529.3 2 0
github.com/sparkle/gateway/internal/db/models.go:530.2,531.33 2 0
github.com/sparkle/gateway/internal/db/models.go:535.55,536.15 1 0
github.com/sparkle/gateway/internal/db/models.go:536.15,538.3 1 0
github.com/sparkle/gateway/internal/db/models.go:539.2,539.34 1 0
github.com/sparkle/gateway/internal/db/models.go:550.56,551.25 1 0
github.com/sparkle/gateway/internal/db/models.go:552.14,553.27 1 0
github.com/sparkle/gateway/internal/db/models.go:554.14,555.27 1 0
github.com/sparkle/gateway/internal/db/models.go:556.10,557.75 1 0
github.com/sparkle/gateway/internal/db/models.go:559.2,559.12 1 0
github.com/sparkle/gateway/internal/db/models.go:568.63,569.18 1 0
github.com/sparkle/gateway/internal/db/models.go:569.18,572.3 2 0
github.com/sparkle/gateway/internal/db/models.go:573.2,574.40 2 0
github.com/sparkle/gateway/internal/db/models.go:578.62,579.15 1 0
github.com/sparkle/gateway/internal/db/models.go:579.15,581.3 1 0
github.com/sparkle/gateway/internal/db/models.go:582.2,582.41 1 0
github.com/sparkle/gateway/internal/db/models.go:593.49,594.25 1 0
github.com/sparkle/gateway/internal/db/models.go:595.14,596.20 1 0
github.com/sparkle/gateway/internal/db/models.go:597.14,598.20 1 0
github.com/sparkle/gateway/internal/db/models.go:599.10,600.68 1 0
github.com/sparkle/gateway/internal/db/models.go:602.2,602.12 1 0
github.com/sparkle/gateway/internal/db/models.go:611.56,612.18 1 0
github.com/sparkle/gateway/internal/db/models.go:612.18,615.3 2 0
github.com/sparkle/gateway/internal/db/models.go:616.2,617.33 2 0
github.com/sparkle/gateway/internal/db/models.go:621.55,622.15 1 0
github.com/sparkle/gateway/internal/db/models.go:622.15,624.3 1 0
github.com/sparkle/gateway/internal/db/models.go:625.2,625.34 1 0
github.com/sparkle/gateway/internal/db/models.go:636.49,637.25 1 0
github.com/sparkle/gateway/internal/db/models.go:638.14,639.20 1 0
github.com/sparkle/gateway/internal/db/models.go:640.14,641.20 1 0
github.com/sparkle/gateway/internal/db/models.go:642.10,643.68 1 0
github.com/sparkle/gateway/internal/db/models.go:645.2,645.12 1 0
github.com/sparkle/gateway/internal/db/models.go:654.56,655.18 1 0
github.com/sparkle/gateway/internal/db/models.go:655.18,658.3 2 0
github.com/sparkle/gateway/internal/db/models.go:659.2,660.33 2 0
github.com/sparkle/gateway/internal/db/models.go:664.55,665.15 1 0
github.com/sparkle/gateway/internal/db/models.go:665.15,667.3 1 0
github.com/sparkle/gateway/internal/db/models.go:668.2,668.34 1 0
github.com/sparkle/gateway/internal/db/models.go:679.51,680.25 1 0
github.com/sparkle/gateway/internal/db/models.go:681.14,682.22 1 0
github.com/sparkle/gateway/internal/db/models.go:683.14,684.22 1 0
github.com/sparkle/gateway/internal/db/models.go:685.10,686.70 1 0
github.com/sparkle/gateway/internal/db/models.go:688.2,688.12 1 0
github.com/sparkle/gateway/internal/db/models.go:697.58,698.18 1 0
github.com/sparkle/gateway/internal/db/models.go:698.18,701.3 2 0
github.com/sparkle/gateway/internal/db/models.go:702.2,703.35 2 0
github.com/sparkle/gateway/internal/db/models.go:707.57,708.15 1 0
github.com/sparkle/gateway/internal/db/models.go:708.15,710.3 1 0
github.com/sparkle/gateway/internal/db/models.go:711.2,711.36 1 0
github.com/sparkle/gateway/internal/db/models.go:731.51,732.25 1 0
github.com/sparkle/gateway/internal/db/models.go:733.14,734.22 1 0
github.com/sparkle/gateway/internal/db/models.go:735.14,736.22 1 0
github.com/sparkle/gateway/internal/db/models.go:737.10,738.70 1 0
github.com/sparkle/gateway/internal/db/models.go:740.2,740.12 1 0
github.com/sparkle/gateway/internal/db/models.go:749.58,750.18 1 0
github.com/sparkle/gateway/internal/db/models.go:750.18,753.3 2 0
github.com/sparkle/gateway/internal/db/models.go:754.2,755.35 2 0
github.com/sparkle/gateway/internal/db/models.go:759.57,760.15 1 0
github.com/sparkle/gateway/internal/db/models.go:760.15,762.3 1 0
github.com/sparkle/gateway/internal/db/models.go:763.2,763.36 1 0
github.com/sparkle/gateway/internal/db/models.go:775.56,776.25 1 0
github.com/sparkle/gateway/internal/db/models.go:777.14,778.27 1 0
github.com/sparkle/gateway/internal/db/models.go:779.14,780.27 1 0
github.com/sparkle/gateway/internal/db/models.go:781.10,782.75 1 0
github.com/sparkle/gateway/internal/db/models.go:784.2,784.12 1 0
github.com/sparkle/gateway/internal/db/models.go:793.63,794.18 1 0
github.com/sparkle/gateway/internal/db/models.go:794.18,797.3 2 0
github.com/sparkle/gateway/internal/db/models.go:798.2,799.40 2 0
github.com/sparkle/gateway/internal/db/models.go:803.62,804.15 1 0
github.com/sparkle/gateway/internal/db/models.go:804.15,806.3 1 0
github.com/sparkle/gateway/internal/db/models.go:807.2,807.41 1 0
github.com/sparkle/gateway/internal/db/models.go:819.60,820.25 1 0
github.com/sparkle/gateway/internal/db/models.go:821.14,822.31 1 0
github.com/sparkle/gateway/internal/db/models.go:823.14,824.31 1 0
github.com/sparkle/gateway/internal/db/models.go:825.10,826.79 1 0
github.com/sparkle/gateway/internal/db/models.go:828.2,828.12 1 0
github.com/sparkle/gateway/internal/db/models.go:837.67,838.18 1 0
github.com/sparkle/gateway/internal/db/models.go:838.18,841.3 2 0
github.com/sparkle/gateway/internal/db/models.go:842.2,843.44 2 0
github.com/sparkle/gateway/internal/db/models.go:847.66,848.15 1 0
github.com/sparkle/gateway/internal/db/models.go:848.15,850.3 1 0
github.com/sparkle/gateway/internal/db/models.go:851.2,851.45 1 0
github.com/sparkle/gateway/internal/db/models.go:863.52,864.25 1 0
github.com/sparkle/gateway/internal/db/models.go:865.14,866.23 1 0
github.com/sparkle/gateway/internal/db/models.go:867.14,868.23 1 0
github.com/sparkle/gateway/internal/db/models.go:869.10,870.71 1 0
github.com/sparkle/gateway/internal/db/models.go:872.2,872.12 1 0
github.com/sparkle/gateway/internal/db/models.go:881.59,882.18 1 0
github.com/sparkle/gateway/internal/db/models.go:882.18,885.3 2 0
github.com/sparkle/gateway/internal/db/models.go:886.2,887.36 2 0
github.com/sparkle/gateway/internal/db/models.go:891.58,892.15 1 0
github.com/sparkle/gateway/internal/db/models.go:892.15,894.3 1 0
github.com/sparkle/gateway/internal/db/models.go:895.2,895.37 1 0
github.com/sparkle/gateway/internal/db/models.go:907.49,908.25 1 0
github.com/sparkle/gateway/internal/db/models.go:909.14,910.20 1 0
github.com/sparkle/gateway/internal/db/models.go:911.14,912.20 1 0
github.com/sparkle/gateway/internal/db/models.go:913.10,914.68 1 0
github.com/sparkle/gateway/internal/db/models.go:916.2,916.12 1 0
github.com/sparkle/gateway/internal/db/models.go:925.56,926.18 1 0
github.com/sparkle/gateway/internal/db/models.go:926.18,929.3 2 0
github.com/sparkle/gateway/internal/db/models.go:930.2,931.33 2 0
github.com/sparkle/gateway/internal/db/models.go:935.55,936.15 1 0
github.com/sparkle/gateway/internal/db/models.go:936.15,938.3 1 0
github.com/sparkle/gateway/internal/db/models.go:939.2,939.34 1 0
github.com/sparkle/gateway/internal/db/models.go:949.48,950.25 1 0
github.com/sparkle/gateway/internal/db/models.go:951.14,952.19 1 0
github.com/sparkle/gateway/internal/db/models.go:953.14,954.19 1 0
github.com/sparkle/gateway/internal/db/models.go:955.10,956.67 1 0
github.com/sparkle/gateway/internal/db/models.go:958.2,958.12 1 0
github.com/sparkle/gateway/internal/db/models.go:967.55,968.18 1 0
github.com/sparkle/gateway/internal/db/models.go:968.18,971.3 2 0
github.com/sparkle/gateway/internal/db/models.go:972.2,973.32 2 0
github.com/sparkle/gateway/internal/db/models.go:977.54,978.15 1 0
github.com/sparkle/gateway/internal/db/models.go:978.15,980.3 1 0
github.com/sparkle/gateway/internal/db/models.go:981.2,981.33 1 0
github.com/sparkle/gateway/internal/db/models.go:995.52,996.25 1 0
github.com/sparkle/gateway/internal/db/models.go:997.14,998.23 1 0
github.com/sparkle/gateway/internal/db/models.go:999.14,1000.23 1 0
github.com/sparkle/gateway/internal/db/models.go:1001.10,1002.71 1 0
github.com/sparkle/gateway/internal/db/models.go:1004.2,1004.12 1 0
github.com/sparkle/gateway/internal/db/models.go:1013.59,1014.18 1 0
github.com/sparkle/gateway/internal/db/models.go:1014.18,1017.3 2 0
github.com/sparkle/gateway/internal/db/models.go:1018.2,1019.36 2 0
github.com/sparkle/gateway/internal/db/models.go:1023.58,1024.15 1 0
github.com/sparkle/gateway/internal/db/models.go:1024.15,1026.3 1 0
github.com/sparkle/gateway/internal/db/models.go:1027.2,1027.37 1 0
github.com/sparkle/gateway/internal/db/models.go:1039.52,1040.25 1 0
github.com/sparkle/gateway/internal/db/models.go:1041.14,1042.23 1 0
github.com/sparkle/gateway/internal/db/models.go:1043.14,1044.23 1 0
github.com/sparkle/gateway/internal/db/models.go:1045.10,1046.71 1 0
github.com/sparkle/gateway/internal/db/models.go:1048.2,1048.12 1 0
github.com/sparkle/gateway/internal/db/models.go:1057.59,1058.18 1 0
github.com/sparkle/gateway/internal/db/models.go:1058.18,1061.3 2 0
github.com/sparkle/gateway/internal/db/models.go:1062.2,1063.36 2 0
github.com/sparkle/gateway/internal/db/models.go:1067.58,1068.15 1 0
github.com/sparkle/gateway/internal/db/models.go:1068.15,1070.3 1 0
github.com/sparkle/gateway/internal/db/models.go:1071.2,1071.37 1 0
github.com/sparkle/gateway/internal/db/models.go:1082.56,1083.25 1 0
github.com/sparkle/gateway/internal/db/models.go:1084.14,1085.27 1 0
github.com/sparkle/gateway/internal/db/models.go:1086.14,1087.27 1 0
github.com/sparkle/gateway/internal/db/models.go:1088.10,1089.75 1 0
github.com/sparkle/gateway/internal/db/models.go:1091.2,1091.12 1 0
github.com/sparkle/gateway/internal/db/models.go:1100.63,1101.18 1 0
github.com/sparkle/gateway/internal/db/models.go:1101.18,1104.3 2 0
github.com/sparkle/gateway/internal/db/models.go:1105.2,1106.40 2 0
github.com/sparkle/gateway/internal/db/models.go:1110.62,1111.15 1 0
github.com/sparkle/gateway/internal/db/models.go:1111.15,1113.3 1 0
github.com/sparkle/gateway/internal/db/models.go:1114.2,1114.41 1 0
github.com/sparkle/gateway/internal/db/models.go:1125.55,1126.25 1 0
github.com/sparkle/gateway/internal/db/models.go:1127.14,1128.26 1 0
github.com/sparkle/gateway/internal/db/models.go:1129.14,1130.26 1 0
github.com/sparkle/gateway/internal/db/models.go:1131.10,1132.74 1 0
github.com/sparkle/gateway/internal/db/models.go:1134.2,1134.12 1 0
github.com/sparkle/gateway/internal/db/models.go:1143.62,1144.18 1 0
github.com/sparkle/gateway/internal/db/models.go:1144.18,1147.3 2 0
github.com/sparkle/gateway/internal/db/models.go:1148.2,1149.39 2 0
github.com/sparkle/gateway/internal/db/models.go:1153.61,1154.15 1 0
github.com/sparkle/gateway/internal/db/models.go:1154.15,1156.3 1 0
github.com/sparkle/gateway/internal/db/models.go:1157.2,1157.40 1 0
github.com/sparkle/gateway/internal/db/models.go:1168.53,1169.25 1 0
github.com/sparkle/gateway/internal/db/models.go:1170.14,1171.24 1 0
github.com/sparkle/gateway/internal/db/models.go:1172.14,1173.24 1 0
github.com/sparkle/gateway/internal/db/models.go:1174.10,1175.72 1 0
github.com/sparkle/gateway/internal/db/models.go:1177.2,1177.12 1 0
github.com/sparkle/gateway/internal/db/models.go:1186.60,1187.18 1 0
github.com/sparkle/gateway/internal/db/models.go:1187.18,1190.3 2 0
github.com/sparkle/gateway/internal/db/models.go:1191.2,1192.37 2 0
github.com/sparkle/gateway/internal/db/models.go:1196.59,1197.15 1 0
github.com/sparkle/gateway/internal/db/models.go:1197.15,1199.3 1 0
github.com/sparkle/gateway/internal/db/models.go:1200.2,1200.38 1 0
github.com/sparkle/gateway/internal/db/models.go:1212.50,1213.25 1 0
github.com/sparkle/gateway/internal/db/models.go:1214.14,1215.21 1 0
github.com/sparkle/gateway/internal/db/models.go:1216.14,1217.21 1 0
github.com/sparkle/gateway/internal/db/models.go:1218.10,1219.69 1 0
github.com/sparkle/gateway/internal/db/models.go:1221.2,1221.12 1 0
github.com/sparkle/gateway/internal/db/models.go:1230.57,1231.18 1 0
github.com/sparkle/gateway/internal/db/models.go:1231.18,1234.3 2 0
github.com/sparkle/gateway/internal/db/models.go:1235.2,1236.34 2 0
github.com/sparkle/gateway/internal/db/models.go:1240.56,1241.15 1 0
github.com/sparkle/gateway/internal/db/models.go:1241.15,1243.3 1 0
github.com/sparkle/gateway/internal/db/models.go:1244.2,1244.35 1 0
github.com/sparkle/gateway/internal/db/models.go:1259.48,1260.25 1 0
github.com/sparkle/gateway/internal/db/models.go:1261.14,1262.19 1 0
github.com/sparkle/gateway/internal/db/models.go:1263.14,1264.19 1 0
github.com/sparkle/gateway/internal/db/models.go:1265.10,1266.67 1 0
github.com/sparkle/gateway/internal/db/models.go:1268.2,1268.12 1 0
github.com/sparkle/gateway/internal/db/models.go:1277.55,1278.18 1 0
github.com/sparkle/gateway/internal/db/models.go:1278.18,1281.3 2 0
github.com/sparkle/gateway/internal/db/models.go:1282.2,1283.32 2 0
github.com/sparkle/gateway/internal/db/models.go:1287.54,1288.15 1 0
github.com/sparkle/gateway/internal/db/models.go:1288.15,1290.3 1 0
github.com/sparkle/gateway/internal/db/models.go:1291.2,1291.33 1 0
github.com/sparkle/gateway/internal/db/models.go:1302.50,1303.25 1 0
github.com/sparkle/gateway/internal/db/models.go:1304.14,1305.21 1 0
github.com/sparkle/gateway/internal/db/models.go:1306.14,1307.21 1 0
github.com/sparkle/gateway/internal/db/models.go:1308.10,1309.69 1 0
github.com/sparkle/gateway/internal/db/models.go:1311.2,1311.12 1 0
github.com/sparkle/gateway/internal/db/models.go:1320.57,1321.18 1 0
github.com/sparkle/gateway/internal/db/models.go:1321.18,1324.3 2 0
github.com/sparkle/gateway/internal/db/models.go:1325.2,1326.34 2 0
github.com/sparkle/gateway/internal/db/models.go:1330.56,1331.15 1 0
github.com/sparkle/gateway/internal/db/models.go:1331.15,1333.3 1 0
github.com/sparkle/gateway/internal/db/models.go:1334.2,1334.35 1 0
github.com/sparkle/gateway/internal/db/models.go:1349.56,1350.25 1 0
github.com/sparkle/gateway/internal/db/models.go:1351.14,1352.27 1 0
github.com/sparkle/gateway/internal/db/models.go:1353.14,1354.27 1 0
github.com/sparkle/gateway/internal/db/models.go:1355.10,1356.75 1 0
github.com/sparkle/gateway/internal/db/models.go:1358.2,1358.12 1 0
github.com/sparkle/gateway/internal/db/models.go:1367.63,1368.18 1 0
github.com/sparkle/gateway/internal/db/models.go:1368.18,1371.3 2 0
github.com/sparkle/gateway/internal/db/models.go:1372.2,1373.40 2 0
github.com/sparkle/gateway/internal/db/models.go:1377.62,1378.15 1 0
github.com/sparkle/gateway/internal/db/models.go:1378.15,1380.3 1 0
github.com/sparkle/gateway/internal/db/models.go:1381.2,1381.41 1 0
github.com/sparkle/gateway/internal/db/models.go:1393.59,1394.25 1 0
github.com/sparkle/gateway/internal/db/models.go:1395.14,1396.30 1 0
github.com/sparkle/gateway/internal/db/models.go:1397.14,1398.30 1 0
github.com/sparkle/gateway/internal/db/models.go:1399.10,1400.78 1 0
github.com/sparkle/gateway/internal/db/models.go:1402.2,1402.12 1 0
github.com/sparkle/gateway/internal/db/models.go:1411.66,1412.18 1 0
github.com/sparkle/gateway/internal/db/models.go:1412.18,1415.3 2 0
github.com/sparkle/gateway/internal/db/models.go:1416.2,1417.43 2 0
github.com/sparkle/gateway/internal/db/models.go:1421.65,1422.15 1 0
github.com/sparkle/gateway/internal/db/models.go:1422.15,1424.3 1 0
github.com/sparkle/gateway/internal/db/models.go:1425.2,1425.44 1 0
github.com/sparkle/gateway/internal/db/models.go:1437.57,1438.25 1 0
github.com/sparkle/gateway/internal/db/models.go:1439.14,1440.28 1 0
github.com/sparkle/gateway/internal/db/models.go:1441.14,1442.28 1 0
github.com/sparkle/gateway/internal/db/models.go:1443.10,1444.76 1 0
github.com/sparkle/gateway/internal/db/models.go:1446.2,1446.12 1 0
github.com/sparkle/gateway/internal/db/models.go:1455.64,1456.18 1 0
github.com/sparkle/gateway/internal/db/models.go:1456.18,1459.3 2 0
github.com/sparkle/gateway/internal/db/models.go:1460.2,1461.41 2 0
github.com/sparkle/gateway/internal/db/models.go:1465.63,1466.15 1 0
github.com/sparkle/gateway/internal/db/models.go:1466.15,1468.3 1 0
github.com/sparkle/gateway/internal/db/models.go:1469.2,1469.42 1 0
github.com/sparkle/gateway/internal/db/models.go:1482.65,1483.25 1 0
github.com/sparkle/gateway/internal/db/models.go:1484.14,1485.36 1 0
github.com/sparkle/gateway/internal/db/models.go:1486.14,1487.36 1 0
github.com/sparkle/gateway/internal/db/models.go:1488.10,1489.84 1 0
github.com/sparkle/gateway/internal/db/models.go:1491.2,1491.12 1 0
github.com/sparkle/gateway/internal/db/models.go:1500.72,1501.18 1 0
github.com/sparkle/gateway/internal/db/models.go:1501.18,1504.3 2 0
github.com/sparkle/gateway/internal/db/models.go:1505.2,1506.49 2 0
github.com/sparkle/gateway/internal/db/models.go:1510.71,1511.15 1 0
github.com/sparkle/gateway/internal/db/models.go:1511.15,1513.3 1 0
github.com/sparkle/gateway/internal/db/models.go:1514.2,1514.50 1 0
github.com/sparkle/gateway/internal/db/query.sql.go:19.103,21.16 2 0
github.com/sparkle/gateway/internal/db/query.sql.go:21.16,23.3 1 0
github.com/sparkle/gateway/internal/db/query.sql.go:24.2,24.35 1 0
github.com/sparkle/gateway/internal/db/query.sql.go:32.90,37.2 4 0
github.com/sparkle/gateway/internal/db/query.sql.go:58.117,69.2 4 0
github.com/sparkle/gateway/internal/db/query.sql.go:84.87,106.2 4 0
github.com/sparkle/gateway/internal/db/query.sql.go:119.87,122.2 2 0
github.com/sparkle/gateway/internal/db/query.sql.go:144.99,204.2 4 0
github.com/sparkle/gateway/internal/db/query.sql.go:221.87,279.2 4 0
github.com/sparkle/gateway/internal/db/query.sql.go:287.100,289.16 2 0
github.com/sparkle/gateway/internal/db/query.sql.go:289.16,291.3 1 0
github.com/sparkle/gateway/internal/db/query.sql.go:292.2,292.35 1 0
github.com/sparkle/gateway/internal/db/query.sql.go:305.87,308.2 2 0
github.com/sparkle/gateway/internal/db/query.sql.go:315.106,317.16 2 0
github.com/sparkle/gateway/internal/db/query.sql.go:317.16,319.3 1 0
github.com/sparkle/gateway/internal/db/query.sql.go:320.2,320.35 1 0
github.com/sparkle/gateway/internal/db/query.sql.go:330.96,332.16 2 0
github.com/sparkle/gateway/internal/db/query.sql.go:332.16,334.3 1 0
github.com/sparkle/gateway/internal/db/query.sql.go:335.2,337.18 3 0
github.com/sparkle/gateway/internal/db/query.sql.go:337.18,348.17 2 0
github.com/sparkle/gateway/internal/db/query.sql.go:348.17,350.4 1 0
github.com/sparkle/gateway/internal/db/query.sql.go:351.3,351.27 1 0
github.com/sparkle/gateway/internal/db/query.sql.go:353.2,353.35 1 0
github.com/sparkle/gateway/internal/db/query.sql.go:353.35,355.3 1 0
github.com/sparkle/gateway/internal/db/query.sql.go:356.2,356.19 1 0
github.com/sparkle/gateway/internal/db/query.sql.go:371.104,373.16 2 0
github.com/sparkle/gateway/internal/db/query.sql.go:373.16,375.3 1 0
github.com/sparkle/gateway/internal/db/query.sql.go:376.2,378.18 3 0
github.com/sparkle/gateway/internal/db/query.sql.go:378.18,395.17 2 0
github.com/sparkle/gateway/internal/db/query.sql.go:395.17,397.4 1 0
github.com/sparkle/gateway/internal/db/query.sql.go:398.3,398.27 1 0
github.com/sparkle/gateway/internal/db/query.sql.go:400.2,400.35 1 0
github.com/sparkle/gateway/internal/db/query.sql.go:400.35,402.3 1 0
github.com/sparkle/gateway/internal/db/query.sql.go:403.2,403.19 1 0
github.com/sparkle/gateway/internal/db/query.sql.go:428.120,441.2 4 0
github.com/sparkle/gateway/internal/db/query.sql.go:447.96,452.2 4 0
github.com/sparkle/gateway/internal/db/query.sql.go:470.119,472.16 2 0
github.com/sparkle/gateway/internal/db/query.sql.go:472.16,474.3 1 0
github.com/sparkle/gateway/internal/db/query.sql.go:475.2,477.18 3 0
github.com/sparkle/gateway/internal/db/query.sql.go:477.18,489.17 2 0
github.com/sparkle/gateway/internal/db/query.sql.go:489.17,491.4 1 0
github.com/sparkle/gateway/internal/db/query.sql.go:492.3,492.27 1 0
github.com/sparkle/gateway/internal/db/query.sql.go:494.2,494.35 1 0
github.com/sparkle/gateway/internal/db/query.sql.go:494.35,496.3 1 0
github.com/sparkle/gateway/internal/db/query.sql.go:497.2,497.19 1 0
github.com/sparkle/gateway/internal/db/query.sql.go:513.115,515.16 2 0
github.com/sparkle/gateway/internal/db/query.sql.go:515.16,517.3 1 0
github.com/sparkle/gateway/internal/db/query.sql.go:518.2,520.18 3 0
github.com/sparkle/gateway/internal/db/query.sql.go:520.18,532.17 2 0
github.com/sparkle/gateway/internal/db/query.sql.go:532.17,534.4 1 0
github.com/sparkle/gateway/internal/db/query.sql.go:535.3,535.27 1 0
github.com/sparkle/gateway/internal/db/query.sql.go:537.2,537.35 1 0
github.com/sparkle/gateway/internal/db/query.sql.go:537.35,539.3 1 0
github.com/sparkle/gateway/internal/db/query.sql.go:540.2,540.19 1 0
github.com/sparkle/gateway/internal/db/query.sql.go:585.116,587.16 2 0
github.com/sparkle/gateway/internal/db/query.sql.go:587.16,589.3 1 0
github.com/sparkle/gateway/internal/db/query.sql.go:590.2,592.18 3 0
github.com/sparkle/gateway/internal/db/query.sql.go:592.18,612.17 2 0
github.com/sparkle/gateway/internal/db/query.sql.go:612.17,614.4 1 0
github.com/sparkle/gateway/internal/db/query.sql.go:615.3,615.27 1 0
github.com/sparkle/gateway/internal/db/query.sql.go:617.2,617.35 1 0
github.com/sparkle/gateway/internal/db/query.sql.go:617.35,619.3 1 0
github.com/sparkle/gateway/internal/db/query.sql.go:620.2,620.19 1 0
github.com/sparkle/gateway/internal/db/query.sql.go:627.100,654.2 4 0
github.com/sparkle/gateway/internal/db/query.sql.go:674.115,686.2 4 0
github.com/sparkle/gateway/internal/db/query.sql.go:699.102,719.2 4 0
github.com/sparkle/gateway/internal/db/query.sql.go:732.110,737.2 4 0
github.com/sparkle/gateway/internal/db/query.sql.go:743.77,748.2 4 0
github.com/sparkle/gateway/internal/db/query.sql.go:760.81,777.2 4 0
github.com/sparkle/gateway/internal/db/query.sql.go:790.114,804.2 4 0
github.com/sparkle/gateway/internal/db/query.sql.go:836.137,838.16 2 0
github.com/sparkle/gateway/internal/db/query.sql.go:838.16,840.3 1 0
github.com/sparkle/gateway/internal/db/query.sql.go:841.2,843.18 3 0
github.com/sparkle/gateway/internal/db/query.sql.go:843.18,850.17 2 0
github.com/sparkle/gateway/internal/db/query.sql.go:850.17,852.4 1 0
github.com/sparkle/gateway/internal/db/query.sql.go:853.3,853.27 1 0
github.com/sparkle/gateway/internal/db/query.sql.go:855.2,855.35 1 0
github.com/sparkle/gateway/internal/db/query.sql.go:855.35,857.3 1 0
github.com/sparkle/gateway/internal/db/query.sql.go:858.2,858.19 1 0
github.com/sparkle/gateway/internal/db/query.sql.go:875.124,882.16 2 0
github.com/sparkle/gateway/internal/db/query.sql.go:882.16,884.3 1 0
github.com/sparkle/gateway/internal/db/query.sql.go:885.2,887.18 3 0
github.com/sparkle/gateway/internal/db/query.sql.go:887.18,904.17 2 0
github.com/sparkle/gateway/internal/db/query.sql.go:904.17,906.4 1 0
github.com/sparkle/gateway/internal/db/query.sql.go:907.3,907.27 1 0
github.com/sparkle/gateway/internal/db/query.sql.go:909.2,909.35 1 0
github.com/sparkle/gateway/internal/db/query.sql.go:909.35,911.3 1 0
github.com/sparkle/gateway/internal/db/query.sql.go:912.2,912.19 1 0
github.com/sparkle/gateway/internal/db/query.sql.go:919.95,924.2 4 0
github.com/sparkle/gateway/internal/db/query.sql.go:934.82,968.2 4 0
github.com/sparkle/gateway/internal/db/query.sql.go:981.104,983.16 2 0
github.com/sparkle/gateway/internal/db/query.sql.go:983.16,985.3 1 0
github.com/sparkle/gateway/internal/db/query.sql.go:986.2,988.18 3 0
github.com/sparkle/gateway/internal/db/query.sql.go:988.18,1001.17 2 0
github.com/sparkle/gateway/internal/db/query.sql.go:1001.17,1003.4 1 0
github.com/sparkle/gateway/internal/db/query.sql.go:1004.3,1004.27 1 0
github.com/sparkle/gateway/internal/db/query.sql.go:1006.2,1006.35 1 0
github.com/sparkle/gateway/internal/db/query.sql.go:1006.35,1008.3 1 0
github.com/sparkle/gateway/internal/db/query.sql.go:1009.2,1009.19 1 0
github.com/sparkle/gateway/internal/db/query.sql.go:1016.78,1067.2 4 0
github.com/sparkle/gateway/internal/db/query.sql.go:1073.92,1124.2 4 0
github.com/sparkle/gateway/internal/db/query.sql.go:1130.83,1181.2 4 0
github.com/sparkle/gateway/internal/db/query.sql.go:1192.111,1218.2 4 0
github.com/sparkle/gateway/internal/db/query.sql.go:1242.101,1254.2 2 0
github.com/sparkle/gateway/internal/db/query.sql.go:1279.93,1292.2 2 0
github.com/sparkle/gateway/internal/db/query.sql.go:1310.99,1315.2 4 0
github.com/sparkle/gateway/internal/db/query.sql.go:1326.93,1331.2 4 0
github.com/sparkle/gateway/internal/db/query.sql.go:1346.93,1397.2 4 0
github.com/sparkle/gateway/internal/db/query.sql.go:1410.95,1413.2 2 0
github.com/sparkle/gateway/internal/db/query.sql.go:1421.97,1424.2 2 0
github.com/sparkle/gateway/internal/db/query.sql.go:1445.83,1454.2 2 0
github.com/sparkle/gateway/internal/db/query.sql.go:1470.97,1473.2 2 0
github.com/sparkle/gateway/internal/db/query.sql.go:1488.107,1491.2 2 0
github.com/sparkle/gateway/internal/db/query.sql.go:1497.82,1500.2 2 0
github.com/sparkle/gateway/internal/db/query.sql.go:1519.108,1538.2 4 0
github.com/sparkle/gateway/internal/db/query.sql.go:1546.94,1549.2 2 0
github.com/sparkle/gateway/internal/db/query.sql.go:1589.108,1620.2 4 0
github.com/sparkle/gateway/internal/chaos/chaos.go:29.44,33.2 1 0
github.com/sparkle/gateway/internal/chaos/chaos.go:36.105,39.2 2 0
github.com/sparkle/gateway/internal/chaos/chaos.go:41.97,44.2 2 0
github.com/sparkle/gateway/internal/chaos/chaos.go:46.90,49.2 2 0
github.com/sparkle/gateway/internal/chaos/chaos.go:51.33,55.28 3 0
github.com/sparkle/gateway/internal/chaos/chaos.go:55.28,57.3 1 0
github.com/sparkle/gateway/internal/chaos/chaos.go:61.48,68.42 3 0
github.com/sparkle/gateway/internal/chaos/chaos.go:68.42,71.3 2 0
github.com/sparkle/gateway/internal/chaos/chaos.go:73.2,76.18 3 0
github.com/sparkle/gateway/internal/chaos/chaos.go:77.17,79.17 2 0
github.com/sparkle/gateway/internal/chaos/chaos.go:79.17,82.4 2 0
github.com/sparkle/gateway/internal/chaos/chaos.go:83.3,87.13 3 0
github.com/sparkle/gateway/internal/chaos/chaos.go:87.13,92.4 4 0
github.com/sparkle/gateway/internal/chaos/chaos.go:94.3,94.103 1 0
github.com/sparkle/gateway/internal/chaos/chaos.go:95.15,97.50 2 0
github.com/sparkle/gateway/internal/chaos/chaos.go:98.10,99.70 1 0
github.com/sparkle/gateway/internal/cqrs/outbox/publisher.go:40.47,45.2 1 0
github.com/sparkle/gateway/internal/cqrs/outbox/publisher.go:54.14,56.21 2 0
github.com/sparkle/gateway/internal/cqrs/outbox/publisher.go:56.21,58.3 1 0
github.com/sparkle/gateway/internal/cqrs/outbox/publisher.go:60.2,67.3 1 0
github.com/sparkle/gateway/internal/cqrs/outbox/publisher.go:71.52,72.44 1 0
github.com/sparkle/gateway/internal/cqrs/outbox/publisher.go:72.44,74.3 1 0
github.com/sparkle/gateway/internal/cqrs/outbox/publisher.go:75.2,85.6 5 0
github.com/sparkle/gateway/internal/cqrs/outbox/publisher.go:85.6,86.10 1 0
github.com/sparkle/gateway/internal/cqrs/outbox/publisher.go:87.21,89.20 2 0
github.com/sparkle/gateway/internal/cqrs/outbox/publisher.go:90.19,91.46 1 0
github.com/sparkle/gateway/internal/cqrs/outbox/publisher.go:91.46,94.5 2 0
github.com/sparkle/gateway/internal/cqrs/outbox/publisher.go:100.61,103.16 2 0
github.com/sparkle/gateway/internal/cqrs/outbox/publisher.go:103.16,105.3 1 0
github.com/sparkle/gateway/internal/cqrs/outbox/publisher.go:107.2,107.23 1 0
github.com/sparkle/gateway/internal/cqrs/outbox/publisher.go:107.23,109.3 1 0
github.com/sparkle/gateway/internal/cqrs/outbox/publisher.go:111.2,116.32 3 0
github.com/sparkle/gateway/internal/cqrs/outbox/publisher.go:116.32,119.17 2 0
github.com/sparkle/gateway/internal/cqrs/outbox/publisher.go:119.17,124.12 2 0
github.com/sparkle/gateway/internal/cqrs/outbox/publisher.go:128.3,128.63 1 0
github.com/sparkle/gateway/internal/cqrs/outbox/publisher.go:128.63,134.12 2 0
github.com/sparkle/gateway/internal/cqrs/outbox/publisher.go:137.3,150.4 5 0
github.com/sparkle/gateway/internal/cqrs/outbox/publisher.go:154.2,154.27 1 0
github.com/sparkle/gateway/internal/cqrs/outbox/publisher.go:154.27,155.65 1 0
github.com/sparkle/gateway/internal/cqrs/outbox/publisher.go:155.65,161.4 2 0
github.com/sparkle/gateway/internal/cqrs/outbox/publisher.go:164.2,164.12 1 0
github.com/sparkle/gateway/internal/cqrs/outbox/publisher.go:168.38,170.2 1 0
github.com/sparkle/gateway/internal/cqrs/outbox/publisher.go:191.43,196.2 1 0
github.com/sparkle/gateway/internal/cqrs/outbox/publisher.go:204.12,206.21 2 0
github.com/sparkle/gateway/internal/cqrs/outbox/publisher.go:206.21,208.3 1 0
github.com/sparkle/gateway/internal/cqrs/outbox/publisher.go:210.2,216.3 1 0
github.com/sparkle/gateway/internal/cqrs/outbox/publisher.go:220.50,229.6 4 0
github.com/sparkle/gateway/internal/cqrs/outbox/publisher.go:229.6,230.10 1 0
github.com/sparkle/gateway/internal/cqrs/outbox/publisher.go:231.21,233.20 2 0
github.com/sparkle/gateway/internal/cqrs/outbox/publisher.go:234.19,235.41 1 0
github.com/sparkle/gateway/internal/cqrs/outbox/publisher.go:235.41,237.5 1 0
github.com/sparkle/gateway/internal/cqrs/outbox/publisher.go:242.54,244.16 2 0
github.com/sparkle/gateway/internal/cqrs/outbox/publisher.go:244.16,246.3 1 0
github.com/sparkle/gateway/internal/cqrs/outbox/publisher.go:248.2,248.17 1 0
github.com/sparkle/gateway/internal/cqrs/outbox/publisher.go:248.17,252.3 1 0
github.com/sparkle/gateway/internal/cqrs/outbox/publisher.go:254.2,254.12 1 0
github.com/sparkle/gateway/internal/cqrs/outbox/publisher.go:271.19,272.19 1 0
github.com/sparkle/gateway/internal/cqrs/outbox/publisher.go:272.19,274.3 1 0
github.com/sparkle/gateway/internal/cqrs/outbox/publisher.go:275.2,280.3 1 0
github.com/sparkle/gateway/internal/cqrs/outbox/publisher.go:284.57,292.6 4 0
github.com/sparkle/gateway/internal/cqrs/outbox/publisher.go:292.6,293.10 1 0
github.com/sparkle/gateway/internal/cqrs/outbox/publisher.go:294.21,295.20 1 0
github.com/sparkle/gateway/internal/cqrs/outbox/publisher.go:296.19,297.39 1 0
github.com/sparkle/gateway/internal/cqrs/outbox/publisher.go:297.39,299.5 1 0
github.com/sparkle/gateway/internal/cqrs/outbox/publisher.go:304.59,306.16 2 0
github.com/sparkle/gateway/internal/cqrs/outbox/publisher.go:306.16,308.3 1 0
github.com/sparkle/gateway/internal/cqrs/outbox/publisher.go:310.2,313.18 2 0
github.com/sparkle/gateway/internal/cqrs/outbox/publisher.go:313.18,317.3 1 0
github.com/sparkle/gateway/internal/cqrs/outbox/publisher.go:319.2,319.12 1 0
github.com/sparkle/gateway/internal/cqrs/outbox/repository.go:46.68,51.2 1 0
github.com/sparkle/gateway/internal/cqrs/outbox/repository.go:54.107,70.16 3 0
github.com/sparkle/gateway/internal/cqrs/outbox/repository.go:70.16,72.3 1 0
github.com/sparkle/gateway/internal/cqrs/outbox/repository.go:74.2,74.12 1 0
github.com/sparkle/gateway/internal/cqrs/outbox/repository.go:78.90,79.58 1 0
github.com/sparkle/gateway/internal/cqrs/outbox/repository.go:79.58,81.3 1 0
github.com/sparkle/gateway/internal/cqrs/outbox/repository.go:85.107,87.16 2 0
github.com/sparkle/gateway/internal/cqrs/outbox/repository.go:87.16,89.3 1 0
github.com/sparkle/gateway/internal/cqrs/outbox/repository.go:91.2,92.27 2 0
github.com/sparkle/gateway/internal/cqrs/outbox/repository.go:92.27,105.28 3 0
github.com/sparkle/gateway/internal/cqrs/outbox/repository.go:105.28,107.4 1 0
github.com/sparkle/gateway/internal/cqrs/outbox/repository.go:110.2,110.21 1 0
github.com/sparkle/gateway/internal/cqrs/outbox/repository.go:114.88,115.19 1 0
github.com/sparkle/gateway/internal/cqrs/outbox/repository.go:115.19,117.3 1 0
github.com/sparkle/gateway/internal/cqrs/outbox/repository.go:119.2,120.25 2 0
github.com/sparkle/gateway/internal/cqrs/outbox/repository.go:120.25,122.3 1 0
github.com/sparkle/gateway/internal/cqrs/outbox/repository.go:124.2,125.16 2 0
github.com/sparkle/gateway/internal/cqrs/outbox/repository.go:125.16,127.3 1 0
github.com/sparkle/gateway/internal/cqrs/outbox/repository.go:129.2,129.12 1 0
github.com/sparkle/gateway/internal/cqrs/outbox/repository.go:133.95,135.16 2 0
github.com/sparkle/gateway/internal/cqrs/outbox/repository.go:135.16,137.3 1 0
github.com/sparkle/gateway/internal/cqrs/outbox/repository.go:139.2,139.19 1 0
github.com/sparkle/gateway/internal/cqrs/outbox/repository.go:143.82,145.16 2 0
github.com/sparkle/gateway/internal/cqrs/outbox/repository.go:145.16,147.3 1 0
github.com/sparkle/gateway/internal/cqrs/outbox/repository.go:149.2,149.19 1 0
github.com/sparkle/gateway/internal/cqrs/outbox/repository.go:159.72,164.2 1 0
github.com/sparkle/gateway/internal/cqrs/outbox/repository.go:167.111,183.16 3 0
github.com/sparkle/gateway/internal/cqrs/outbox/repository.go:183.16,185.3 1 0
github.com/sparkle/gateway/internal/cqrs/outbox/repository.go:187.2,187.12 1 0
github.com/sparkle/gateway/internal/cqrs/outbox/repository.go:195.37,202.16 3 0
github.com/sparkle/gateway/internal/cqrs/outbox/repository.go:202.16,204.3 1 0
github.com/sparkle/gateway/internal/cqrs/outbox/repository.go:206.2,206.42 1 0
github.com/sparkle/gateway/internal/cqrs/outbox/repository.go:215.37,223.16 3 0
github.com/sparkle/gateway/internal/cqrs/outbox/repository.go:223.16,225.3 1 0
github.com/sparkle/gateway/internal/cqrs/outbox/repository.go:227.2,227.42 1 0
github.com/sparkle/gateway/internal/cqrs/outbox/repository.go:235.18,242.16 3 0
github.com/sparkle/gateway/internal/cqrs/outbox/repository.go:242.16,244.3 1 0
github.com/sparkle/gateway/internal/cqrs/outbox/repository.go:246.2,246.28 1 0
github.com/sparkle/gateway/internal/cqrs/outbox/repository.go:249.100,251.27 2 0
github.com/sparkle/gateway/internal/cqrs/outbox/repository.go:251.27,264.3 2 0
github.com/sparkle/gateway/internal/cqrs/outbox/repository.go:265.2,265.16 1 0
github.com/sparkle/gateway/internal/cqrs/outbox/repository.go:275.82,280.2 1 0
github.com/sparkle/gateway/internal/cqrs/outbox/repository.go:283.115,285.16 2 0
github.com/sparkle/gateway/internal/cqrs/outbox/repository.go:285.16,287.3 1 0
github.com/sparkle/gateway/internal/cqrs/outbox/repository.go:288.2,293.16 3 0
github.com/sparkle/gateway/internal/cqrs/outbox/repository.go:293.16,295.3 1 0
github.com/sparkle/gateway/internal/cqrs/outbox/repository.go:297.2,297.20 1 0
github.com/sparkle/gateway/internal/cqrs/outbox/repository.go:301.109,303.16 2 0
github.com/sparkle/gateway/internal/cqrs/outbox/repository.go:303.16,305.3 1 0
github.com/sparkle/gateway/internal/cqrs/outbox/repository.go:306.2,310.66 2 0
github.com/sparkle/gateway/internal/cqrs/outbox/repository.go:310.66,312.3 1 0
github.com/sparkle/gateway/internal/cqrs/outbox/repository.go:314.2,314.12 1 0
github.com/sparkle/gateway/internal/cqrs/outbox/repository.go:318.100,320.16 2 0
github.com/sparkle/gateway/internal/cqrs/outbox/repository.go:320.16,322.3 1 0
github.com/sparkle/gateway/internal/cqrs/outbox/repository.go:324.2,324.19 1 0
github.com/sparkle/gateway/internal/cqrs/outbox/repository.go:335.52,341.2 1 0
github.com/sparkle/gateway/internal/cqrs/outbox/repository.go:345.112,346.58 1 0
github.com/sparkle/gateway/internal/cqrs/outbox/repository.go:346.58,354.3 2 0
github.com/sparkle/gateway/internal/cqrs/outbox/repository.go:366.42,368.2 1 0
github.com/sparkle/gateway/internal/cqrs/outbox/repository.go:371.52,373.2 1 0
github.com/sparkle/gateway/internal/cqrs/outbox/repository.go:376.107,378.16 2 0
github.com/sparkle/gateway/internal/cqrs/outbox/repository.go:378.16,380.3 1 0
github.com/sparkle/gateway/internal/cqrs/outbox/repository.go:381.2,381.52 1 0
github.com/sparkle/gateway/internal/cqrs/outbox/repository.go:385.128,387.16 2 0
github.com/sparkle/gateway/internal/cqrs/outbox/repository.go:387.16,389.3 1 0
github.com/sparkle/gateway/internal/cqrs/outbox/repository.go:391.2,392.16 2 0
github.com/sparkle/gateway/internal/cqrs/outbox/repository.go:392.16,394.3 1 0
github.com/sparkle/gateway/internal/cqrs/outbox/repository.go:396.2,408.54 2 0
github.com/sparkle/gateway/internal/cqrs/outbox/repository.go:412.127,413.62 1 0
github.com/sparkle/gateway/internal/cqrs/outbox/repository.go:413.62,415.3 1 0
github.com/sparkle/gateway/internal/cqrs/outbox/repository.go:416.2,416.61 1 0
github.com/sparkle/gateway/internal/cqrs/outbox/repository.go:421.95,424.2 2 0
github.com/sparkle/gateway/internal/cqrs/outbox/repository.go:428.101,430.2 1 0
github.com/sparkle/gateway/internal/cqrs/outbox/repository.go:432.41,434.2 1 0
github.com/sparkle/gateway/internal/cqrs/outbox/repository.go:436.43,438.2 1 0
github.com/sparkle/gateway/internal/config/cache_config.go:51.43,68.2 1 0
github.com/sparkle/gateway/internal/config/cache_config.go:71.43,73.36 1 0
github.com/sparkle/gateway/internal/config/cache_config.go:73.36,75.3 1 0
github.com/sparkle/gateway/internal/config/cache_config.go:78.2,78.41 1 0
github.com/sparkle/gateway/internal/config/cache_config.go:78.41,80.3 1 0
github.com/sparkle/gateway/internal/config/cache_config.go:81.2,81.43 1 0
github.com/sparkle/gateway/internal/config/cache_config.go:81.43,83.3 1 0
github.com/sparkle/gateway/internal/config/cache_config.go:84.2,84.41 1 0
github.com/sparkle/gateway/internal/config/cache_config.go:84.41,86.3 1 0
github.com/sparkle/gateway/internal/config/cache_config.go:87.2,87.45 1 0
github.com/sparkle/gateway/internal/config/cache_config.go:87.45,89.3 1 0
github.com/sparkle/gateway/internal/config/cache_config.go:92.2,92.37 1 0
github.com/sparkle/gateway/internal/config/cache_config.go:92.37,94.3 1 0
github.com/sparkle/gateway/internal/config/cache_config.go:95.2,95.43 1 0
github.com/sparkle/gateway/internal/config/cache_config.go:95.43,97.3 1 0
github.com/sparkle/gateway/internal/config/cache_config.go:98.2,98.42 1 0
github.com/sparkle/gateway/internal/config/cache_config.go:98.42,100.3 1 0
github.com/sparkle/gateway/internal/config/cache_config.go:102.2,102.12 1 0
github.com/sparkle/gateway/internal/config/config.go:115.39,117.2 1 0
github.com/sparkle/gateway/internal/config/config.go:120.38,122.2 1 0
github.com/sparkle/gateway/internal/config/config.go:125.54,127.66 2 0
github.com/sparkle/gateway/internal/config/config.go:127.66,129.3 1 0
github.com/sparkle/gateway/internal/config/config.go:131.2,137.23 4 0
github.com/sparkle/gateway/internal/config/config.go:137.23,138.21 1 0
github.com/sparkle/gateway/internal/config/config.go:139.40,140.15 1 0
github.com/sparkle/gateway/internal/config/config.go:145.2,145.43 1 0
github.com/sparkle/gateway/internal/config/config.go:145.43,147.20 2 0
github.com/sparkle/gateway/internal/config/config.go:147.20,148.12 1 0
github.com/sparkle/gateway/internal/config/config.go:150.3,150.21 1 0
github.com/sparkle/gateway/internal/config/config.go:150.21,151.24 1 0
github.com/sparkle/gateway/internal/config/config.go:151.24,153.13 1 0
github.com/sparkle/gateway/internal/config/config.go:155.4,155.15 1 0
github.com/sparkle/gateway/internal/config/config.go:158.3,158.39 1 0
github.com/sparkle/gateway/internal/config/config.go:158.39,160.45 2 0
github.com/sparkle/gateway/internal/config/config.go:160.45,162.5 1 0
github.com/sparkle/gateway/internal/config/config.go:163.4,163.12 1 0
github.com/sparkle/gateway/internal/config/config.go:166.3,167.69 2 0
github.com/sparkle/gateway/internal/config/config.go:167.69,169.33 2 0
github.com/sparkle/gateway/internal/config/config.go:169.33,171.5 1 0
github.com/sparkle/gateway/internal/config/config.go:172.4,172.12 1 0
github.com/sparkle/gateway/internal/config/config.go:175.3,175.57 1 0
github.com/sparkle/gateway/internal/config/config.go:175.57,176.12 1 0
github.com/sparkle/gateway/internal/config/config.go:179.3,182.43 3 0
github.com/sparkle/gateway/internal/config/config.go:182.43,184.46 2 0
github.com/sparkle/gateway/internal/config/config.go:184.46,185.13 1 0
github.com/sparkle/gateway/internal/config/config.go:187.9,187.39 1 0
github.com/sparkle/gateway/internal/config/config.go:187.39,188.12 1 0
github.com/sparkle/gateway/internal/config/config.go:191.3,191.32 1 0
github.com/sparkle/gateway/internal/config/config.go:191.32,192.12 1 0
github.com/sparkle/gateway/internal/config/config.go:195.3,195.14 1 0
github.com/sparkle/gateway/internal/config/config.go:197.2,197.14 1 0
github.com/sparkle/gateway/internal/config/config.go:200.57,204.20 3 0
github.com/sparkle/gateway/internal/config/config.go:204.20,206.3 1 0
github.com/sparkle/gateway/internal/config/config.go:207.2,207.44 1 0
github.com/sparkle/gateway/internal/config/config.go:210.31,211.38 1 0
github.com/sparkle/gateway/internal/config/config.go:211.38,213.3 1 0
github.com/sparkle/gateway/internal/config/config.go:214.2,214.50 1 0
github.com/sparkle/gateway/internal/config/config.go:214.50,216.3 1 0
github.com/sparkle/gateway/internal/config/config.go:217.2,217.14 1 0
github.com/sparkle/gateway/internal/config/config.go:220.51,221.25 1 0
github.com/sparkle/gateway/internal/config/config.go:221.25,223.3 1 0
github.com/sparkle/gateway/internal/config/config.go:224.2,224.53 1 0
github.com/sparkle/gateway/internal/config/config.go:224.53,226.3 1 0
github.com/sparkle/gateway/internal/config/config.go:227.2,227.13 1 0
github.com/sparkle/gateway/internal/config/config.go:230.42,232.19 2 0
github.com/sparkle/gateway/internal/config/config.go:232.19,234.3 1 0
github.com/sparkle/gateway/internal/config/config.go:235.2,242.14 3 0
github.com/sparkle/gateway/internal/config/config.go:245.46,246.15 1 0
github.com/sparkle/gateway/internal/config/config.go:246.15,248.3 1 0
github.com/sparkle/gateway/internal/config/config.go:249.2,250.60 2 0
github.com/sparkle/gateway/internal/config/config.go:250.60,252.3 1 0
github.com/sparkle/gateway/internal/config/config.go:253.2,253.60 1 0
github.com/sparkle/gateway/internal/config/config.go:253.60,255.3 1 0
github.com/sparkle/gateway/internal/config/config.go:256.2,256.61 1 0
github.com/sparkle/gateway/internal/config/config.go:256.61,258.3 1 0
github.com/sparkle/gateway/internal/config/config.go:259.2,259.50 1 0
github.com/sparkle/gateway/internal/config/config.go:259.50,261.3 1 0
github.com/sparkle/gateway/internal/config/config.go:262.2,263.43 2 0
github.com/sparkle/gateway/internal/config/config.go:263.43,265.3 1 0
github.com/sparkle/gateway/internal/config/config.go:266.2,267.31 2 0
github.com/sparkle/gateway/internal/config/config.go:267.31,269.3 1 0
github.com/sparkle/gateway/internal/config/config.go:270.2,271.25 2 0
github.com/sparkle/gateway/internal/config/config.go:271.25,273.3 1 0
github.com/sparkle/gateway/internal/config/config.go:274.2,274.24 1 0
github.com/sparkle/gateway/internal/config/config.go:277.44,278.15 1 0
github.com/sparkle/gateway/internal/config/config.go:278.15,280.3 1 0
github.com/sparkle/gateway/internal/config/config.go:281.2,282.39 2 0
github.com/sparkle/gateway/internal/config/config.go:282.39,285.37 3 0
github.com/sparkle/gateway/internal/config/config.go:285.37,286.77 1 0
github.com/sparkle/gateway/internal/config/config.go:286.77,289.5 2 0
github.com/sparkle/gateway/internal/config/config.go:289.10,291.24 2 0
github.com/sparkle/gateway/internal/config/config.go:291.24,294.6 2 0
github.com/sparkle/gateway/internal/config/config.go:297.3,298.17 2 0
github.com/sparkle/gateway/internal/config/config.go:298.17,300.4 1 0
github.com/sparkle/gateway/internal/config/config.go:301.3,301.14 1 0
github.com/sparkle/gateway/internal/config/config.go:303.2,304.37 2 0
github.com/sparkle/gateway/internal/config/config.go:304.37,306.3 1 0
github.com/sparkle/gateway/internal/config/config.go:307.2,309.16 3 0
github.com/sparkle/gateway/internal/config/config.go:309.16,311.3 1 0
github.com/sparkle/gateway/internal/config/config.go:312.2,312.13 1 0
github.com/sparkle/gateway/internal/config/config.go:315.66,318.25 3 0
github.com/sparkle/gateway/internal/config/config.go:318.25,320.47 2 0
github.com/sparkle/gateway/internal/config/config.go:320.47,322.4 1 0
github.com/sparkle/gateway/internal/config/config.go:323.3,324.20 2 0
github.com/sparkle/gateway/internal/config/config.go:324.20,325.9 1 0
github.com/sparkle/gateway/internal/config/config.go:327.3,327.15 1 0
github.com/sparkle/gateway/internal/config/config.go:329.2,329.14 1 0
github.com/sparkle/gateway/internal/config/config.go:332.40,334.16 2 0
github.com/sparkle/gateway/internal/config/config.go:334.16,336.3 1 0
github.com/sparkle/gateway/internal/config/config.go:338.2,339.21 2 0
github.com/sparkle/gateway/internal/config/config.go:339.21,341.49 2 0
github.com/sparkle/gateway/internal/config/config.go:341.49,342.12 1 0
github.com/sparkle/gateway/internal/config/config.go:344.3,344.41 1 0
github.com/sparkle/gateway/internal/config/config.go:344.41,346.4 1 0
github.com/sparkle/gateway/internal/config/config.go:347.3,348.22 2 0
github.com/sparkle/gateway/internal/config/config.go:348.22,349.12 1 0
github.com/sparkle/gateway/internal/config/config.go:351.3,353.16 3 0
github.com/sparkle/gateway/internal/config/config.go:353.16,354.12 1 0
github.com/sparkle/gateway/internal/config/config.go:356.3,356.20 1 0
github.com/sparkle/gateway/internal/config/config.go:356.20,357.96 1 0
github.com/sparkle/gateway/internal/config/config.go:357.96,359.5 1 0
github.com/sparkle/gateway/internal/config/config.go:361.3,361.22 1 0
github.com/sparkle/gateway/internal/config/config.go:365.47,366.27 1 0
github.com/sparkle/gateway/internal/config/config.go:366.27,367.39 1 0
github.com/sparkle/gateway/internal/config/config.go:367.39,369.4 1 0
github.com/sparkle/gateway/internal/config/config.go:373.21,440.30 2 0
github.com/sparkle/gateway/internal/config/config.go:440.30,441.44 1 0
github.com/sparkle/gateway/internal/config/config.go:441.44,443.4 1 0
github.com/sparkle/gateway/internal/config/config.go:446.2,533.16 68 0
github.com/sparkle/gateway/internal/config/config.go:533.16,536.43 3 0
github.com/sparkle/gateway/internal/config/config.go:536.43,537.47 1 0
github.com/sparkle/gateway/internal/config/config.go:537.47,541.5 3 0
github.com/sparkle/gateway/internal/config/config.go:542.4,544.29 3 0
github.com/sparkle/gateway/internal/config/config.go:545.9,545.53 1 0
github.com/sparkle/gateway/internal/config/config.go:545.53,549.4 3 0
github.com/sparkle/gateway/internal/config/config.go:552.2,556.46 4 0
github.com/sparkle/gateway/internal/config/config.go:556.46,558.3 1 0
github.com/sparkle/gateway/internal/config/config.go:561.2,561.49 1 0
github.com/sparkle/gateway/internal/config/config.go:561.49,563.3 1 0
github.com/sparkle/gateway/internal/config/config.go:564.2,564.61 1 0
github.com/sparkle/gateway/internal/config/config.go:564.61,566.3 1 0
github.com/sparkle/gateway/internal/config/config.go:569.2,569.51 1 0
github.com/sparkle/gateway/internal/config/config.go:569.51,571.3 1 0
github.com/sparkle/gateway/internal/config/config.go:572.2,572.63 1 0
github.com/sparkle/gateway/internal/config/config.go:572.63,574.3 1 0
github.com/sparkle/gateway/internal/config/config.go:575.2,575.50 1 0
github.com/sparkle/gateway/internal/config/config.go:575.50,577.3 1 0
github.com/sparkle/gateway/internal/config/config.go:578.2,578.26 1 0
github.com/sparkle/gateway/internal/config/config.go:578.26,580.28 2 0
github.com/sparkle/gateway/internal/config/config.go:580.28,582.4 1 0
github.com/sparkle/gateway/internal/config/config.go:583.3,583.50 1 0
github.com/sparkle/gateway/internal/config/config.go:583.50,585.4 1 0
github.com/sparkle/gateway/internal/config/config.go:586.3,586.97 1 0
github.com/sparkle/gateway/internal/config/config.go:586.97,588.4 1 0
github.com/sparkle/gateway/internal/config/config.go:589.3,589.117 1 0
github.com/sparkle/gateway/internal/config/config.go:589.117,591.4 1 0
github.com/sparkle/gateway/internal/config/config.go:594.2,594.27 1 0
github.com/sparkle/gateway/internal/config/config.go:594.27,597.3 2 0
github.com/sparkle/gateway/internal/config/config.go:598.2,599.24 2 0
github.com/sparkle/gateway/internal/config/config.go:599.24,602.3 2 0
github.com/sparkle/gateway/internal/config/config.go:603.2,606.78 2 0
github.com/sparkle/gateway/internal/config/config.go:606.78,608.3 1 0
github.com/sparkle/gateway/internal/config/config.go:611.2,612.22 2 0
github.com/sparkle/gateway/internal/config/config.go:612.22,614.37 2 0
github.com/sparkle/gateway/internal/config/config.go:614.37,616.4 1 0
github.com/sparkle/gateway/internal/config/config.go:618.2,619.24 2 0
github.com/sparkle/gateway/internal/config/config.go:619.24,621.42 2 0
github.com/sparkle/gateway/internal/config/config.go:621.42,623.4 1 0
github.com/sparkle/gateway/internal/config/config.go:626.2,626.42 1 0
github.com/sparkle/gateway/internal/config/config.go:626.42,628.3 1 0
github.com/sparkle/gateway/internal/config/config.go:630.2,630.13 1 0
github.com/sparkle/gateway/internal/error_book/client.go:22.53,27.25 3 0
github.com/sparkle/gateway/internal/error_book/client.go:27.25,29.3 1 0
github.com/sparkle/gateway/internal/error_book/client.go:30.2,34.25 4 0
github.com/sparkle/gateway/internal/error_book/client.go:34.25,35.35 1 0
github.com/sparkle/gateway/internal/error_book/client.go:35.35,37.18 2 0
github.com/sparkle/gateway/internal/error_book/client.go:37.18,40.5 2 0
github.com/sparkle/gateway/internal/error_book/client.go:41.4,41.20 1 0
github.com/sparkle/gateway/internal/error_book/client.go:42.9,47.4 1 0
github.com/sparkle/gateway/internal/error_book/client.go:50.2,55.16 2 0
github.com/sparkle/gateway/internal/error_book/client.go:55.16,58.3 2 0
github.com/sparkle/gateway/internal/error_book/client.go:60.2,61.46 2 0
github.com/sparkle/gateway/internal/error_book/client.go:64.26,65.19 1 0
github.com/sparkle/gateway/internal/error_book/client.go:65.19,67.3 1 0
github.com/sparkle/gateway/internal/error_book/client.go:71.122,73.2 1 0
github.com/sparkle/gateway/internal/error_book/client.go:75.127,77.2 1 0
github.com/sparkle/gateway/internal/error_book/client.go:79.116,81.2 1 0
github.com/sparkle/gateway/internal/error_book/client.go:83.140,85.2 1 0
github.com/sparkle/gateway/internal/error_book/client.go:87.122,89.2 1 0
github.com/sparkle/gateway/internal/error_book/client.go:91.130,93.2 1 0
github.com/sparkle/gateway/internal/error_book/client.go:95.133,97.2 1 0
github.com/sparkle/gateway/internal/error_book/client.go:99.124,101.2 1 0
github.com/sparkle/gateway/internal/error_book/client.go:103.136,105.2 1 0
github.com/sparkle/gateway/internal/error_book/client.go:107.137,109.2 1 0
github.com/sparkle/gateway/internal/cqrs/projection/builder.go:27.45,32.2 1 0
github.com/sparkle/gateway/internal/cqrs/projection/builder.go:51.12,60.2 1 0
github.com/sparkle/gateway/internal/cqrs/projection/builder.go:79.29,81.9 2 0
github.com/sparkle/gateway/internal/cqrs/projection/builder.go:81.9,83.3 1 0
github.com/sparkle/gateway/internal/cqrs/projection/builder.go:85.2,88.85 2 0
github.com/sparkle/gateway/internal/cqrs/projection/builder.go:88.85,90.3 1 0
github.com/sparkle/gateway/internal/cqrs/projection/builder.go:93.2,94.16 2 0
github.com/sparkle/gateway/internal/cqrs/projection/builder.go:94.16,97.3 2 0
github.com/sparkle/gateway/internal/cqrs/projection/builder.go:99.2,106.43 2 0
github.com/sparkle/gateway/internal/cqrs/projection/builder.go:106.43,109.3 2 0
github.com/sparkle/gateway/internal/cqrs/projection/builder.go:112.2,115.6 3 0
github.com/sparkle/gateway/internal/cqrs/projection/builder.go:115.6,117.10 1 0
github.com/sparkle/gateway/internal/cqrs/projection/builder.go:118.21,120.25 2 0
github.com/sparkle/gateway/internal/cqrs/projection/builder.go:121.11,121.11 0 0
github.com/sparkle/gateway/internal/cqrs/projection/builder.go:125.3,126.17 2 0
github.com/sparkle/gateway/internal/cqrs/projection/builder.go:126.17,129.4 2 0
github.com/sparkle/gateway/internal/cqrs/projection/builder.go:131.3,131.23 1 0
github.com/sparkle/gateway/internal/cqrs/projection/builder.go:131.23,132.9 1 0
github.com/sparkle/gateway/internal/cqrs/projection/builder.go:136.3,136.30 1 0
github.com/sparkle/gateway/internal/cqrs/projection/builder.go:136.30,138.18 2 0
github.com/sparkle/gateway/internal/cqrs/projection/builder.go:138.18,144.13 3 0
github.com/sparkle/gateway/internal/cqrs/projection/builder.go:147.4,147.62 1 0
github.com/sparkle/gateway/internal/cqrs/projection/builder.go:147.62,154.5 2 0
github.com/sparkle/gateway/internal/cqrs/projection/builder.go:156.4,157.37 2 0
github.com/sparkle/gateway/internal/cqrs/projection/builder.go:161.3,161.35 1 0
github.com/sparkle/gateway/internal/cqrs/projection/builder.go:161.35,163.4 1 0
github.com/sparkle/gateway/internal/cqrs/projection/builder.go:166.3,166.85 1 0
github.com/sparkle/gateway/internal/cqrs/projection/builder.go:166.85,168.4 1 0
github.com/sparkle/gateway/internal/cqrs/projection/builder.go:170.3,173.4 1 0
github.com/sparkle/gateway/internal/cqrs/projection/builder.go:177.2,177.83 1 0
github.com/sparkle/gateway/internal/cqrs/projection/builder.go:177.83,179.3 1 0
github.com/sparkle/gateway/internal/cqrs/projection/builder.go:181.2,199.22 4 0
github.com/sparkle/gateway/internal/cqrs/projection/builder.go:208.29,211.16 2 0
github.com/sparkle/gateway/internal/cqrs/projection/builder.go:211.16,216.3 2 0
github.com/sparkle/gateway/internal/cqrs/projection/builder.go:218.2,225.74 3 0
github.com/sparkle/gateway/internal/cqrs/projection/builder.go:234.28,244.16 2 0
github.com/sparkle/gateway/internal/cqrs/projection/builder.go:244.16,246.3 1 0
github.com/sparkle/gateway/internal/cqrs/projection/builder.go:247.2,250.18 3 0
github.com/sparkle/gateway/internal/cqrs/projection/builder.go:250.18,262.17 2 0
github.com/sparkle/gateway/internal/cqrs/projection/builder.go:262.17,264.4 1 0
github.com/sparkle/gateway/internal/cqrs/projection/builder.go:265.3,265.31 1 0
github.com/sparkle/gateway/internal/cqrs/projection/builder.go:268.2,268.27 1 0
github.com/sparkle/gateway/internal/cqrs/projection/builder.go:276.9,279.16 2 0
github.com/sparkle/gateway/internal/cqrs/projection/builder.go:279.16,281.3 1 0
github.com/sparkle/gateway/internal/cqrs/projection/builder.go:283.2,283.115 1 0
github.com/sparkle/gateway/internal/cqrs/projection/builder.go:283.115,285.3 1 0
github.com/sparkle/gateway/internal/cqrs/projection/builder.go:287.2,292.12 2 0
github.com/sparkle/gateway/internal/cqrs/projection/handlers.go:28.125,34.2 1 0
github.com/sparkle/gateway/internal/cqrs/projection/handlers.go:37.52,39.2 1 0
github.com/sparkle/gateway/internal/cqrs/projection/handlers.go:42.95,44.56 2 0
github.com/sparkle/gateway/internal/cqrs/projection/handlers.go:44.56,46.3 1 0
github.com/sparkle/gateway/internal/cqrs/projection/handlers.go:48.2,48.18 1 0
github.com/sparkle/gateway/internal/cqrs/projection/handlers.go:49.34,50.39 1 0
github.com/sparkle/gateway/internal/cqrs/projection/handlers.go:51.32,52.37 1 0
github.com/sparkle/gateway/internal/cqrs/projection/handlers.go:53.34,54.39 1 0
github.com/sparkle/gateway/internal/cqrs/projection/handlers.go:55.34,56.39 1 0
github.com/sparkle/gateway/internal/cqrs/projection/handlers.go:57.10,62.13 2 0
github.com/sparkle/gateway/internal/cqrs/projection/handlers.go:67.71,70.16 2 0
github.com/sparkle/gateway/internal/cqrs/projection/handlers.go:70.16,72.3 1 0
github.com/sparkle/gateway/internal/cqrs/projection/handlers.go:74.2,74.19 1 0
github.com/sparkle/gateway/internal/cqrs/projection/handlers.go:74.19,75.57 1 0
github.com/sparkle/gateway/internal/cqrs/projection/handlers.go:75.57,77.4 1 0
github.com/sparkle/gateway/internal/cqrs/projection/handlers.go:81.2,81.62 1 0
github.com/sparkle/gateway/internal/cqrs/projection/handlers.go:81.62,83.3 1 0
github.com/sparkle/gateway/internal/cqrs/projection/handlers.go:85.2,86.12 2 0
github.com/sparkle/gateway/internal/cqrs/projection/handlers.go:89.110,91.9 2 0
github.com/sparkle/gateway/internal/cqrs/projection/handlers.go:91.9,93.3 1 0
github.com/sparkle/gateway/internal/cqrs/projection/handlers.go:95.2,96.16 2 0
github.com/sparkle/gateway/internal/cqrs/projection/handlers.go:96.16,98.3 1 0
github.com/sparkle/gateway/internal/cqrs/projection/handlers.go:100.2,101.46 2 0
github.com/sparkle/gateway/internal/cqrs/projection/handlers.go:101.46,102.49 1 0
github.com/sparkle/gateway/internal/cqrs/projection/handlers.go:102.49,104.4 1 0
github.com/sparkle/gateway/internal/cqrs/projection/handlers.go:106.2,110.16 2 0
github.com/sparkle/gateway/internal/cqrs/projection/handlers.go:110.16,112.3 1 0
github.com/sparkle/gateway/internal/cqrs/projection/handlers.go:114.2,115.16 2 0
github.com/sparkle/gateway/internal/cqrs/projection/handlers.go:115.16,117.3 1 0
github.com/sparkle/gateway/internal/cqrs/projection/handlers.go:119.2,120.27 2 0
github.com/sparkle/gateway/internal/cqrs/projection/handlers.go:120.27,122.3 1 0
github.com/sparkle/gateway/internal/cqrs/projection/handlers.go:124.2,142.16 4 0
github.com/sparkle/gateway/internal/cqrs/projection/handlers.go:142.16,144.3 1 0
github.com/sparkle/gateway/internal/cqrs/projection/handlers.go:146.2,153.16 5 0
github.com/sparkle/gateway/internal/cqrs/projection/handlers.go:153.16,155.3 1 0
github.com/sparkle/gateway/internal/cqrs/projection/handlers.go:157.2,157.12 1 0
github.com/sparkle/gateway/internal/cqrs/projection/handlers.go:160.59,161.27 1 0
github.com/sparkle/gateway/internal/cqrs/projection/handlers.go:162.14,163.41 1 0
github.com/sparkle/gateway/internal/cqrs/projection/handlers.go:164.17,165.16 1 0
github.com/sparkle/gateway/internal/cqrs/projection/handlers.go:166.15,167.43 1 0
github.com/sparkle/gateway/internal/cqrs/projection/handlers.go:168.10,169.58 1 0
github.com/sparkle/gateway/internal/cqrs/projection/handlers.go:173.108,175.9 2 0
github.com/sparkle/gateway/internal/cqrs/projection/handlers.go:175.9,177.3 1 0
github.com/sparkle/gateway/internal/cqrs/projection/handlers.go:179.2,181.16 3 0
github.com/sparkle/gateway/internal/cqrs/projection/handlers.go:181.16,182.23 1 0
github.com/sparkle/gateway/internal/cqrs/projection/handlers.go:182.23,184.4 1 0
github.com/sparkle/gateway/internal/cqrs/projection/handlers.go:185.3,185.46 1 0
github.com/sparkle/gateway/internal/cqrs/projection/handlers.go:188.2,189.56 2 0
github.com/sparkle/gateway/internal/cqrs/projection/handlers.go:189.56,191.3 1 0
github.com/sparkle/gateway/internal/cqrs/projection/handlers.go:193.2,196.16 3 0
github.com/sparkle/gateway/internal/cqrs/projection/handlers.go:196.16,198.3 1 0
github.com/sparkle/gateway/internal/cqrs/projection/handlers.go:200.2,200.72 1 0
github.com/sparkle/gateway/internal/cqrs/projection/handlers.go:200.72,202.3 1 0
github.com/sparkle/gateway/internal/cqrs/projection/handlers.go:204.2,204.12 1 0
github.com/sparkle/gateway/internal/cqrs/projection/handlers.go:207.110,209.9 2 0
github.com/sparkle/gateway/internal/cqrs/projection/handlers.go:209.9,211.3 1 0
github.com/sparkle/gateway/internal/cqrs/projection/handlers.go:213.2,215.16 3 0
github.com/sparkle/gateway/internal/cqrs/projection/handlers.go:215.16,216.23 1 0
github.com/sparkle/gateway/internal/cqrs/projection/handlers.go:216.23,218.4 1 0
github.com/sparkle/gateway/internal/cqrs/projection/handlers.go:219.3,219.46 1 0
github.com/sparkle/gateway/internal/cqrs/projection/handlers.go:222.2,223.56 2 0
github.com/sparkle/gateway/internal/cqrs/projection/handlers.go:223.56,225.3 1 0
github.com/sparkle/gateway/internal/cqrs/projection/handlers.go:227.2,227.24 1 0
github.com/sparkle/gateway/internal/cqrs/projection/handlers.go:227.24,229.3 1 0
github.com/sparkle/gateway/internal/cqrs/projection/handlers.go:231.2,232.16 2 0
github.com/sparkle/gateway/internal/cqrs/projection/handlers.go:232.16,234.3 1 0
github.com/sparkle/gateway/internal/cqrs/projection/handlers.go:236.2,236.72 1 0
github.com/sparkle/gateway/internal/cqrs/projection/handlers.go:236.72,238.3 1 0
github.com/sparkle/gateway/internal/cqrs/projection/handlers.go:240.2,240.12 1 0
github.com/sparkle/gateway/internal/cqrs/projection/handlers.go:243.110,245.9 2 0
github.com/sparkle/gateway/internal/cqrs/projection/handlers.go:245.9,247.3 1 0
github.com/sparkle/gateway/internal/cqrs/projection/handlers.go:249.2,253.16 5 0
github.com/sparkle/gateway/internal/cqrs/projection/handlers.go:253.16,255.3 1 0
github.com/sparkle/gateway/internal/cqrs/projection/handlers.go:257.2,257.12 1 0
github.com/sparkle/gateway/internal/cqrs/projection/handlers.go:268.115,274.2 1 0
github.com/sparkle/gateway/internal/cqrs/projection/handlers.go:277.47,279.2 1 0
github.com/sparkle/gateway/internal/cqrs/projection/handlers.go:282.90,284.56 2 0
github.com/sparkle/gateway/internal/cqrs/projection/handlers.go:284.56,286.3 1 0
github.com/sparkle/gateway/internal/cqrs/projection/handlers.go:288.2,288.18 1 0
github.com/sparkle/gateway/internal/cqrs/projection/handlers.go:289.34,290.39 1 0
github.com/sparkle/gateway/internal/cqrs/projection/handlers.go:291.34,292.39 1 0
github.com/sparkle/gateway/internal/cqrs/projection/handlers.go:293.36,294.41 1 0
github.com/sparkle/gateway/internal/cqrs/projection/handlers.go:295.36,296.41 1 0
github.com/sparkle/gateway/internal/cqrs/projection/handlers.go:297.34,298.39 1 0
github.com/sparkle/gateway/internal/cqrs/projection/handlers.go:299.34,300.39 1 0
github.com/sparkle/gateway/internal/cqrs/projection/handlers.go:301.10,306.13 2 0
github.com/sparkle/gateway/internal/cqrs/projection/handlers.go:311.66,315.38 2 0
github.com/sparkle/gateway/internal/cqrs/projection/handlers.go:315.38,317.17 2 0
github.com/sparkle/gateway/internal/cqrs/projection/handlers.go:317.17,319.4 1 0
github.com/sparkle/gateway/internal/cqrs/projection/handlers.go:320.3,320.20 1 0
github.com/sparkle/gateway/internal/cqrs/projection/handlers.go:320.20,321.58 1 0
github.com/sparkle/gateway/internal/cqrs/projection/handlers.go:321.58,323.5 1 0
github.com/sparkle/gateway/internal/cqrs/projection/handlers.go:327.2,328.12 2 0
github.com/sparkle/gateway/internal/cqrs/projection/handlers.go:331.105,334.9 2 0
github.com/sparkle/gateway/internal/cqrs/projection/handlers.go:334.9,336.3 1 0
github.com/sparkle/gateway/internal/cqrs/projection/handlers.go:338.2,339.9 2 0
github.com/sparkle/gateway/internal/cqrs/projection/handlers.go:339.9,341.3 1 0
github.com/sparkle/gateway/internal/cqrs/projection/handlers.go:343.2,344.16 2 0
github.com/sparkle/gateway/internal/cqrs/projection/handlers.go:344.16,346.3 1 0
github.com/sparkle/gateway/internal/cqrs/projection/handlers.go:348.2,349.16 2 0
github.com/sparkle/gateway/internal/cqrs/projection/handlers.go:349.16,351.3 1 0
github.com/sparkle/gateway/internal/cqrs/projection/handlers.go:354.2,369.16 3 0
github.com/sparkle/gateway/internal/cqrs/projection/handlers.go:369.16,371.3 1 0
github.com/sparkle/gateway/internal/cqrs/projection/handlers.go:373.2,395.12 8 0
github.com/sparkle/gateway/internal/cqrs/projection/handlers.go:398.105,400.9 2 0
github.com/sparkle/gateway/internal/cqrs/projection/handlers.go:400.9,402.3 1 0
github.com/sparkle/gateway/internal/cqrs/projection/handlers.go:404.2,405.9 2 0
github.com/sparkle/gateway/internal/cqrs/projection/handlers.go:405.9,407.3 1 0
github.com/sparkle/gateway/internal/cqrs/projection/handlers.go:410.2,412.16 3 0
github.com/sparkle/gateway/internal/cqrs/projection/handlers.go:412.16,414.3 1 0
github.com/sparkle/gateway/internal/cqrs/projection/handlers.go:416.2,417.56 2 0
github.com/sparkle/gateway/internal/cqrs/projection/handlers.go:417.56,419.3 1 0
github.com/sparkle/gateway/internal/cqrs/projection/handlers.go:421.2,425.16 4 0
github.com/sparkle/gateway/internal/cqrs/projection/handlers.go:425.16,427.3 1 0
github.com/sparkle/gateway/internal/cqrs/projection/handlers.go:429.2,444.12 8 0
github.com/sparkle/gateway/internal/cqrs/projection/handlers.go:447.107,449.9 2 0
github.com/sparkle/gateway/internal/cqrs/projection/handlers.go:449.9,451.3 1 0
github.com/sparkle/gateway/internal/cqrs/projection/handlers.go:453.2,454.9 2 0
github.com/sparkle/gateway/internal/cqrs/projection/handlers.go:454.9,456.3 1 0
github.com/sparkle/gateway/internal/cqrs/projection/handlers.go:458.2,460.16 3 0
github.com/sparkle/gateway/internal/cqrs/projection/handlers.go:460.16,462.3 1 0
github.com/sparkle/gateway/internal/cqrs/projection/handlers.go:464.2,465.56 2 0
github.com/sparkle/gateway/internal/cqrs/projection/handlers.go:465.56,467.3 1 0
github.com/sparkle/gateway/internal/cqrs/projection/handlers.go:469.2,473.16 4 0
github.com/sparkle/gateway/internal/cqrs/projection/handlers.go:473.16,475.3 1 0
github.com/sparkle/gateway/internal/cqrs/projection/handlers.go:477.2,492.12 8 0
github.com/sparkle/gateway/internal/cqrs/projection/handlers.go:495.107,497.2 1 0
github.com/sparkle/gateway/internal/cqrs/projection/handlers.go:499.105,501.9 2 0
github.com/sparkle/gateway/internal/cqrs/projection/handlers.go:501.9,503.3 1 0
github.com/sparkle/gateway/internal/cqrs/projection/handlers.go:505.2,506.9 2 0
github.com/sparkle/gateway/internal/cqrs/projection/handlers.go:506.9,508.3 1 0
github.com/sparkle/gateway/internal/cqrs/projection/handlers.go:510.2,523.12 9 0
github.com/sparkle/gateway/internal/cqrs/projection/handlers.go:526.105,528.9 2 0
github.com/sparkle/gateway/internal/cqrs/projection/handlers.go:528.9,530.3 1 0
github.com/sparkle/gateway/internal/cqrs/projection/handlers.go:532.2,534.16 3 0
github.com/sparkle/gateway/internal/cqrs/projection/handlers.go:534.16,536.3 1 0
github.com/sparkle/gateway/internal/cqrs/projection/handlers.go:538.2,539.56 2 0
github.com/sparkle/gateway/internal/cqrs/projection/handlers.go:539.56,541.3 1 0
github.com/sparkle/gateway/internal/cqrs/projection/handlers.go:544.2,544.52 1 0
github.com/sparkle/gateway/internal/cqrs/projection/handlers.go:544.52,546.3 1 0
github.com/sparkle/gateway/internal/cqrs/projection/handlers.go:547.2,547.63 1 0
github.com/sparkle/gateway/internal/cqrs/projection/handlers.go:547.63,549.3 1 0
github.com/sparkle/gateway/internal/cqrs/projection/handlers.go:550.2,550.59 1 0
github.com/sparkle/gateway/internal/cqrs/projection/handlers.go:550.59,552.3 1 0
github.com/sparkle/gateway/internal/cqrs/projection/handlers.go:554.2,555.16 2 0
github.com/sparkle/gateway/internal/cqrs/projection/handlers.go:555.16,557.3 1 0
github.com/sparkle/gateway/internal/cqrs/projection/handlers.go:559.2,559.56 1 0
github.com/sparkle/gateway/internal/cqrs/projection/handlers.go:570.119,576.2 1 0
github.com/sparkle/gateway/internal/cqrs/projection/handlers.go:579.49,581.2 1 0
github.com/sparkle/gateway/internal/cqrs/projection/handlers.go:584.92,586.56 2 0
github.com/sparkle/gateway/internal/cqrs/projection/handlers.go:586.56,588.3 1 0
github.com/sparkle/gateway/internal/cqrs/projection/handlers.go:590.2,590.18 1 0
github.com/sparkle/gateway/internal/cqrs/projection/handlers.go:591.34,592.39 1 0
github.com/sparkle/gateway/internal/cqrs/projection/handlers.go:593.35,594.40 1 0
github.com/sparkle/gateway/internal/cqrs/projection/handlers.go:595.35,596.40 1 0
github.com/sparkle/gateway/internal/cqrs/projection/handlers.go:597.37,598.42 1 0
github.com/sparkle/gateway/internal/cqrs/projection/handlers.go:599.38,600.43 1 0
github.com/sparkle/gateway/internal/cqrs/projection/handlers.go:601.39,602.41 1 0
github.com/sparkle/gateway/internal/cqrs/projection/handlers.go:603.10,608.13 2 0
github.com/sparkle/gateway/internal/cqrs/projection/handlers.go:613.68,616.38 2 0
github.com/sparkle/gateway/internal/cqrs/projection/handlers.go:616.38,618.17 2 0
github.com/sparkle/gateway/internal/cqrs/projection/handlers.go:618.17,620.4 1 0
github.com/sparkle/gateway/internal/cqrs/projection/handlers.go:621.3,621.20 1 0
github.com/sparkle/gateway/internal/cqrs/projection/handlers.go:621.20,622.58 1 0
github.com/sparkle/gateway/internal/cqrs/projection/handlers.go:622.58,624.5 1 0
github.com/sparkle/gateway/internal/cqrs/projection/handlers.go:628.2,629.12 2 0
github.com/sparkle/gateway/internal/cqrs/projection/handlers.go:632.107,634.9 2 0
github.com/sparkle/gateway/internal/cqrs/projection/handlers.go:634.9,636.3 1 0
github.com/sparkle/gateway/internal/cqrs/projection/handlers.go:638.2,639.16 2 0
github.com/sparkle/gateway/internal/cqrs/projection/handlers.go:639.16,641.3 1 0
github.com/sparkle/gateway/internal/cqrs/projection/handlers.go:643.2,644.16 2 0
github.com/sparkle/gateway/internal/cqrs/projection/handlers.go:644.16,646.3 1 0
github.com/sparkle/gateway/internal/cqrs/projection/handlers.go:649.2,661.25 3 0
github.com/sparkle/gateway/internal/cqrs/projection/handlers.go:661.25,664.3 2 0
github.com/sparkle/gateway/internal/cqrs/projection/handlers.go:666.2,667.16 2 0
github.com/sparkle/gateway/internal/cqrs/projection/handlers.go:667.16,669.3 1 0
github.com/sparkle/gateway/internal/cqrs/projection/handlers.go:671.2,675.25 4 0
github.com/sparkle/gateway/internal/cqrs/projection/handlers.go:675.25,678.3 2 0
github.com/sparkle/gateway/internal/cqrs/projection/handlers.go:678.8,680.3 1 0
github.com/sparkle/gateway/internal/cqrs/projection/handlers.go:682.2,685.12 3 0
github.com/sparkle/gateway/internal/cqrs/projection/handlers.go:688.108,690.9 2 0
github.com/sparkle/gateway/internal/cqrs/projection/handlers.go:690.9,692.3 1 0
github.com/sparkle/gateway/internal/cqrs/projection/handlers.go:694.2,695.9 2 0
github.com/sparkle/gateway/internal/cqrs/projection/handlers.go:695.9,697.3 1 0
github.com/sparkle/gateway/internal/cqrs/projection/handlers.go:699.2,703.12 5 0
github.com/sparkle/gateway/internal/cqrs/projection/handlers.go:706.108,708.9 2 0
github.com/sparkle/gateway/internal/cqrs/projection/handlers.go:708.9,710.3 1 0
github.com/sparkle/gateway/internal/cqrs/projection/handlers.go:712.2,713.9 2 0
github.com/sparkle/gateway/internal/cqrs/projection/handlers.go:713.9,715.3 1 0
github.com/sparkle/gateway/internal/cqrs/projection/handlers.go:717.2,719.36 3 0
github.com/sparkle/gateway/internal/cqrs/projection/handlers.go:719.36,721.3 1 0
github.com/sparkle/gateway/internal/cqrs/projection/handlers.go:723.2,724.22 2 0
github.com/sparkle/gateway/internal/cqrs/projection/handlers.go:724.22,726.3 1 0
github.com/sparkle/gateway/internal/cqrs/projection/handlers.go:726.8,727.54 1 0
github.com/sparkle/gateway/internal/cqrs/projection/handlers.go:727.54,729.4 1 0
github.com/sparkle/gateway/internal/cqrs/projection/handlers.go:732.2,736.16 4 0
github.com/sparkle/gateway/internal/cqrs/projection/handlers.go:736.16,738.3 1 0
github.com/sparkle/gateway/internal/cqrs/projection/handlers.go:740.2,740.52 1 0
github.com/sparkle/gateway/internal/cqrs/projection/handlers.go:743.110,745.9 2 0
github.com/sparkle/gateway/internal/cqrs/projection/handlers.go:745.9,747.3 1 0
github.com/sparkle/gateway/internal/cqrs/projection/handlers.go:749.2,750.9 2 0
github.com/sparkle/gateway/internal/cqrs/projection/handlers.go:750.9,752.3 1 0
github.com/sparkle/gateway/internal/cqrs/projection/handlers.go:754.2,755.9 2 0
github.com/sparkle/gateway/internal/cqrs/projection/handlers.go:755.9,757.3 1 0
github.com/sparkle/gateway/internal/cqrs/projection/handlers.go:760.2,762.16 3 0
github.com/sparkle/gateway/internal/cqrs/projection/handlers.go:762.16,764.61 2 0
github.com/sparkle/gateway/internal/cqrs/projection/handlers.go:764.61,768.4 3 0
github.com/sparkle/gateway/internal/cqrs/projection/handlers.go:772.2,774.36 3 0
github.com/sparkle/gateway/internal/cqrs/projection/handlers.go:774.36,776.3 1 0
github.com/sparkle/gateway/internal/cqrs/projection/handlers.go:778.2,779.22 2 0
github.com/sparkle/gateway/internal/cqrs/projection/handlers.go:779.22,781.3 1 0
github.com/sparkle/gateway/internal/cqrs/projection/handlers.go:781.8,782.54 1 0
github.com/sparkle/gateway/internal/cqrs/projection/handlers.go:782.54,784.4 1 0
github.com/sparkle/gateway/internal/cqrs/projection/handlers.go:787.2,791.16 4 0
github.com/sparkle/gateway/internal/cqrs/projection/handlers.go:791.16,793.3 1 0
github.com/sparkle/gateway/internal/cqrs/projection/handlers.go:795.2,795.60 1 0
github.com/sparkle/gateway/internal/cqrs/projection/handlers.go:798.111,800.9 2 0
github.com/sparkle/gateway/internal/cqrs/projection/handlers.go:800.9,802.3 1 0
github.com/sparkle/gateway/internal/cqrs/projection/handlers.go:804.2,805.9 2 0
github.com/sparkle/gateway/internal/cqrs/projection/handlers.go:805.9,807.3 1 0
github.com/sparkle/gateway/internal/cqrs/projection/handlers.go:809.2,810.9 2 0
github.com/sparkle/gateway/internal/cqrs/projection/handlers.go:810.9,812.3 1 0
github.com/sparkle/gateway/internal/cqrs/projection/handlers.go:814.2,822.16 3 0
github.com/sparkle/gateway/internal/cqrs/projection/handlers.go:822.16,824.3 1 0
github.com/sparkle/gateway/internal/cqrs/projection/handlers.go:826.2,827.53 2 0
github.com/sparkle/gateway/internal/cqrs/projection/handlers.go:830.109,832.9 2 0
github.com/sparkle/gateway/internal/cqrs/projection/handlers.go:832.9,834.3 1 0
github.com/sparkle/gateway/internal/cqrs/projection/handlers.go:836.2,837.9 2 0
github.com/sparkle/gateway/internal/cqrs/projection/handlers.go:837.9,839.3 1 0
github.com/sparkle/gateway/internal/cqrs/projection/handlers.go:841.2,842.9 2 0
github.com/sparkle/gateway/internal/cqrs/projection/handlers.go:842.9,844.3 1 0
github.com/sparkle/gateway/internal/cqrs/projection/handlers.go:846.2,847.9 2 0
github.com/sparkle/gateway/internal/cqrs/projection/handlers.go:847.9,849.3 1 0
github.com/sparkle/gateway/internal/cqrs/projection/handlers.go:852.2,860.16 3 0
github.com/sparkle/gateway/internal/cqrs/projection/handlers.go:860.16,862.3 1 0
github.com/sparkle/gateway/internal/cqrs/projection/handlers.go:864.2,875.12 9 0
github.com/sparkle/gateway/internal/cqrs/projection/manager.go:61.66,68.2 1 0
github.com/sparkle/gateway/internal/cqrs/projection/manager.go:71.68,76.43 4 0
github.com/sparkle/gateway/internal/cqrs/projection/manager.go:76.43,78.3 1 0
github.com/sparkle/gateway/internal/cqrs/projection/manager.go:80.2,84.70 3 0
github.com/sparkle/gateway/internal/cqrs/projection/manager.go:84.70,86.3 1 0
github.com/sparkle/gateway/internal/cqrs/projection/manager.go:88.2,89.12 2 0
github.com/sparkle/gateway/internal/cqrs/projection/manager.go:93.69,98.2 4 0
github.com/sparkle/gateway/internal/cqrs/projection/manager.go:101.96,103.16 2 0
github.com/sparkle/gateway/internal/cqrs/projection/manager.go:103.16,105.3 1 0
github.com/sparkle/gateway/internal/cqrs/projection/manager.go:107.2,115.38 2 0
github.com/sparkle/gateway/internal/cqrs/projection/manager.go:115.38,116.101 1 0
github.com/sparkle/gateway/internal/cqrs/projection/manager.go:116.101,118.4 1 0
github.com/sparkle/gateway/internal/cqrs/projection/manager.go:121.2,121.32 1 0
github.com/sparkle/gateway/internal/cqrs/projection/manager.go:121.32,123.3 1 0
github.com/sparkle/gateway/internal/cqrs/projection/manager.go:125.2,125.29 1 0
github.com/sparkle/gateway/internal/cqrs/projection/manager.go:125.29,127.3 1 0
github.com/sparkle/gateway/internal/cqrs/projection/manager.go:129.2,129.18 1 0
github.com/sparkle/gateway/internal/cqrs/projection/manager.go:133.84,135.16 2 0
github.com/sparkle/gateway/internal/cqrs/projection/manager.go:135.16,137.3 1 0
github.com/sparkle/gateway/internal/cqrs/projection/manager.go:139.2,140.29 2 0
github.com/sparkle/gateway/internal/cqrs/projection/manager.go:140.29,149.39 2 0
github.com/sparkle/gateway/internal/cqrs/projection/manager.go:149.39,150.102 1 0
github.com/sparkle/gateway/internal/cqrs/projection/manager.go:150.102,152.5 1 0
github.com/sparkle/gateway/internal/cqrs/projection/manager.go:155.3,155.33 1 0
github.com/sparkle/gateway/internal/cqrs/projection/manager.go:155.33,157.4 1 0
github.com/sparkle/gateway/internal/cqrs/projection/manager.go:159.3,159.30 1 0
github.com/sparkle/gateway/internal/cqrs/projection/manager.go:159.30,161.4 1 0
github.com/sparkle/gateway/internal/cqrs/projection/manager.go:163.3,163.30 1 0
github.com/sparkle/gateway/internal/cqrs/projection/manager.go:166.2,166.19 1 0
github.com/sparkle/gateway/internal/cqrs/projection/manager.go:170.90,175.2 1 0
github.com/sparkle/gateway/internal/cqrs/projection/manager.go:178.111,184.2 1 0
github.com/sparkle/gateway/internal/cqrs/projection/manager.go:187.75,189.2 1 0
github.com/sparkle/gateway/internal/cqrs/projection/manager.go:192.76,194.2 1 0
github.com/sparkle/gateway/internal/cqrs/projection/manager.go:197.75,202.9 4 0
github.com/sparkle/gateway/internal/cqrs/projection/manager.go:202.9,204.3 1 0
github.com/sparkle/gateway/internal/cqrs/projection/manager.go:207.2,207.67 1 0
github.com/sparkle/gateway/internal/cqrs/projection/manager.go:207.67,209.3 1 0
github.com/sparkle/gateway/internal/cqrs/projection/manager.go:212.2,212.43 1 0
github.com/sparkle/gateway/internal/cqrs/projection/manager.go:212.43,215.3 2 0
github.com/sparkle/gateway/internal/cqrs/projection/manager.go:218.2,221.17 1 0
github.com/sparkle/gateway/internal/cqrs/projection/manager.go:221.17,223.3 1 0
github.com/sparkle/gateway/internal/cqrs/projection/manager.go:226.2,226.65 1 0
github.com/sparkle/gateway/internal/cqrs/projection/manager.go:226.65,228.3 1 0
github.com/sparkle/gateway/internal/cqrs/projection/manager.go:230.2,231.12 2 0
github.com/sparkle/gateway/internal/cqrs/projection/manager.go:242.82,248.2 1 0
github.com/sparkle/gateway/internal/cqrs/projection/manager.go:261.165,263.16 2 0
github.com/sparkle/gateway/internal/cqrs/projection/manager.go:263.16,265.3 1 0
github.com/sparkle/gateway/internal/cqrs/projection/manager.go:267.2,268.24 2 0
github.com/sparkle/gateway/internal/cqrs/projection/manager.go:268.24,270.3 1 0
github.com/sparkle/gateway/internal/cqrs/projection/manager.go:272.2,278.4 1 0
github.com/sparkle/gateway/internal/cqrs/projection/manager.go:282.132,284.24 2 0
github.com/sparkle/gateway/internal/cqrs/projection/manager.go:284.24,286.3 1 0
github.com/sparkle/gateway/internal/cqrs/projection/manager.go:288.2,292.16 2 0
github.com/sparkle/gateway/internal/cqrs/projection/manager.go:292.16,294.3 1 0
github.com/sparkle/gateway/internal/cqrs/projection/manager.go:296.2,297.64 2 0
github.com/sparkle/gateway/internal/cqrs/projection/manager.go:297.64,299.3 1 0
github.com/sparkle/gateway/internal/cqrs/projection/manager.go:301.2,312.27 4 0
github.com/sparkle/gateway/internal/cqrs/projection/manager.go:312.27,315.3 2 0
github.com/sparkle/gateway/internal/cqrs/projection/manager.go:317.2,317.22 1 0
github.com/sparkle/gateway/internal/cqrs/projection/manager.go:321.102,323.2 1 0
github.com/sparkle/gateway/internal/cqrs/projection/manager.go:326.103,328.2 1 0
github.com/sparkle/gateway/internal/api/v1/community.go:17.118,22.2 1 0
github.com/sparkle/gateway/internal/api/v1/community.go:24.100,26.2 2 0
github.com/sparkle/gateway/internal/api/v1/community.go:26.2,32.3 5 0
github.com/sparkle/gateway/internal/api/v1/community.go:41.55,44.13 2 0
github.com/sparkle/gateway/internal/api/v1/community.go:44.13,47.3 2 0
github.com/sparkle/gateway/internal/api/v1/community.go:49.2,50.16 2 0
github.com/sparkle/gateway/internal/api/v1/community.go:50.16,53.3 2 0
github.com/sparkle/gateway/internal/api/v1/community.go:55.2,56.49 2 0
github.com/sparkle/gateway/internal/api/v1/community.go:56.49,59.3 2 0
github.com/sparkle/gateway/internal/api/v1/community.go:61.2,67.16 2 0
github.com/sparkle/gateway/internal/api/v1/community.go:67.16,70.3 2 0
github.com/sparkle/gateway/internal/api/v1/community.go:72.2,77.4 2 0
github.com/sparkle/gateway/internal/api/v1/community.go:80.52,85.16 4 0
github.com/sparkle/gateway/internal/api/v1/community.go:85.16,88.3 2 0
github.com/sparkle/gateway/internal/api/v1/community.go:90.2,90.30 1 0
github.com/sparkle/gateway/internal/api/v1/community.go:93.53,96.13 2 0
github.com/sparkle/gateway/internal/api/v1/community.go:96.13,99.3 2 0
github.com/sparkle/gateway/internal/api/v1/community.go:101.2,102.16 2 0
github.com/sparkle/gateway/internal/api/v1/community.go:102.16,105.3 2 0
github.com/sparkle/gateway/internal/api/v1/community.go:107.2,109.16 3 0
github.com/sparkle/gateway/internal/api/v1/community.go:109.16,112.3 2 0
github.com/sparkle/gateway/internal/api/v1/community.go:114.2,115.16 2 0
github.com/sparkle/gateway/internal/api/v1/community.go:115.16,118.3 2 0
github.com/sparkle/gateway/internal/api/v1/community.go:120.2,120.49 1 0
github.com/sparkle/gateway/internal/cqrs/worker/base.go:59.43,67.2 1 0
github.com/sparkle/gateway/internal/cqrs/worker/base.go:78.39,85.2 1 0
github.com/sparkle/gateway/internal/cqrs/worker/base.go:95.15,97.19 2 0
github.com/sparkle/gateway/internal/cqrs/worker/base.go:97.19,99.3 1 0
github.com/sparkle/gateway/internal/cqrs/worker/base.go:101.2,111.3 1 0
github.com/sparkle/gateway/internal/cqrs/worker/base.go:115.81,116.44 1 0
github.com/sparkle/gateway/internal/cqrs/worker/base.go:116.44,118.3 1 0
github.com/sparkle/gateway/internal/cqrs/worker/base.go:119.2,128.51 3 0
github.com/sparkle/gateway/internal/cqrs/worker/base.go:128.51,130.3 1 0
github.com/sparkle/gateway/internal/cqrs/worker/base.go:132.2,132.6 1 0
github.com/sparkle/gateway/internal/cqrs/worker/base.go:132.6,133.10 1 0
github.com/sparkle/gateway/internal/cqrs/worker/base.go:134.21,136.20 2 0
github.com/sparkle/gateway/internal/cqrs/worker/base.go:137.11,138.58 1 0
github.com/sparkle/gateway/internal/cqrs/worker/base.go:138.58,142.5 3 0
github.com/sparkle/gateway/internal/cqrs/worker/base.go:147.93,157.16 2 0
github.com/sparkle/gateway/internal/cqrs/worker/base.go:157.16,158.23 1 0
github.com/sparkle/gateway/internal/cqrs/worker/base.go:158.23,160.4 1 0
github.com/sparkle/gateway/internal/cqrs/worker/base.go:162.3,162.26 1 0
github.com/sparkle/gateway/internal/cqrs/worker/base.go:162.26,168.65 2 0
github.com/sparkle/gateway/internal/cqrs/worker/base.go:168.65,170.5 1 0
github.com/sparkle/gateway/internal/cqrs/worker/base.go:171.4,171.14 1 0
github.com/sparkle/gateway/internal/cqrs/worker/base.go:173.3,173.43 1 0
github.com/sparkle/gateway/internal/cqrs/worker/base.go:176.2,176.33 1 0
github.com/sparkle/gateway/internal/cqrs/worker/base.go:176.33,177.39 1 0
github.com/sparkle/gateway/internal/cqrs/worker/base.go:177.39,179.4 1 0
github.com/sparkle/gateway/internal/cqrs/worker/base.go:183.2,184.16 2 0
github.com/sparkle/gateway/internal/cqrs/worker/base.go:184.16,186.3 1 0
github.com/sparkle/gateway/internal/cqrs/worker/base.go:188.2,188.12 1 0
github.com/sparkle/gateway/internal/cqrs/worker/base.go:191.69,193.41 2 0
github.com/sparkle/gateway/internal/cqrs/worker/base.go:193.41,195.3 1 0
github.com/sparkle/gateway/internal/cqrs/worker/base.go:196.2,196.53 1 0
github.com/sparkle/gateway/internal/cqrs/worker/base.go:199.39,201.2 1 0
github.com/sparkle/gateway/internal/cqrs/worker/base.go:203.37,205.2 1 0
github.com/sparkle/gateway/internal/cqrs/worker/base.go:207.106,212.32 3 0
github.com/sparkle/gateway/internal/cqrs/worker/base.go:212.32,213.36 1 0
github.com/sparkle/gateway/internal/cqrs/worker/base.go:213.36,218.4 4 0
github.com/sparkle/gateway/internal/cqrs/worker/base.go:222.2,223.16 2 0
github.com/sparkle/gateway/internal/cqrs/worker/base.go:223.16,231.3 4 0
github.com/sparkle/gateway/internal/cqrs/worker/base.go:234.2,237.16 3 0
github.com/sparkle/gateway/internal/cqrs/worker/base.go:237.16,245.3 3 0
github.com/sparkle/gateway/internal/cqrs/worker/base.go:245.8,254.3 3 0
github.com/sparkle/gateway/internal/cqrs/worker/base.go:257.2,257.31 1 0
github.com/sparkle/gateway/internal/cqrs/worker/base.go:265.9,269.67 3 0
github.com/sparkle/gateway/internal/cqrs/worker/base.go:269.67,270.18 1 0
github.com/sparkle/gateway/internal/cqrs/worker/base.go:270.18,271.11 1 0
github.com/sparkle/gateway/internal/cqrs/worker/base.go:272.22,273.21 1 0
github.com/sparkle/gateway/internal/cqrs/worker/base.go:274.31,274.31 0 0
github.com/sparkle/gateway/internal/cqrs/worker/base.go:277.4,278.42 2 0
github.com/sparkle/gateway/internal/cqrs/worker/base.go:278.42,280.5 1 0
github.com/sparkle/gateway/internal/cqrs/worker/base.go:281.4,285.5 2 0
github.com/sparkle/gateway/internal/cqrs/worker/base.go:288.3,288.55 1 0
github.com/sparkle/gateway/internal/cqrs/worker/base.go:288.55,290.12 2 0
github.com/sparkle/gateway/internal/cqrs/worker/base.go:292.3,292.13 1 0
github.com/sparkle/gateway/internal/cqrs/worker/base.go:295.2,295.56 1 0
github.com/sparkle/gateway/internal/cqrs/worker/base.go:298.78,300.49 1 0
github.com/sparkle/gateway/internal/cqrs/worker/base.go:300.49,302.3 1 0
github.com/sparkle/gateway/internal/cqrs/worker/base.go:305.2,305.30 1 0
github.com/sparkle/gateway/internal/cqrs/worker/base.go:305.30,307.17 2 0
github.com/sparkle/gateway/internal/cqrs/worker/base.go:307.17,310.4 2 0
github.com/sparkle/gateway/internal/cqrs/worker/base.go:311.3,311.19 1 0
github.com/sparkle/gateway/internal/cqrs/worker/base.go:314.2,314.14 1 0
github.com/sparkle/gateway/internal/cqrs/worker/base.go:317.75,322.30 2 0
github.com/sparkle/gateway/internal/cqrs/worker/base.go:322.30,323.90 1 0
github.com/sparkle/gateway/internal/cqrs/worker/base.go:323.90,325.4 1 0
github.com/sparkle/gateway/internal/cqrs/worker/base.go:329.73,330.89 1 0
github.com/sparkle/gateway/internal/cqrs/worker/base.go:330.89,335.3 1 0
github.com/sparkle/gateway/internal/cqrs/worker/base.go:338.102,339.26 1 0
github.com/sparkle/gateway/internal/cqrs/worker/base.go:339.26,341.3 1 0
github.com/sparkle/gateway/internal/cqrs/worker/base.go:343.2,354.31 2 0
github.com/sparkle/gateway/internal/cqrs/worker/base.go:354.31,355.32 1 0
github.com/sparkle/gateway/internal/cqrs/worker/base.go:355.32,357.4 1 0
github.com/sparkle/gateway/internal/cqrs/worker/base.go:360.2,360.58 1 0
github.com/sparkle/gateway/internal/cqrs/worker/base.go:360.58,365.3 1 0
github.com/sparkle/gateway/internal/cqrs/worker/base.go:367.2,367.56 1 0
github.com/sparkle/gateway/internal/cqrs/worker/base.go:371.39,373.2 1 0
github.com/sparkle/gateway/internal/cqrs/worker/base.go:376.72,381.9 3 0
github.com/sparkle/gateway/internal/cqrs/worker/base.go:381.9,383.3 1 0
github.com/sparkle/gateway/internal/cqrs/worker/base.go:384.2,387.9 3 0
github.com/sparkle/gateway/internal/cqrs/worker/base.go:387.9,389.3 1 0
github.com/sparkle/gateway/internal/cqrs/worker/base.go:390.2,393.9 3 0
github.com/sparkle/gateway/internal/cqrs/worker/base.go:393.9,395.3 1 0
github.com/sparkle/gateway/internal/cqrs/worker/base.go:396.2,399.9 3 0
github.com/sparkle/gateway/internal/cqrs/worker/base.go:399.9,401.3 1 0
github.com/sparkle/gateway/internal/cqrs/worker/base.go:402.2,403.16 2 0
github.com/sparkle/gateway/internal/cqrs/worker/base.go:403.16,405.3 1 0
github.com/sparkle/gateway/internal/cqrs/worker/base.go:406.2,409.9 3 0
github.com/sparkle/gateway/internal/cqrs/worker/base.go:409.9,411.3 1 0
github.com/sparkle/gateway/internal/cqrs/worker/base.go:412.2,413.16 2 0
github.com/sparkle/gateway/internal/cqrs/worker/base.go:413.16,415.3 1 0
github.com/sparkle/gateway/internal/cqrs/worker/base.go:416.2,419.55 2 0
github.com/sparkle/gateway/internal/cqrs/worker/base.go:419.55,423.3 3 0
github.com/sparkle/gateway/internal/cqrs/worker/base.go:423.8,425.3 1 0
github.com/sparkle/gateway/internal/cqrs/worker/base.go:428.2,428.55 1 0
github.com/sparkle/gateway/internal/cqrs/worker/base.go:428.55,429.71 1 0
github.com/sparkle/gateway/internal/cqrs/worker/base.go:429.71,431.4 1 0
github.com/sparkle/gateway/internal/cqrs/worker/base.go:435.2,435.75 1 0
github.com/sparkle/gateway/internal/cqrs/worker/base.go:435.75,436.73 1 0
github.com/sparkle/gateway/internal/cqrs/worker/base.go:436.73,439.4 1 0
github.com/sparkle/gateway/internal/cqrs/worker/base.go:442.2,442.18 1 0
github.com/sparkle/gateway/internal/cqrs/worker/base.go:445.45,447.2 1 0
github.com/sparkle/gateway/internal/cqrs/worker/dlq.go:30.81,32.16 2 0
github.com/sparkle/gateway/internal/cqrs/worker/dlq.go:32.16,34.3 1 0
github.com/sparkle/gateway/internal/cqrs/worker/dlq.go:36.2,48.16 2 0
github.com/sparkle/gateway/internal/cqrs/worker/dlq.go:48.16,50.3 1 0
github.com/sparkle/gateway/internal/cqrs/worker/dlq.go:52.2,52.12 1 0
github.com/sparkle/gateway/internal/cqrs/worker/dlq.go:69.49,73.2 1 0
github.com/sparkle/gateway/internal/cqrs/worker/dlq.go:80.15,82.21 2 0
github.com/sparkle/gateway/internal/cqrs/worker/dlq.go:82.21,84.3 1 0
github.com/sparkle/gateway/internal/cqrs/worker/dlq.go:86.2,90.3 1 0
github.com/sparkle/gateway/internal/cqrs/worker/dlq.go:94.87,96.16 2 0
github.com/sparkle/gateway/internal/cqrs/worker/dlq.go:96.16,98.3 1 0
github.com/sparkle/gateway/internal/cqrs/worker/dlq.go:100.2,101.31 2 0
github.com/sparkle/gateway/internal/cqrs/worker/dlq.go:101.31,103.10 2 0
github.com/sparkle/gateway/internal/cqrs/worker/dlq.go:103.10,104.12 1 0
github.com/sparkle/gateway/internal/cqrs/worker/dlq.go:107.3,108.68 2 0
github.com/sparkle/gateway/internal/cqrs/worker/dlq.go:108.68,113.12 2 0
github.com/sparkle/gateway/internal/cqrs/worker/dlq.go:116.3,117.35 2 0
github.com/sparkle/gateway/internal/cqrs/worker/dlq.go:117.35,118.9 1 0
github.com/sparkle/gateway/internal/cqrs/worker/dlq.go:122.2,122.21 1 0
github.com/sparkle/gateway/internal/cqrs/worker/dlq.go:126.116,128.16 2 0
github.com/sparkle/gateway/internal/cqrs/worker/dlq.go:128.16,130.3 1 0
github.com/sparkle/gateway/internal/cqrs/worker/dlq.go:132.2,133.31 2 0
github.com/sparkle/gateway/internal/cqrs/worker/dlq.go:133.31,135.39 2 0
github.com/sparkle/gateway/internal/cqrs/worker/dlq.go:135.39,136.12 1 0
github.com/sparkle/gateway/internal/cqrs/worker/dlq.go:139.3,140.10 2 0
github.com/sparkle/gateway/internal/cqrs/worker/dlq.go:140.10,141.12 1 0
github.com/sparkle/gateway/internal/cqrs/worker/dlq.go:144.3,145.68 2 0
github.com/sparkle/gateway/internal/cqrs/worker/dlq.go:145.68,146.12 1 0
github.com/sparkle/gateway/internal/cqrs/worker/dlq.go:149.3,150.35 2 0
github.com/sparkle/gateway/internal/cqrs/worker/dlq.go:150.35,151.9 1 0
github.com/sparkle/gateway/internal/cqrs/worker/dlq.go:155.2,155.21 1 0
github.com/sparkle/gateway/internal/cqrs/worker/dlq.go:159.124,161.16 2 0
github.com/sparkle/gateway/internal/cqrs/worker/dlq.go:161.16,163.3 1 0
github.com/sparkle/gateway/internal/cqrs/worker/dlq.go:165.2,166.31 2 0
github.com/sparkle/gateway/internal/cqrs/worker/dlq.go:166.31,168.39 2 0
github.com/sparkle/gateway/internal/cqrs/worker/dlq.go:168.39,169.12 1 0
github.com/sparkle/gateway/internal/cqrs/worker/dlq.go:172.3,173.10 2 0
github.com/sparkle/gateway/internal/cqrs/worker/dlq.go:173.10,174.12 1 0
github.com/sparkle/gateway/internal/cqrs/worker/dlq.go:177.3,178.68 2 0
github.com/sparkle/gateway/internal/cqrs/worker/dlq.go:178.68,179.12 1 0
github.com/sparkle/gateway/internal/cqrs/worker/dlq.go:182.3,183.35 2 0
github.com/sparkle/gateway/internal/cqrs/worker/dlq.go:183.35,184.9 1 0
github.com/sparkle/gateway/internal/cqrs/worker/dlq.go:188.2,188.21 1 0
github.com/sparkle/gateway/internal/cqrs/worker/dlq.go:192.78,195.16 2 0
github.com/sparkle/gateway/internal/cqrs/worker/dlq.go:195.16,197.3 1 0
github.com/sparkle/gateway/internal/cqrs/worker/dlq.go:199.2,199.24 1 0
github.com/sparkle/gateway/internal/cqrs/worker/dlq.go:199.24,201.3 1 0
github.com/sparkle/gateway/internal/cqrs/worker/dlq.go:203.2,205.9 3 0
github.com/sparkle/gateway/internal/cqrs/worker/dlq.go:205.9,207.3 1 0
github.com/sparkle/gateway/internal/cqrs/worker/dlq.go:209.2,210.67 2 0
github.com/sparkle/gateway/internal/cqrs/worker/dlq.go:210.67,212.3 1 0
github.com/sparkle/gateway/internal/cqrs/worker/dlq.go:215.2,217.42 3 0
github.com/sparkle/gateway/internal/cqrs/worker/dlq.go:217.42,219.3 1 0
github.com/sparkle/gateway/internal/cqrs/worker/dlq.go:220.2,227.16 3 0
github.com/sparkle/gateway/internal/cqrs/worker/dlq.go:227.16,229.3 1 0
github.com/sparkle/gateway/internal/cqrs/worker/dlq.go:232.2,233.16 2 0
github.com/sparkle/gateway/internal/cqrs/worker/dlq.go:233.16,238.3 1 0
github.com/sparkle/gateway/internal/cqrs/worker/dlq.go:240.2,246.12 2 0
github.com/sparkle/gateway/internal/cqrs/worker/dlq.go:250.79,252.16 2 0
github.com/sparkle/gateway/internal/cqrs/worker/dlq.go:252.16,254.3 1 0
github.com/sparkle/gateway/internal/cqrs/worker/dlq.go:256.2,256.18 1 0
github.com/sparkle/gateway/internal/cqrs/worker/dlq.go:256.18,258.3 1 0
github.com/sparkle/gateway/internal/cqrs/worker/dlq.go:260.2,261.12 2 0
github.com/sparkle/gateway/internal/cqrs/worker/dlq.go:265.66,270.16 4 0
github.com/sparkle/gateway/internal/cqrs/worker/dlq.go:270.16,272.3 1 0
github.com/sparkle/gateway/internal/cqrs/worker/dlq.go:274.2,275.31 2 0
github.com/sparkle/gateway/internal/cqrs/worker/dlq.go:275.31,277.10 2 0
github.com/sparkle/gateway/internal/cqrs/worker/dlq.go:277.10,278.12 1 0
github.com/sparkle/gateway/internal/cqrs/worker/dlq.go:281.3,282.17 2 0
github.com/sparkle/gateway/internal/cqrs/worker/dlq.go:282.17,283.12 1 0
github.com/sparkle/gateway/internal/cqrs/worker/dlq.go:286.3,286.30 1 0
github.com/sparkle/gateway/internal/cqrs/worker/dlq.go:286.30,288.18 2 0
github.com/sparkle/gateway/internal/cqrs/worker/dlq.go:288.18,290.5 1 0
github.com/sparkle/gateway/internal/cqrs/worker/dlq.go:294.2,294.17 1 0
github.com/sparkle/gateway/internal/cqrs/worker/dlq.go:294.17,299.3 1 0
github.com/sparkle/gateway/internal/cqrs/worker/dlq.go:301.2,301.21 1 0
github.com/sparkle/gateway/internal/cqrs/worker/dlq.go:305.67,307.2 1 0
github.com/sparkle/gateway/internal/cqrs/worker/dlq.go:319.71,321.16 2 0
github.com/sparkle/gateway/internal/cqrs/worker/dlq.go:321.16,323.3 1 0
github.com/sparkle/gateway/internal/cqrs/worker/dlq.go:325.2,331.31 2 0
github.com/sparkle/gateway/internal/cqrs/worker/dlq.go:331.31,333.61 1 0
github.com/sparkle/gateway/internal/cqrs/worker/dlq.go:333.61,335.4 1 0
github.com/sparkle/gateway/internal/cqrs/worker/dlq.go:338.3,338.61 1 0
github.com/sparkle/gateway/internal/cqrs/worker/dlq.go:338.61,340.4 1 0
github.com/sparkle/gateway/internal/cqrs/worker/dlq.go:343.3,343.62 1 0
github.com/sparkle/gateway/internal/cqrs/worker/dlq.go:343.62,345.18 2 0
github.com/sparkle/gateway/internal/cqrs/worker/dlq.go:345.18,346.15 1 0
github.com/sparkle/gateway/internal/cqrs/worker/dlq.go:346.15,348.6 1 0
github.com/sparkle/gateway/internal/cqrs/worker/dlq.go:349.5,349.38 1 0
github.com/sparkle/gateway/internal/cqrs/worker/dlq.go:354.2,354.19 1 0
github.com/sparkle/gateway/internal/cqrs/worker/dlq.go:365.102,366.24 1 0
github.com/sparkle/gateway/internal/cqrs/worker/dlq.go:366.24,368.3 1 0
github.com/sparkle/gateway/internal/cqrs/worker/dlq.go:370.2,374.3 1 0
github.com/sparkle/gateway/internal/cqrs/worker/dlq.go:378.53,386.6 4 0
github.com/sparkle/gateway/internal/cqrs/worker/dlq.go:386.6,387.10 1 0
github.com/sparkle/gateway/internal/cqrs/worker/dlq.go:388.21,390.20 2 0
github.com/sparkle/gateway/internal/cqrs/worker/dlq.go:391.19,393.18 2 0
github.com/sparkle/gateway/internal/cqrs/worker/dlq.go:393.18,395.5 1 0
github.com/sparkle/gateway/internal/cqrs/worker/dlq.go:395.10,395.26 1 0
github.com/sparkle/gateway/internal/cqrs/worker/dlq.go:395.26,399.5 1 0
github.com/sparkle/gateway/internal/event/event_bus.go:38.60,40.2 1 0
github.com/sparkle/gateway/internal/event/event_bus.go:42.79,44.16 2 0
github.com/sparkle/gateway/internal/event/event_bus.go:44.16,46.3 1 0
github.com/sparkle/gateway/internal/event/event_bus.go:49.2,56.10 1 0
github.com/sparkle/gateway/internal/cqrs/metrics/health.go:74.55,82.2 1 0
github.com/sparkle/gateway/internal/cqrs/metrics/health.go:90.18,92.21 2 0
github.com/sparkle/gateway/internal/cqrs/metrics/health.go:92.21,94.3 1 0
github.com/sparkle/gateway/internal/cqrs/metrics/health.go:96.2,105.3 1 0
github.com/sparkle/gateway/internal/cqrs/metrics/health.go:109.64,112.66 2 0
github.com/sparkle/gateway/internal/cqrs/metrics/health.go:112.66,116.3 3 0
github.com/sparkle/gateway/internal/cqrs/metrics/health.go:117.2,136.31 8 0
github.com/sparkle/gateway/internal/cqrs/metrics/health.go:136.31,137.40 1 0
github.com/sparkle/gateway/internal/cqrs/metrics/health.go:137.40,139.9 2 0
github.com/sparkle/gateway/internal/cqrs/metrics/health.go:141.3,141.79 1 0
github.com/sparkle/gateway/internal/cqrs/metrics/health.go:141.79,143.4 1 0
github.com/sparkle/gateway/internal/cqrs/metrics/health.go:146.2,158.15 6 0
github.com/sparkle/gateway/internal/cqrs/metrics/health.go:161.73,175.16 6 0
github.com/sparkle/gateway/internal/cqrs/metrics/health.go:175.16,179.3 3 0
github.com/sparkle/gateway/internal/cqrs/metrics/health.go:181.2,181.36 1 0
github.com/sparkle/gateway/internal/cqrs/metrics/health.go:181.36,185.3 3 0
github.com/sparkle/gateway/internal/cqrs/metrics/health.go:187.2,189.15 3 0
github.com/sparkle/gateway/internal/cqrs/metrics/health.go:192.74,199.27 2 0
github.com/sparkle/gateway/internal/cqrs/metrics/health.go:199.27,203.3 3 0
github.com/sparkle/gateway/internal/cqrs/metrics/health.go:205.2,206.16 2 0
github.com/sparkle/gateway/internal/cqrs/metrics/health.go:206.16,210.3 3 0
github.com/sparkle/gateway/internal/cqrs/metrics/health.go:212.2,214.40 2 0
github.com/sparkle/gateway/internal/cqrs/metrics/health.go:214.40,218.3 3 0
github.com/sparkle/gateway/internal/cqrs/metrics/health.go:220.2,220.39 1 0
github.com/sparkle/gateway/internal/cqrs/metrics/health.go:220.39,224.3 3 0
github.com/sparkle/gateway/internal/cqrs/metrics/health.go:226.2,228.15 3 0
github.com/sparkle/gateway/internal/cqrs/metrics/health.go:231.80,244.33 3 0
github.com/sparkle/gateway/internal/cqrs/metrics/health.go:244.33,246.17 2 0
github.com/sparkle/gateway/internal/cqrs/metrics/health.go:246.17,247.24 1 0
github.com/sparkle/gateway/internal/cqrs/metrics/health.go:247.24,249.13 2 0
github.com/sparkle/gateway/internal/cqrs/metrics/health.go:251.4,253.17 3 0
github.com/sparkle/gateway/internal/cqrs/metrics/health.go:255.3,255.62 1 0
github.com/sparkle/gateway/internal/cqrs/metrics/health.go:258.2,260.15 3 0
github.com/sparkle/gateway/internal/cqrs/metrics/health.go:263.71,274.36 4 0
github.com/sparkle/gateway/internal/cqrs/metrics/health.go:274.36,278.3 3 0
github.com/sparkle/gateway/internal/cqrs/metrics/health.go:280.2,282.18 2 0
github.com/sparkle/gateway/internal/cqrs/metrics/health.go:282.18,286.3 3 0
github.com/sparkle/gateway/internal/cqrs/metrics/health.go:288.2,290.15 3 0
github.com/sparkle/gateway/internal/cqrs/metrics/health.go:294.65,298.2 3 0
github.com/sparkle/gateway/internal/cqrs/metrics/health.go:300.59,304.44 3 0
github.com/sparkle/gateway/internal/cqrs/metrics/health.go:304.44,306.3 1 0
github.com/sparkle/gateway/internal/cqrs/metrics/health.go:306.8,306.50 1 0
github.com/sparkle/gateway/internal/cqrs/metrics/health.go:306.50,308.3 1 0
github.com/sparkle/gateway/internal/cqrs/metrics/health.go:310.2,310.28 1 0
github.com/sparkle/gateway/internal/cqrs/metrics/health.go:313.61,319.2 1 0
github.com/sparkle/gateway/internal/cqrs/metrics/health.go:321.62,324.44 2 0
github.com/sparkle/gateway/internal/cqrs/metrics/health.go:324.44,331.3 2 0
github.com/sparkle/gateway/internal/cqrs/metrics/health.go:333.2,336.4 1 0
github.com/sparkle/gateway/internal/cqrs/metrics/health.go:339.34,341.2 1 0
github.com/sparkle/gateway/internal/cqrs/metrics/prometheus.go:42.52,43.21 1 0
github.com/sparkle/gateway/internal/cqrs/metrics/prometheus.go:43.21,45.3 1 0
github.com/sparkle/gateway/internal/cqrs/metrics/prometheus.go:47.2,177.3 2 0
github.com/sparkle/gateway/internal/cqrs/metrics/prometheus.go:181.62,183.2 1 0
github.com/sparkle/gateway/internal/cqrs/metrics/prometheus.go:186.95,189.2 2 0
github.com/sparkle/gateway/internal/cqrs/metrics/prometheus.go:192.74,194.2 1 0
github.com/sparkle/gateway/internal/cqrs/metrics/prometheus.go:197.57,199.2 1 0
github.com/sparkle/gateway/internal/cqrs/metrics/prometheus.go:202.73,204.2 1 0
github.com/sparkle/gateway/internal/cqrs/metrics/prometheus.go:207.46,209.2 1 0
github.com/sparkle/gateway/internal/cqrs/metrics/prometheus.go:212.55,214.2 1 0
github.com/sparkle/gateway/internal/cqrs/metrics/prometheus.go:217.73,219.2 1 0
github.com/sparkle/gateway/internal/cqrs/metrics/prometheus.go:222.82,224.2 1 0
github.com/sparkle/gateway/internal/agent/client.go:48.71,49.19 1 1
github.com/sparkle/gateway/internal/agent/client.go:49.19,51.3 1 0
github.com/sparkle/gateway/internal/agent/client.go:52.2,52.54 1 1
github.com/sparkle/gateway/internal/agent/client.go:55.53,56.52 1 1
github.com/sparkle/gateway/internal/agent/client.go:56.52,57.40 1 1
github.com/sparkle/gateway/internal/agent/client.go:57.40,59.4 1 1
github.com/sparkle/gateway/internal/agent/client.go:61.2,61.11 1 1
github.com/sparkle/gateway/internal/agent/client.go:64.53,66.25 2 1
github.com/sparkle/gateway/internal/agent/client.go:66.25,68.3 1 1
github.com/sparkle/gateway/internal/agent/client.go:69.2,73.16 4 1
github.com/sparkle/gateway/internal/agent/client.go:73.16,75.3 1 0
github.com/sparkle/gateway/internal/agent/client.go:77.2,78.16 2 1
github.com/sparkle/gateway/internal/agent/client.go:78.16,81.3 2 0
github.com/sparkle/gateway/internal/agent/client.go:83.2,89.8 2 1
github.com/sparkle/gateway/internal/agent/client.go:92.70,94.25 2 1
github.com/sparkle/gateway/internal/agent/client.go:94.25,95.35 1 0
github.com/sparkle/gateway/internal/agent/client.go:95.35,97.18 2 0
github.com/sparkle/gateway/internal/agent/client.go:97.18,100.5 2 0
github.com/sparkle/gateway/internal/agent/client.go:101.4,101.20 1 0
github.com/sparkle/gateway/internal/agent/client.go:102.9,107.4 1 0
github.com/sparkle/gateway/internal/agent/client.go:111.2,134.8 2 1
github.com/sparkle/gateway/internal/agent/client.go:137.49,141.2 3 1
github.com/sparkle/gateway/internal/agent/client.go:143.58,147.2 3 0
github.com/sparkle/gateway/internal/agent/client.go:149.55,150.33 1 0
github.com/sparkle/gateway/internal/agent/client.go:150.33,152.3 1 0
github.com/sparkle/gateway/internal/agent/client.go:154.2,159.17 4 0
github.com/sparkle/gateway/internal/agent/client.go:159.17,161.3 1 0
github.com/sparkle/gateway/internal/agent/client.go:162.2,162.64 1 0
github.com/sparkle/gateway/internal/agent/client.go:162.64,164.3 1 0
github.com/sparkle/gateway/internal/agent/client.go:165.2,167.42 2 0
github.com/sparkle/gateway/internal/agent/client.go:167.42,169.64 2 0
github.com/sparkle/gateway/internal/agent/client.go:169.64,171.4 1 0
github.com/sparkle/gateway/internal/agent/client.go:174.2,175.25 2 0
github.com/sparkle/gateway/internal/agent/client.go:175.25,177.3 1 0
github.com/sparkle/gateway/internal/agent/client.go:179.2,183.16 4 0
github.com/sparkle/gateway/internal/agent/client.go:183.16,186.3 2 0
github.com/sparkle/gateway/internal/agent/client.go:188.2,194.20 6 0
github.com/sparkle/gateway/internal/agent/client.go:194.20,196.3 1 0
github.com/sparkle/gateway/internal/agent/client.go:198.2,199.12 2 0
github.com/sparkle/gateway/internal/agent/client.go:202.38,203.16 1 1
github.com/sparkle/gateway/internal/agent/client.go:203.16,205.3 1 0
github.com/sparkle/gateway/internal/agent/client.go:207.2,208.9 2 1
github.com/sparkle/gateway/internal/agent/client.go:208.9,210.3 1 0
github.com/sparkle/gateway/internal/agent/client.go:212.2,212.19 1 1
github.com/sparkle/gateway/internal/agent/client.go:213.49,214.14 1 1
github.com/sparkle/gateway/internal/agent/client.go:215.10,216.15 1 1
github.com/sparkle/gateway/internal/agent/client.go:221.123,223.16 2 0
github.com/sparkle/gateway/internal/agent/client.go:223.16,225.3 1 0
github.com/sparkle/gateway/internal/agent/client.go:228.2,229.37 2 0
github.com/sparkle/gateway/internal/agent/client.go:229.37,231.3 1 0
github.com/sparkle/gateway/internal/agent/client.go:233.2,238.15 4 0
github.com/sparkle/gateway/internal/agent/client.go:241.26,242.28 1 1
github.com/sparkle/gateway/internal/agent/client.go:242.28,244.3 1 0
github.com/sparkle/gateway/internal/agent/client.go:245.2,245.42 1 1
github.com/sparkle/gateway/internal/agent/client.go:245.42,247.3 1 1
github.com/sparkle/gateway/internal/agent/client.go:251.57,253.2 1 0
github.com/sparkle/gateway/internal/agent/client.go:256.35,257.28 1 0
github.com/sparkle/gateway/internal/agent/client.go:257.28,259.3 1 0
github.com/sparkle/gateway/internal/agent/client.go:261.2,261.13 1 0
github.com/sparkle/gateway/internal/agent/client.go:265.49,266.28 1 0
github.com/sparkle/gateway/internal/agent/client.go:266.28,268.3 1 0
github.com/sparkle/gateway/internal/agent/client.go:269.2,269.22 1 0
github.com/sparkle/gateway/internal/agent/client.go:274.135,276.63 1 0
github.com/sparkle/gateway/internal/agent/client.go:276.63,278.3 1 0
github.com/sparkle/gateway/internal/agent/client.go:280.2,283.28 2 0
github.com/sparkle/gateway/internal/agent/client.go:283.28,285.3 1 0
github.com/sparkle/gateway/internal/agent/client.go:287.2,287.20 1 0
github.com/sparkle/gateway/internal/agent/client.go:291.85,295.18 2 1
github.com/sparkle/gateway/internal/agent/client.go:295.18,297.3 1 1
github.com/sparkle/gateway/internal/agent/client.go:298.2,298.55 1 1
github.com/sparkle/gateway/internal/agent/client.go:298.55,300.3 1 1
github.com/sparkle/gateway/internal/agent/client.go:300.8,300.77 1 1
github.com/sparkle/gateway/internal/agent/client.go:300.77,302.3 1 0
github.com/sparkle/gateway/internal/agent/client.go:303.2,303.67 1 1
github.com/sparkle/gateway/internal/agent/client.go:306.123,309.27 3 0
github.com/sparkle/gateway/internal/agent/client.go:309.27,311.3 1 0
github.com/sparkle/gateway/internal/agent/client.go:312.2,312.59 1 0
github.com/sparkle/gateway/internal/agent/client.go:312.59,314.3 1 0
github.com/sparkle/gateway/internal/agent/client.go:315.2,315.47 1 0
github.com/sparkle/gateway/internal/agent/client.go:318.143,321.27 3 0
github.com/sparkle/gateway/internal/agent/client.go:321.27,323.3 1 0
github.com/sparkle/gateway/internal/agent/client.go:324.2,324.59 1 0
github.com/sparkle/gateway/internal/agent/client.go:324.59,326.3 1 0
github.com/sparkle/gateway/internal/agent/client.go:327.2,327.59 1 0
github.com/sparkle/gateway/internal/agent/client.go:330.125,333.27 3 0
github.com/sparkle/gateway/internal/agent/client.go:333.27,335.3 1 0
github.com/sparkle/gateway/internal/agent/client.go:336.2,336.59 1 0
github.com/sparkle/gateway/internal/agent/client.go:336.59,338.3 1 0
github.com/sparkle/gateway/internal/agent/client.go:339.2,339.53 1 0
github.com/sparkle/gateway/internal/agent/client.go:344.111,347.27 3 0
github.com/sparkle/gateway/internal/agent/client.go:347.27,349.3 1 0
github.com/sparkle/gateway/internal/agent/client.go:350.2,350.59 1 0
github.com/sparkle/gateway/internal/agent/client.go:350.59,352.3 1 0
github.com/sparkle/gateway/internal/agent/client.go:353.2,353.51 1 0
github.com/sparkle/gateway/internal/agent/client.go:356.113,359.27 3 0
github.com/sparkle/gateway/internal/agent/client.go:359.27,361.3 1 0
github.com/sparkle/gateway/internal/agent/client.go:362.2,362.59 1 0
github.com/sparkle/gateway/internal/agent/client.go:362.59,364.3 1 0
github.com/sparkle/gateway/internal/agent/client.go:365.2,365.51 1 0
github.com/sparkle/gateway/internal/agent/client.go:368.120,371.27 3 0
github.com/sparkle/gateway/internal/agent/client.go:371.27,373.3 1 0
github.com/sparkle/gateway/internal/agent/client.go:374.2,374.59 1 0
github.com/sparkle/gateway/internal/agent/client.go:374.59,376.3 1 0
github.com/sparkle/gateway/internal/agent/client.go:377.2,377.52 1 0
github.com/sparkle/gateway/internal/agent/client.go:380.158,383.27 3 0
github.com/sparkle/gateway/internal/agent/client.go:383.27,385.3 1 0
github.com/sparkle/gateway/internal/agent/client.go:386.2,386.59 1 0
github.com/sparkle/gateway/internal/agent/client.go:386.59,388.3 1 0
github.com/sparkle/gateway/internal/agent/client.go:389.2,389.64 1 0
github.com/sparkle/gateway/internal/agent/client.go:392.137,395.27 3 0
github.com/sparkle/gateway/internal/agent/client.go:395.27,397.3 1 0
github.com/sparkle/gateway/internal/agent/client.go:398.2,398.59 1 0
github.com/sparkle/gateway/internal/agent/client.go:398.59,400.3 1 0
github.com/sparkle/gateway/internal/agent/client.go:401.2,401.57 1 0
github.com/sparkle/gateway/internal/agent/client.go:404.131,407.27 3 0
github.com/sparkle/gateway/internal/agent/client.go:407.27,409.3 1 0
github.com/sparkle/gateway/internal/agent/client.go:410.2,410.59 1 0
github.com/sparkle/gateway/internal/agent/client.go:410.59,412.3 1 0
github.com/sparkle/gateway/internal/agent/client.go:413.2,413.55 1 0
github.com/sparkle/gateway/internal/agent/client.go:416.128,419.27 3 0
github.com/sparkle/gateway/internal/agent/client.go:419.27,421.3 1 0
github.com/sparkle/gateway/internal/agent/client.go:422.2,422.59 1 0
github.com/sparkle/gateway/internal/agent/client.go:422.59,424.3 1 0
github.com/sparkle/gateway/internal/agent/client.go:425.2,425.52 1 0
github.com/sparkle/gateway/internal/agent/client.go:428.137,431.27 3 0
github.com/sparkle/gateway/internal/agent/client.go:431.27,433.3 1 0
github.com/sparkle/gateway/internal/agent/client.go:434.2,434.59 1 0
github.com/sparkle/gateway/internal/agent/client.go:434.59,436.3 1 0
github.com/sparkle/gateway/internal/agent/client.go:437.2,437.57 1 0
github.com/sparkle/gateway/internal/agent/client.go:440.132,443.27 3 0
github.com/sparkle/gateway/internal/agent/client.go:443.27,445.3 1 0
github.com/sparkle/gateway/internal/agent/client.go:446.2,446.59 1 0
github.com/sparkle/gateway/internal/agent/client.go:446.59,448.3 1 0
github.com/sparkle/gateway/internal/agent/client.go:449.2,449.56 1 0
github.com/sparkle/gateway/internal/agent/client.go:452.146,455.27 3 0
github.com/sparkle/gateway/internal/agent/client.go:455.27,457.3 1 0
github.com/sparkle/gateway/internal/agent/client.go:458.2,458.59 1 0
github.com/sparkle/gateway/internal/agent/client.go:458.59,460.3 1 0
github.com/sparkle/gateway/internal/agent/client.go:461.2,461.58 1 0
github.com/sparkle/gateway/internal/agent/client.go:464.146,467.27 3 0
github.com/sparkle/gateway/internal/agent/client.go:467.27,469.3 1 0
github.com/sparkle/gateway/internal/agent/client.go:470.2,470.59 1 0
github.com/sparkle/gateway/internal/agent/client.go:470.59,472.3 1 0
github.com/sparkle/gateway/internal/agent/client.go:473.2,473.56 1 0
github.com/sparkle/gateway/internal/agent/client.go:476.152,479.27 3 0
github.com/sparkle/gateway/internal/agent/client.go:479.27,481.3 1 0
github.com/sparkle/gateway/internal/agent/client.go:482.2,482.59 1 0
github.com/sparkle/gateway/internal/agent/client.go:482.59,484.3 1 0
github.com/sparkle/gateway/internal/agent/client.go:485.2,485.58 1 0
github.com/sparkle/gateway/internal/agent/client.go:488.164,491.27 3 0
github.com/sparkle/gateway/internal/agent/client.go:491.27,493.3 1 0
github.com/sparkle/gateway/internal/agent/client.go:494.2,494.59 1 0
github.com/sparkle/gateway/internal/agent/client.go:494.59,496.3 1 0
github.com/sparkle/gateway/internal/agent/client.go:497.2,497.62 1 0
github.com/sparkle/gateway/internal/agent/client.go:500.161,503.27 3 0
github.com/sparkle/gateway/internal/agent/client.go:503.27,505.3 1 0
github.com/sparkle/gateway/internal/agent/client.go:506.2,506.59 1 0
github.com/sparkle/gateway/internal/agent/client.go:506.59,508.3 1 0
github.com/sparkle/gateway/internal/agent/client.go:509.2,509.61 1 0
github.com/sparkle/gateway/internal/agent/health_checker.go:30.39,31.11 1 1
github.com/sparkle/gateway/internal/agent/health_checker.go:32.21,33.18 1 1
github.com/sparkle/gateway/internal/agent/health_checker.go:34.19,35.16 1 1
github.com/sparkle/gateway/internal/agent/health_checker.go:36.23,37.21 1 1
github.com/sparkle/gateway/internal/agent/health_checker.go:38.10,39.19 1 1
github.com/sparkle/gateway/internal/agent/health_checker.go:56.57,63.2 1 1
github.com/sparkle/gateway/internal/agent/health_checker.go:107.128,116.2 1 1
github.com/sparkle/gateway/internal/agent/health_checker.go:119.79,121.2 1 1
github.com/sparkle/gateway/internal/agent/health_checker.go:124.38,127.2 2 0
github.com/sparkle/gateway/internal/agent/health_checker.go:130.37,133.2 2 0
github.com/sparkle/gateway/internal/agent/health_checker.go:135.36,144.6 5 0
github.com/sparkle/gateway/internal/agent/health_checker.go:144.6,145.10 1 0
github.com/sparkle/gateway/internal/agent/health_checker.go:146.19,147.10 1 0
github.com/sparkle/gateway/internal/agent/health_checker.go:148.19,149.13 1 0
github.com/sparkle/gateway/internal/agent/health_checker.go:154.38,161.9 5 1
github.com/sparkle/gateway/internal/agent/health_checker.go:161.9,162.16 1 1
github.com/sparkle/gateway/internal/agent/health_checker.go:162.16,163.32 1 1
github.com/sparkle/gateway/internal/agent/health_checker.go:163.32,165.5 1 0
github.com/sparkle/gateway/internal/agent/health_checker.go:168.3,168.36 1 1
github.com/sparkle/gateway/internal/agent/health_checker.go:171.2,180.16 7 1
github.com/sparkle/gateway/internal/agent/health_checker.go:180.16,185.3 3 1
github.com/sparkle/gateway/internal/agent/health_checker.go:185.8,189.3 2 0
github.com/sparkle/gateway/internal/agent/health_checker.go:192.78,193.54 1 1
github.com/sparkle/gateway/internal/agent/health_checker.go:193.54,195.3 1 1
github.com/sparkle/gateway/internal/agent/health_checker.go:197.2,199.37 3 0
github.com/sparkle/gateway/internal/agent/health_checker.go:199.37,201.3 1 0
github.com/sparkle/gateway/internal/agent/health_checker.go:203.2,204.42 2 0
github.com/sparkle/gateway/internal/agent/health_checker.go:204.42,206.42 2 0
github.com/sparkle/gateway/internal/agent/health_checker.go:206.42,208.4 1 0
github.com/sparkle/gateway/internal/agent/health_checker.go:209.3,209.37 1 0
github.com/sparkle/gateway/internal/agent/health_checker.go:209.37,211.4 1 0
github.com/sparkle/gateway/internal/agent/health_checker.go:212.3,212.108 1 0
github.com/sparkle/gateway/internal/agent/health_checker.go:215.2,216.41 2 0
github.com/sparkle/gateway/internal/agent/health_checker.go:216.41,218.3 1 0
github.com/sparkle/gateway/internal/agent/health_checker.go:219.2,219.36 1 0
github.com/sparkle/gateway/internal/agent/health_checker.go:219.36,221.3 1 0
github.com/sparkle/gateway/internal/agent/health_checker.go:223.2,223.102 1 0
github.com/sparkle/gateway/internal/agent/health_checker.go:226.62,228.2 1 0
github.com/sparkle/gateway/internal/agent/health_checker.go:230.46,234.24 3 1
github.com/sparkle/gateway/internal/agent/health_checker.go:235.21,236.48 1 1
github.com/sparkle/gateway/internal/agent/health_checker.go:236.48,238.4 1 1
github.com/sparkle/gateway/internal/agent/health_checker.go:239.23,240.30 1 1
github.com/sparkle/gateway/internal/agent/health_checker.go:244.46,248.24 3 1
github.com/sparkle/gateway/internal/agent/health_checker.go:249.23,250.49 1 1
github.com/sparkle/gateway/internal/agent/health_checker.go:250.49,252.4 1 1
github.com/sparkle/gateway/internal/agent/health_checker.go:253.19,255.53 1 0
github.com/sparkle/gateway/internal/agent/health_checker.go:255.53,257.4 1 0
github.com/sparkle/gateway/internal/agent/health_checker.go:261.66,262.32 1 1
github.com/sparkle/gateway/internal/agent/health_checker.go:262.32,264.3 1 0
github.com/sparkle/gateway/internal/agent/health_checker.go:266.2,269.29 3 1
github.com/sparkle/gateway/internal/agent/health_checker.go:269.29,271.3 1 1
github.com/sparkle/gateway/internal/agent/health_checker.go:271.8,271.40 1 1
github.com/sparkle/gateway/internal/agent/health_checker.go:271.40,274.3 2 1
github.com/sparkle/gateway/internal/agent/health_checker.go:274.8,274.38 1 1
github.com/sparkle/gateway/internal/agent/health_checker.go:274.38,277.3 2 1
github.com/sparkle/gateway/internal/agent/health_checker.go:279.2,281.28 2 1
github.com/sparkle/gateway/internal/agent/health_checker.go:281.28,283.3 1 1
github.com/sparkle/gateway/internal/agent/health_checker.go:287.55,299.2 3 1
github.com/sparkle/gateway/internal/agent/health_checker.go:302.47,306.2 3 1
github.com/sparkle/gateway/internal/agent/health_checker.go:309.61,313.2 3 1
github.com/sparkle/gateway/internal/agent/health_checker.go:316.50,320.24 3 1
github.com/sparkle/gateway/internal/agent/health_checker.go:321.21,322.14 1 1
github.com/sparkle/gateway/internal/agent/health_checker.go:323.19,325.53 1 1
github.com/sparkle/gateway/internal/agent/health_checker.go:325.53,328.4 2 1
github.com/sparkle/gateway/internal/agent/health_checker.go:329.3,329.15 1 1
github.com/sparkle/gateway/internal/agent/health_checker.go:330.23,332.52 1 1
github.com/sparkle/gateway/internal/agent/health_checker.go:332.52,335.4 2 1
github.com/sparkle/gateway/internal/agent/health_checker.go:336.3,336.15 1 1
github.com/sparkle/gateway/internal/agent/health_checker.go:337.10,338.15 1 0
github.com/sparkle/gateway/internal/agent/health_checker.go:344.61,348.16 3 1
github.com/sparkle/gateway/internal/agent/health_checker.go:348.16,351.10 2 1
github.com/sparkle/gateway/internal/agent/health_checker.go:351.10,353.4 1 1
github.com/sparkle/gateway/internal/agent/health_checker.go:355.3,355.20 1 1
github.com/sparkle/gateway/internal/agent/health_checker.go:357.43,359.21 2 1
github.com/sparkle/gateway/internal/agent/health_checker.go:361.8,364.3 2 1
github.com/sparkle/gateway/internal/agent/health_checker.go:368.42,373.2 4 1
github.com/sparkle/gateway/internal/agent/health_checker.go:376.43,382.2 5 1
github.com/sparkle/gateway/internal/agent/health_checker.go:385.54,388.2 2 1
github.com/sparkle/gateway/internal/agent/health_checker.go:401.64,406.24 4 1
github.com/sparkle/gateway/internal/agent/health_checker.go:406.24,408.3 1 0
github.com/sparkle/gateway/internal/agent/health_checker.go:410.2,417.3 1 1
github.com/sparkle/gateway/internal/agent/health_checker.go:428.69,437.16 4 0
github.com/sparkle/gateway/internal/agent/health_checker.go:437.16,439.3 1 0
github.com/sparkle/gateway/internal/agent/health_checker.go:441.2,444.8 1 0
github.com/sparkle/gateway/internal/agent/health_checker.go:448.36,449.19 1 0
github.com/sparkle/gateway/internal/agent/health_checker.go:449.19,451.3 1 0
github.com/sparkle/gateway/internal/agent/health_checker.go:455.61,456.31 1 0
github.com/sparkle/gateway/internal/agent/health_checker.go:456.31,458.3 1 0
github.com/sparkle/gateway/internal/agent/health_checker.go:460.2,461.37 2 0
github.com/sparkle/gateway/internal/agent/health_checker.go:461.37,463.3 1 0
github.com/sparkle/gateway/internal/agent/health_checker.go:465.2,466.44 2 0
github.com/sparkle/gateway/internal/agent/health_checker.go:466.44,468.42 2 0
github.com/sparkle/gateway/internal/agent/health_checker.go:468.42,470.4 1 0
github.com/sparkle/gateway/internal/agent/health_checker.go:471.3,471.108 1 0
github.com/sparkle/gateway/internal/agent/health_checker.go:474.2,475.41 2 0
github.com/sparkle/gateway/internal/agent/health_checker.go:475.41,477.3 1 0
github.com/sparkle/gateway/internal/agent/health_checker.go:479.2,479.102 1 0
github.com/sparkle/gateway/internal/galaxy/client.go:22.53,24.25 2 0
github.com/sparkle/gateway/internal/galaxy/client.go:24.25,26.3 1 0
github.com/sparkle/gateway/internal/galaxy/client.go:27.2,31.25 4 0
github.com/sparkle/gateway/internal/galaxy/client.go:31.25,32.35 1 0
github.com/sparkle/gateway/internal/galaxy/client.go:32.35,34.18 2 0
github.com/sparkle/gateway/internal/galaxy/client.go:34.18,36.5 1 0
github.com/sparkle/gateway/internal/galaxy/client.go:37.4,37.20 1 0
github.com/sparkle/gateway/internal/galaxy/client.go:38.9,42.4 1 0
github.com/sparkle/gateway/internal/galaxy/client.go:45.2,50.16 2 0
github.com/sparkle/gateway/internal/galaxy/client.go:50.16,53.3 2 0
github.com/sparkle/gateway/internal/galaxy/client.go:55.2,56.46 2 0
github.com/sparkle/gateway/internal/galaxy/client.go:59.26,60.19 1 0
github.com/sparkle/gateway/internal/galaxy/client.go:60.19,62.3 1 0
github.com/sparkle/gateway/internal/galaxy/client.go:65.174,75.2 2 0
github.com/sparkle/gateway/internal/middleware/ab_test_middleware.go:32.66,37.2 1 0
github.com/sparkle/gateway/internal/middleware/ab_test_middleware.go:40.60,41.30 1 0
github.com/sparkle/gateway/internal/middleware/ab_test_middleware.go:41.30,42.24 1 0
github.com/sparkle/gateway/internal/middleware/ab_test_middleware.go:42.24,45.4 2 0
github.com/sparkle/gateway/internal/middleware/ab_test_middleware.go:48.3,49.14 2 0
github.com/sparkle/gateway/internal/middleware/ab_test_middleware.go:49.14,52.4 2 0
github.com/sparkle/gateway/internal/middleware/ab_test_middleware.go:54.3,55.10 2 0
github.com/sparkle/gateway/internal/middleware/ab_test_middleware.go:55.10,58.4 2 0
github.com/sparkle/gateway/internal/middleware/ab_test_middleware.go:60.3,61.25 2 0
github.com/sparkle/gateway/internal/middleware/ab_test_middleware.go:61.25,63.4 1 0
github.com/sparkle/gateway/internal/middleware/ab_test_middleware.go:64.3,64.25 1 0
github.com/sparkle/gateway/internal/middleware/ab_test_middleware.go:64.25,67.4 2 0
github.com/sparkle/gateway/internal/middleware/ab_test_middleware.go:69.3,73.17 4 0
github.com/sparkle/gateway/internal/middleware/ab_test_middleware.go:73.17,78.4 3 0
github.com/sparkle/gateway/internal/middleware/ab_test_middleware.go:81.3,89.11 6 0
github.com/sparkle/gateway/internal/middleware/ab_test_middleware.go:106.25,107.31 1 0
github.com/sparkle/gateway/internal/middleware/ab_test_middleware.go:107.31,109.3 1 0
github.com/sparkle/gateway/internal/middleware/ab_test_middleware.go:111.2,114.16 3 0
github.com/sparkle/gateway/internal/middleware/ab_test_middleware.go:114.16,116.3 1 0
github.com/sparkle/gateway/internal/middleware/ab_test_middleware.go:117.2,117.22 1 0
github.com/sparkle/gateway/internal/middleware/ab_test_middleware.go:117.22,119.3 1 0
github.com/sparkle/gateway/internal/middleware/ab_test_middleware.go:121.2,122.16 2 0
github.com/sparkle/gateway/internal/middleware/ab_test_middleware.go:122.16,124.3 1 0
github.com/sparkle/gateway/internal/middleware/ab_test_middleware.go:125.2,127.53 2 0
github.com/sparkle/gateway/internal/middleware/ab_test_middleware.go:127.53,129.3 1 0
github.com/sparkle/gateway/internal/middleware/ab_test_middleware.go:131.2,136.68 2 0
github.com/sparkle/gateway/internal/middleware/ab_test_middleware.go:136.68,138.3 1 0
github.com/sparkle/gateway/internal/middleware/ab_test_middleware.go:140.2,145.8 1 0
github.com/sparkle/gateway/internal/middleware/ab_test_middleware.go:149.71,151.9 1 0
github.com/sparkle/gateway/internal/middleware/ab_test_middleware.go:152.52,153.35 1 0
github.com/sparkle/gateway/internal/middleware/ab_test_middleware.go:154.31,155.31 1 0
github.com/sparkle/gateway/internal/middleware/ab_test_middleware.go:156.41,157.37 1 0
github.com/sparkle/gateway/internal/middleware/ab_test_middleware.go:158.10,159.12 1 0
github.com/sparkle/gateway/internal/middleware/ab_test_middleware.go:164.59,165.30 1 0
github.com/sparkle/gateway/internal/middleware/ab_test_middleware.go:165.30,166.24 1 0
github.com/sparkle/gateway/internal/middleware/ab_test_middleware.go:166.24,169.4 2 0
github.com/sparkle/gateway/internal/middleware/ab_test_middleware.go:172.3,174.11 2 0
github.com/sparkle/gateway/internal/middleware/ab_test_middleware.go:180.62,181.23 1 0
github.com/sparkle/gateway/internal/middleware/ab_test_middleware.go:181.23,183.3 1 0
github.com/sparkle/gateway/internal/middleware/ab_test_middleware.go:184.2,184.24 1 0
github.com/sparkle/gateway/internal/middleware/ab_test_middleware.go:187.62,189.17 2 0
github.com/sparkle/gateway/internal/middleware/ab_test_middleware.go:189.17,191.3 1 0
github.com/sparkle/gateway/internal/middleware/ab_test_middleware.go:193.2,204.43 7 0
github.com/sparkle/gateway/internal/middleware/ab_test_middleware.go:204.43,206.3 1 0
github.com/sparkle/gateway/internal/middleware/ab_test_middleware.go:206.8,208.3 1 0
github.com/sparkle/gateway/internal/middleware/ab_test_middleware.go:211.2,211.19 1 0
github.com/sparkle/gateway/internal/middleware/ab_test_middleware.go:211.19,212.68 1 0
github.com/sparkle/gateway/internal/middleware/ab_test_middleware.go:212.68,226.4 1 0
github.com/sparkle/gateway/internal/middleware/ab_test_middleware.go:230.2,242.3 1 0
github.com/sparkle/gateway/internal/middleware/ab_test_middleware.go:254.3,258.31 3 0
github.com/sparkle/gateway/internal/middleware/ab_test_middleware.go:258.31,261.3 2 0
github.com/sparkle/gateway/internal/middleware/ab_test_middleware.go:263.2,272.16 3 0
github.com/sparkle/gateway/internal/middleware/ab_test_middleware.go:272.16,275.3 2 0
github.com/sparkle/gateway/internal/middleware/ab_test_middleware.go:277.2,278.16 2 0
github.com/sparkle/gateway/internal/middleware/ab_test_middleware.go:278.16,281.3 2 0
github.com/sparkle/gateway/internal/middleware/ab_test_middleware.go:282.2,283.22 2 0
github.com/sparkle/gateway/internal/middleware/ab_test_middleware.go:283.22,285.3 1 0
github.com/sparkle/gateway/internal/middleware/ab_test_middleware.go:287.2,288.16 2 0
github.com/sparkle/gateway/internal/middleware/ab_test_middleware.go:288.16,291.3 2 0
github.com/sparkle/gateway/internal/middleware/ab_test_middleware.go:292.2,294.53 2 0
github.com/sparkle/gateway/internal/middleware/ab_test_middleware.go:294.53,296.3 1 0
github.com/sparkle/gateway/internal/middleware/ab_test_middleware.go:305.70,309.2 1 0
github.com/sparkle/gateway/internal/middleware/ab_test_middleware.go:315.35,316.31 1 0
github.com/sparkle/gateway/internal/middleware/ab_test_middleware.go:316.31,318.3 1 0
github.com/sparkle/gateway/internal/middleware/ab_test_middleware.go:320.2,326.16 5 0
github.com/sparkle/gateway/internal/middleware/ab_test_middleware.go:326.16,328.3 1 0
github.com/sparkle/gateway/internal/middleware/ab_test_middleware.go:329.2,329.22 1 0
github.com/sparkle/gateway/internal/middleware/ab_test_middleware.go:329.22,331.3 1 0
github.com/sparkle/gateway/internal/middleware/ab_test_middleware.go:333.2,335.16 3 0
github.com/sparkle/gateway/internal/middleware/ab_test_middleware.go:335.16,337.3 1 0
github.com/sparkle/gateway/internal/middleware/ab_test_middleware.go:338.2,340.53 2 0
github.com/sparkle/gateway/internal/middleware/ab_test_middleware.go:340.53,342.3 1 0
github.com/sparkle/gateway/internal/middleware/ab_test_middleware.go:344.2,345.66 2 0
github.com/sparkle/gateway/internal/middleware/ab_test_middleware.go:345.66,347.3 1 0
github.com/sparkle/gateway/internal/middleware/ab_test_middleware.go:349.2,349.19 1 0
github.com/sparkle/gateway/internal/middleware/auth.go:42.69,46.2 3 1
github.com/sparkle/gateway/internal/middleware/auth.go:49.65,52.42 3 1
github.com/sparkle/gateway/internal/middleware/auth.go:52.42,53.29 1 1
github.com/sparkle/gateway/internal/middleware/auth.go:53.29,55.4 1 1
github.com/sparkle/gateway/internal/middleware/auth.go:57.2,57.14 1 1
github.com/sparkle/gateway/internal/middleware/auth.go:61.97,64.14 3 1
github.com/sparkle/gateway/internal/middleware/auth.go:64.14,66.3 1 0
github.com/sparkle/gateway/internal/middleware/auth.go:67.2,72.19 3 1
github.com/sparkle/gateway/internal/middleware/auth.go:72.19,74.3 1 0
github.com/sparkle/gateway/internal/middleware/auth.go:75.2,78.19 2 1
github.com/sparkle/gateway/internal/middleware/auth.go:78.19,80.3 1 0
github.com/sparkle/gateway/internal/middleware/auth.go:84.75,88.50 4 1
github.com/sparkle/gateway/internal/middleware/auth.go:88.50,90.3 1 1
github.com/sparkle/gateway/internal/middleware/auth.go:91.2,91.30 1 1
github.com/sparkle/gateway/internal/middleware/auth.go:95.48,96.15 1 0
github.com/sparkle/gateway/internal/middleware/auth.go:96.15,100.3 3 0
github.com/sparkle/gateway/internal/middleware/auth.go:103.2,103.25 1 0
github.com/sparkle/gateway/internal/middleware/auth.go:103.25,107.34 4 0
github.com/sparkle/gateway/internal/middleware/auth.go:107.34,108.22 1 0
github.com/sparkle/gateway/internal/middleware/auth.go:108.22,111.22 3 0
github.com/sparkle/gateway/internal/middleware/auth.go:111.22,112.11 1 0
github.com/sparkle/gateway/internal/middleware/auth.go:116.3,116.44 1 0
github.com/sparkle/gateway/internal/middleware/auth.go:116.44,117.34 1 0
github.com/sparkle/gateway/internal/middleware/auth.go:117.34,120.22 3 0
github.com/sparkle/gateway/internal/middleware/auth.go:120.22,121.11 1 0
github.com/sparkle/gateway/internal/middleware/auth.go:125.3,127.19 2 0
github.com/sparkle/gateway/internal/middleware/auth.go:127.19,128.9 1 0
github.com/sparkle/gateway/internal/middleware/auth.go:130.3,130.36 1 0
github.com/sparkle/gateway/internal/middleware/auth.go:134.76,135.30 1 1
github.com/sparkle/gateway/internal/middleware/auth.go:135.30,139.23 3 1
github.com/sparkle/gateway/internal/middleware/auth.go:139.23,140.48 1 1
github.com/sparkle/gateway/internal/middleware/auth.go:140.48,142.5 1 1
github.com/sparkle/gateway/internal/middleware/auth.go:145.3,145.24 1 1
github.com/sparkle/gateway/internal/middleware/auth.go:145.24,149.4 3 1
github.com/sparkle/gateway/internal/middleware/auth.go:151.3,152.17 2 1
github.com/sparkle/gateway/internal/middleware/auth.go:152.17,156.4 3 1
github.com/sparkle/gateway/internal/middleware/auth.go:159.3,160.49 2 1
github.com/sparkle/gateway/internal/middleware/auth.go:160.49,166.4 2 1
github.com/sparkle/gateway/internal/middleware/auth.go:169.3,172.11 4 1
github.com/sparkle/gateway/internal/middleware/auth.go:176.67,177.21 1 1
github.com/sparkle/gateway/internal/middleware/auth.go:177.21,179.3 1 1
github.com/sparkle/gateway/internal/middleware/auth.go:180.2,180.32 1 1
github.com/sparkle/gateway/internal/middleware/auth.go:181.14,182.25 1 1
github.com/sparkle/gateway/internal/middleware/auth.go:183.21,184.25 1 1
github.com/sparkle/gateway/internal/middleware/auth.go:184.25,185.48 1 1
github.com/sparkle/gateway/internal/middleware/auth.go:185.48,187.5 1 1
github.com/sparkle/gateway/internal/middleware/auth.go:189.16,190.25 1 1
github.com/sparkle/gateway/internal/middleware/auth.go:190.25,191.21 1 1
github.com/sparkle/gateway/internal/middleware/auth.go:191.21,193.5 1 1
github.com/sparkle/gateway/internal/middleware/auth.go:196.2,196.14 1 1
github.com/sparkle/gateway/internal/middleware/auth.go:200.62,201.30 1 1
github.com/sparkle/gateway/internal/middleware/auth.go:201.30,203.28 1 1
github.com/sparkle/gateway/internal/middleware/auth.go:203.28,206.4 2 1
github.com/sparkle/gateway/internal/middleware/auth.go:208.3,209.115 2 1
github.com/sparkle/gateway/internal/middleware/auth.go:209.115,212.4 2 1
github.com/sparkle/gateway/internal/middleware/auth.go:214.3,214.11 1 1
github.com/sparkle/gateway/internal/middleware/auth.go:219.35,221.14 2 1
github.com/sparkle/gateway/internal/middleware/auth.go:221.14,224.3 2 1
github.com/sparkle/gateway/internal/middleware/auth.go:225.2,225.10 1 1
github.com/sparkle/gateway/internal/middleware/auth.go:228.46,232.2 3 1
github.com/sparkle/gateway/internal/middleware/auth.go:234.99,237.83 2 1
github.com/sparkle/gateway/internal/middleware/auth.go:237.83,238.57 1 1
github.com/sparkle/gateway/internal/middleware/auth.go:238.57,240.4 1 1
github.com/sparkle/gateway/internal/middleware/auth.go:241.3,241.36 1 1
github.com/sparkle/gateway/internal/middleware/auth.go:243.2,243.32 1 1
github.com/sparkle/gateway/internal/middleware/auth.go:243.32,245.3 1 1
github.com/sparkle/gateway/internal/middleware/auth.go:247.2,248.9 2 1
github.com/sparkle/gateway/internal/middleware/auth.go:248.9,250.3 1 0
github.com/sparkle/gateway/internal/middleware/auth.go:252.2,253.25 2 1
github.com/sparkle/gateway/internal/middleware/auth.go:253.25,255.3 1 0
github.com/sparkle/gateway/internal/middleware/auth.go:257.2,258.34 2 1
github.com/sparkle/gateway/internal/middleware/auth.go:258.34,260.3 1 1
github.com/sparkle/gateway/internal/middleware/auth.go:263.2,268.37 4 1
github.com/sparkle/gateway/internal/middleware/auth.go:268.37,269.59 1 1
github.com/sparkle/gateway/internal/middleware/auth.go:269.59,271.15 2 1
github.com/sparkle/gateway/internal/middleware/auth.go:271.15,273.5 1 1
github.com/sparkle/gateway/internal/middleware/auth.go:273.10,275.5 1 0
github.com/sparkle/gateway/internal/middleware/auth.go:276.9,278.4 1 0
github.com/sparkle/gateway/internal/middleware/auth.go:279.8,281.3 1 0
github.com/sparkle/gateway/internal/middleware/auth.go:289.2,289.16 1 1
github.com/sparkle/gateway/internal/middleware/auth.go:289.16,296.16 4 0
github.com/sparkle/gateway/internal/middleware/auth.go:296.16,298.50 1 0
github.com/sparkle/gateway/internal/middleware/auth.go:298.50,300.5 1 0
github.com/sparkle/gateway/internal/middleware/auth.go:302.4,303.18 2 0
github.com/sparkle/gateway/internal/middleware/auth.go:303.18,305.28 2 0
github.com/sparkle/gateway/internal/middleware/auth.go:305.28,309.6 2 0
github.com/sparkle/gateway/internal/middleware/auth.go:311.5,311.116 1 0
github.com/sparkle/gateway/internal/middleware/auth.go:312.10,312.30 1 0
github.com/sparkle/gateway/internal/middleware/auth.go:312.30,316.5 2 0
github.com/sparkle/gateway/internal/middleware/auth.go:320.3,320.19 1 0
github.com/sparkle/gateway/internal/middleware/auth.go:320.19,322.78 1 0
github.com/sparkle/gateway/internal/middleware/auth.go:322.78,323.34 1 0
github.com/sparkle/gateway/internal/middleware/auth.go:323.34,325.6 1 0
github.com/sparkle/gateway/internal/middleware/auth.go:328.4,329.18 2 0
github.com/sparkle/gateway/internal/middleware/auth.go:329.18,330.47 1 0
github.com/sparkle/gateway/internal/middleware/auth.go:330.47,333.6 1 0
github.com/sparkle/gateway/internal/middleware/auth.go:334.5,334.25 1 0
github.com/sparkle/gateway/internal/middleware/auth.go:334.25,335.29 1 0
github.com/sparkle/gateway/internal/middleware/auth.go:335.29,338.7 2 0
github.com/sparkle/gateway/internal/middleware/auth.go:339.6,339.115 1 0
github.com/sparkle/gateway/internal/middleware/auth.go:341.10,342.88 1 0
github.com/sparkle/gateway/internal/middleware/auth.go:342.88,345.37 2 0
github.com/sparkle/gateway/internal/middleware/auth.go:345.37,347.7 1 0
github.com/sparkle/gateway/internal/middleware/auth.go:353.3,353.57 1 0
github.com/sparkle/gateway/internal/middleware/auth.go:353.57,355.18 2 0
github.com/sparkle/gateway/internal/middleware/auth.go:355.18,356.47 1 0
github.com/sparkle/gateway/internal/middleware/auth.go:356.47,359.6 2 0
github.com/sparkle/gateway/internal/middleware/auth.go:360.5,360.25 1 0
github.com/sparkle/gateway/internal/middleware/auth.go:360.25,361.29 1 0
github.com/sparkle/gateway/internal/middleware/auth.go:361.29,364.7 2 0
github.com/sparkle/gateway/internal/middleware/auth.go:365.6,365.118 1 0
github.com/sparkle/gateway/internal/middleware/auth.go:367.10,367.33 1 0
github.com/sparkle/gateway/internal/middleware/auth.go:367.33,369.5 1 0
github.com/sparkle/gateway/internal/middleware/auth.go:374.2,375.9 2 1
github.com/sparkle/gateway/internal/middleware/auth.go:375.9,377.3 1 0
github.com/sparkle/gateway/internal/middleware/auth.go:378.2,379.16 2 1
github.com/sparkle/gateway/internal/middleware/auth.go:379.16,381.3 1 0
github.com/sparkle/gateway/internal/middleware/auth.go:382.2,383.42 2 1
github.com/sparkle/gateway/internal/middleware/auth.go:383.42,385.3 1 0
github.com/sparkle/gateway/internal/middleware/auth.go:387.2,387.39 1 1
github.com/sparkle/gateway/internal/middleware/auth.go:387.39,389.17 2 0
github.com/sparkle/gateway/internal/middleware/auth.go:389.17,391.4 1 0
github.com/sparkle/gateway/internal/middleware/auth.go:392.3,392.45 1 0
github.com/sparkle/gateway/internal/middleware/auth.go:392.45,394.4 1 0
github.com/sparkle/gateway/internal/middleware/auth.go:397.2,397.25 1 1
github.com/sparkle/gateway/internal/middleware/auth.go:397.25,399.37 2 1
github.com/sparkle/gateway/internal/middleware/auth.go:399.37,401.4 1 1
github.com/sparkle/gateway/internal/middleware/auth.go:404.2,404.27 1 1
github.com/sparkle/gateway/internal/middleware/auth.go:404.27,405.56 1 1
github.com/sparkle/gateway/internal/middleware/auth.go:405.56,407.4 1 1
github.com/sparkle/gateway/internal/middleware/auth.go:410.2,411.54 2 1
github.com/sparkle/gateway/internal/middleware/auth.go:411.54,412.45 1 1
github.com/sparkle/gateway/internal/middleware/auth.go:412.45,414.4 1 1
github.com/sparkle/gateway/internal/middleware/auth.go:417.2,417.29 1 1
github.com/sparkle/gateway/internal/middleware/auth.go:420.61,421.27 1 1
github.com/sparkle/gateway/internal/middleware/auth.go:422.24,423.21 1 0
github.com/sparkle/gateway/internal/middleware/auth.go:424.15,425.43 1 1
github.com/sparkle/gateway/internal/middleware/auth.go:426.19,428.17 2 0
github.com/sparkle/gateway/internal/middleware/auth.go:428.17,430.4 1 0
github.com/sparkle/gateway/internal/middleware/auth.go:431.3,432.17 2 0
github.com/sparkle/gateway/internal/middleware/auth.go:432.17,434.4 1 0
github.com/sparkle/gateway/internal/middleware/auth.go:435.3,435.54 1 0
github.com/sparkle/gateway/internal/middleware/auth.go:436.13,437.36 1 1
github.com/sparkle/gateway/internal/middleware/auth.go:438.11,439.43 1 1
github.com/sparkle/gateway/internal/middleware/auth.go:440.10,441.66 1 1
github.com/sparkle/gateway/internal/middleware/chaos_guard.go:11.63,12.30 1 0
github.com/sparkle/gateway/internal/middleware/chaos_guard.go:12.30,13.24 1 0
github.com/sparkle/gateway/internal/middleware/chaos_guard.go:13.24,16.4 2 0
github.com/sparkle/gateway/internal/middleware/chaos_guard.go:17.3,17.48 1 0
github.com/sparkle/gateway/internal/middleware/chaos_guard.go:17.48,20.4 2 0
github.com/sparkle/gateway/internal/middleware/chaos_guard.go:21.3,21.11 1 0
github.com/sparkle/gateway/internal/middleware/cors.go:10.57,11.30 1 1
github.com/sparkle/gateway/internal/middleware/cors.go:11.30,13.50 2 1
github.com/sparkle/gateway/internal/middleware/cors.go:13.50,19.4 5 1
github.com/sparkle/gateway/internal/middleware/cors.go:21.3,21.45 1 1
github.com/sparkle/gateway/internal/middleware/cors.go:21.45,24.4 2 1
github.com/sparkle/gateway/internal/middleware/cors.go:26.3,26.11 1 1
github.com/sparkle/gateway/internal/middleware/distributed_rate_limiter.go:90.118,101.2 1 0
github.com/sparkle/gateway/internal/middleware/distributed_rate_limiter.go:104.150,113.2 1 1
github.com/sparkle/gateway/internal/middleware/distributed_rate_limiter.go:118.76,119.42 1 1
github.com/sparkle/gateway/internal/middleware/distributed_rate_limiter.go:119.42,121.3 1 0
github.com/sparkle/gateway/internal/middleware/distributed_rate_limiter.go:122.2,122.54 1 1
github.com/sparkle/gateway/internal/middleware/distributed_rate_limiter.go:125.52,126.32 1 1
github.com/sparkle/gateway/internal/middleware/distributed_rate_limiter.go:127.15,128.20 1 0
github.com/sparkle/gateway/internal/middleware/distributed_rate_limiter.go:129.13,130.29 1 0
github.com/sparkle/gateway/internal/middleware/distributed_rate_limiter.go:131.14,132.39 1 1
github.com/sparkle/gateway/internal/middleware/distributed_rate_limiter.go:133.14,134.47 1 0
github.com/sparkle/gateway/internal/middleware/distributed_rate_limiter.go:135.10,136.76 1 0
github.com/sparkle/gateway/internal/middleware/distributed_rate_limiter.go:140.48,141.32 1 1
github.com/sparkle/gateway/internal/middleware/distributed_rate_limiter.go:142.13,143.20 1 1
github.com/sparkle/gateway/internal/middleware/distributed_rate_limiter.go:144.15,145.27 1 0
github.com/sparkle/gateway/internal/middleware/distributed_rate_limiter.go:146.14,148.17 2 0
github.com/sparkle/gateway/internal/middleware/distributed_rate_limiter.go:148.17,150.4 1 0
github.com/sparkle/gateway/internal/middleware/distributed_rate_limiter.go:151.3,152.22 2 0
github.com/sparkle/gateway/internal/middleware/distributed_rate_limiter.go:152.22,154.4 1 0
github.com/sparkle/gateway/internal/middleware/distributed_rate_limiter.go:155.3,155.33 1 0
github.com/sparkle/gateway/internal/middleware/distributed_rate_limiter.go:156.14,157.39 1 0
github.com/sparkle/gateway/internal/middleware/distributed_rate_limiter.go:158.10,159.76 1 0
github.com/sparkle/gateway/internal/middleware/distributed_rate_limiter.go:165.94,167.16 2 0
github.com/sparkle/gateway/internal/middleware/distributed_rate_limiter.go:167.16,169.3 1 0
github.com/sparkle/gateway/internal/middleware/distributed_rate_limiter.go:170.2,170.51 1 0
github.com/sparkle/gateway/internal/middleware/distributed_rate_limiter.go:173.121,178.16 3 1
github.com/sparkle/gateway/internal/middleware/distributed_rate_limiter.go:178.16,185.3 5 0
github.com/sparkle/gateway/internal/middleware/distributed_rate_limiter.go:187.2,187.22 1 1
github.com/sparkle/gateway/internal/middleware/distributed_rate_limiter.go:187.22,189.3 1 0
github.com/sparkle/gateway/internal/middleware/distributed_rate_limiter.go:191.2,192.16 2 1
github.com/sparkle/gateway/internal/middleware/distributed_rate_limiter.go:192.16,194.3 1 0
github.com/sparkle/gateway/internal/middleware/distributed_rate_limiter.go:195.2,196.16 2 1
github.com/sparkle/gateway/internal/middleware/distributed_rate_limiter.go:196.16,198.3 1 0
github.com/sparkle/gateway/internal/middleware/distributed_rate_limiter.go:200.2,202.14 3 1
github.com/sparkle/gateway/internal/middleware/distributed_rate_limiter.go:202.14,204.3 1 1
github.com/sparkle/gateway/internal/middleware/distributed_rate_limiter.go:205.2,205.32 1 1
github.com/sparkle/gateway/internal/middleware/distributed_rate_limiter.go:218.130,225.2 1 0
github.com/sparkle/gateway/internal/middleware/distributed_rate_limiter.go:229.94,261.16 6 0
github.com/sparkle/gateway/internal/middleware/distributed_rate_limiter.go:261.16,263.3 1 0
github.com/sparkle/gateway/internal/middleware/distributed_rate_limiter.go:265.2,268.32 3 0
github.com/sparkle/gateway/internal/middleware/distributed_rate_limiter.go:293.19,305.2 3 1
github.com/sparkle/gateway/internal/middleware/distributed_rate_limiter.go:312.19,324.2 3 0
github.com/sparkle/gateway/internal/middleware/distributed_rate_limiter.go:327.97,340.2 3 1
github.com/sparkle/gateway/internal/middleware/distributed_rate_limiter.go:343.76,347.6 3 1
github.com/sparkle/gateway/internal/middleware/distributed_rate_limiter.go:347.6,348.10 1 1
github.com/sparkle/gateway/internal/middleware/distributed_rate_limiter.go:349.20,351.10 1 0
github.com/sparkle/gateway/internal/middleware/distributed_rate_limiter.go:352.19,354.35 2 0
github.com/sparkle/gateway/internal/middleware/distributed_rate_limiter.go:354.35,356.44 1 0
github.com/sparkle/gateway/internal/middleware/distributed_rate_limiter.go:356.44,358.6 1 0
github.com/sparkle/gateway/internal/middleware/distributed_rate_limiter.go:360.4,360.18 1 0
github.com/sparkle/gateway/internal/middleware/i18n.go:12.29,13.30 1 0
github.com/sparkle/gateway/internal/middleware/i18n.go:13.30,17.52 2 0
github.com/sparkle/gateway/internal/middleware/i18n.go:17.52,19.4 1 0
github.com/sparkle/gateway/internal/middleware/i18n.go:19.9,19.64 1 0
github.com/sparkle/gateway/internal/middleware/i18n.go:19.64,23.22 2 0
github.com/sparkle/gateway/internal/middleware/i18n.go:23.22,26.5 2 0
github.com/sparkle/gateway/internal/middleware/i18n.go:30.3,36.11 4 0
github.com/sparkle/gateway/internal/middleware/i18n.go:40.42,42.35 2 0
github.com/sparkle/gateway/internal/middleware/i18n.go:42.35,44.3 1 0
github.com/sparkle/gateway/internal/middleware/i18n.go:45.2,45.35 1 0
github.com/sparkle/gateway/internal/middleware/i18n.go:45.35,47.3 1 0
github.com/sparkle/gateway/internal/middleware/i18n.go:48.2,48.13 1 0
github.com/sparkle/gateway/internal/middleware/internal_api.go:12.67,13.30 1 1
github.com/sparkle/gateway/internal/middleware/internal_api.go:13.30,14.31 1 1
github.com/sparkle/gateway/internal/middleware/internal_api.go:14.31,17.4 2 1
github.com/sparkle/gateway/internal/middleware/internal_api.go:19.3,20.102 2 1
github.com/sparkle/gateway/internal/middleware/internal_api.go:20.102,23.4 2 1
github.com/sparkle/gateway/internal/middleware/internal_api.go:25.3,25.11 1 1
github.com/sparkle/gateway/internal/middleware/internal_ip_whitelist.go:14.72,16.30 2 1
github.com/sparkle/gateway/internal/middleware/internal_ip_whitelist.go:16.30,17.51 1 1
github.com/sparkle/gateway/internal/middleware/internal_ip_whitelist.go:17.51,20.4 2 1
github.com/sparkle/gateway/internal/middleware/internal_ip_whitelist.go:22.3,23.22 2 0
github.com/sparkle/gateway/internal/middleware/internal_ip_whitelist.go:23.22,26.4 2 0
github.com/sparkle/gateway/internal/middleware/internal_ip_whitelist.go:28.3,28.39 1 0
github.com/sparkle/gateway/internal/middleware/internal_ip_whitelist.go:28.39,29.34 1 0
github.com/sparkle/gateway/internal/middleware/internal_ip_whitelist.go:29.34,32.5 2 0
github.com/sparkle/gateway/internal/middleware/internal_ip_whitelist.go:35.3,36.90 2 0
github.com/sparkle/gateway/internal/middleware/internal_ip_whitelist.go:40.60,42.32 2 1
github.com/sparkle/gateway/internal/middleware/internal_ip_whitelist.go:42.32,44.18 2 1
github.com/sparkle/gateway/internal/middleware/internal_ip_whitelist.go:44.18,45.12 1 1
github.com/sparkle/gateway/internal/middleware/internal_ip_whitelist.go:48.3,48.35 1 1
github.com/sparkle/gateway/internal/middleware/internal_ip_whitelist.go:48.35,50.18 2 1
github.com/sparkle/gateway/internal/middleware/internal_ip_whitelist.go:50.18,52.13 2 0
github.com/sparkle/gateway/internal/middleware/internal_ip_whitelist.go:54.4,55.12 2 1
github.com/sparkle/gateway/internal/middleware/internal_ip_whitelist.go:58.3,59.16 2 1
github.com/sparkle/gateway/internal/middleware/internal_ip_whitelist.go:59.16,61.12 2 1
github.com/sparkle/gateway/internal/middleware/internal_ip_whitelist.go:64.3,65.22 2 1
github.com/sparkle/gateway/internal/middleware/internal_ip_whitelist.go:65.22,67.4 1 1
github.com/sparkle/gateway/internal/middleware/internal_ip_whitelist.go:68.3,68.90 1 1
github.com/sparkle/gateway/internal/middleware/internal_ip_whitelist.go:70.2,70.17 1 1
github.com/sparkle/gateway/internal/middleware/rate_limit.go:39.55,41.2 1 0
github.com/sparkle/gateway/internal/middleware/rate_limit.go:44.79,57.2 3 0
github.com/sparkle/gateway/internal/middleware/rate_limit.go:60.31,61.9 1 0
github.com/sparkle/gateway/internal/middleware/rate_limit.go:62.19,62.19 0 0
github.com/sparkle/gateway/internal/middleware/rate_limit.go:64.10,65.19 1 0
github.com/sparkle/gateway/internal/middleware/rate_limit.go:70.60,75.13 4 1
github.com/sparkle/gateway/internal/middleware/rate_limit.go:75.13,76.63 1 1
github.com/sparkle/gateway/internal/middleware/rate_limit.go:76.63,78.4 1 0
github.com/sparkle/gateway/internal/middleware/rate_limit.go:79.3,81.17 3 1
github.com/sparkle/gateway/internal/middleware/rate_limit.go:84.2,85.18 2 1
github.com/sparkle/gateway/internal/middleware/rate_limit.go:89.42,93.6 3 0
github.com/sparkle/gateway/internal/middleware/rate_limit.go:93.6,94.10 1 0
github.com/sparkle/gateway/internal/middleware/rate_limit.go:95.20,97.10 1 0
github.com/sparkle/gateway/internal/middleware/rate_limit.go:98.19,100.35 2 0
github.com/sparkle/gateway/internal/middleware/rate_limit.go:100.35,101.47 1 0
github.com/sparkle/gateway/internal/middleware/rate_limit.go:101.47,103.6 1 0
github.com/sparkle/gateway/internal/middleware/rate_limit.go:105.4,105.18 1 0
github.com/sparkle/gateway/internal/middleware/rate_limit.go:110.47,111.16 1 0
github.com/sparkle/gateway/internal/middleware/rate_limit.go:111.16,113.3 1 0
github.com/sparkle/gateway/internal/middleware/rate_limit.go:115.2,120.34 2 0
github.com/sparkle/gateway/internal/middleware/rate_limit.go:120.34,125.3 1 0
github.com/sparkle/gateway/internal/middleware/rate_limit.go:127.2,127.42 1 0
github.com/sparkle/gateway/internal/middleware/rate_limit.go:127.42,129.3 1 0
github.com/sparkle/gateway/internal/middleware/rate_limit.go:131.2,131.49 1 0
github.com/sparkle/gateway/internal/middleware/rate_limit.go:131.49,133.3 1 0
github.com/sparkle/gateway/internal/middleware/rate_limit.go:136.51,138.15 2 0
github.com/sparkle/gateway/internal/middleware/rate_limit.go:138.15,140.3 1 0
github.com/sparkle/gateway/internal/middleware/rate_limit.go:141.2,143.16 3 0
github.com/sparkle/gateway/internal/middleware/rate_limit.go:143.16,145.3 1 0
github.com/sparkle/gateway/internal/middleware/rate_limit.go:146.2,146.29 1 0
github.com/sparkle/gateway/internal/middleware/rate_limit.go:150.59,151.30 1 0
github.com/sparkle/gateway/internal/middleware/rate_limit.go:151.30,154.21 2 0
github.com/sparkle/gateway/internal/middleware/rate_limit.go:154.21,156.4 1 0
github.com/sparkle/gateway/internal/middleware/rate_limit.go:159.3,162.23 2 0
github.com/sparkle/gateway/internal/middleware/rate_limit.go:162.23,170.4 3 0
github.com/sparkle/gateway/internal/middleware/rate_limit.go:173.3,177.11 4 0
github.com/sparkle/gateway/internal/middleware/rate_limit.go:182.77,185.2 2 0
github.com/sparkle/gateway/internal/middleware/rate_limit.go:188.79,191.30 2 0
github.com/sparkle/gateway/internal/middleware/rate_limit.go:191.30,194.14 2 0
github.com/sparkle/gateway/internal/middleware/rate_limit.go:194.14,197.22 2 0
github.com/sparkle/gateway/internal/middleware/rate_limit.go:197.22,199.5 1 0
github.com/sparkle/gateway/internal/middleware/rate_limit.go:200.4,200.29 1 0
github.com/sparkle/gateway/internal/middleware/rate_limit.go:204.3,207.23 2 0
github.com/sparkle/gateway/internal/middleware/rate_limit.go:207.23,215.4 3 0
github.com/sparkle/gateway/internal/middleware/rate_limit.go:218.3,222.11 4 0
github.com/sparkle/gateway/internal/middleware/rate_limit.go:227.103,230.30 2 0
github.com/sparkle/gateway/internal/middleware/rate_limit.go:230.30,233.21 2 0
github.com/sparkle/gateway/internal/middleware/rate_limit.go:233.21,235.4 1 0
github.com/sparkle/gateway/internal/middleware/rate_limit.go:236.3,242.23 3 0
github.com/sparkle/gateway/internal/middleware/rate_limit.go:242.23,250.4 3 0
github.com/sparkle/gateway/internal/middleware/rate_limit.go:252.3,252.11 1 0
github.com/sparkle/gateway/internal/middleware/rate_limit.go:258.79,264.30 4 0
github.com/sparkle/gateway/internal/middleware/rate_limit.go:264.30,272.70 4 0
github.com/sparkle/gateway/internal/middleware/rate_limit.go:272.70,274.4 1 0
github.com/sparkle/gateway/internal/middleware/rate_limit.go:274.9,274.71 1 0
github.com/sparkle/gateway/internal/middleware/rate_limit.go:274.71,277.4 1 0
github.com/sparkle/gateway/internal/middleware/rate_limit.go:277.9,280.4 1 0
github.com/sparkle/gateway/internal/middleware/rate_limit.go:283.3,284.21 2 0
github.com/sparkle/gateway/internal/middleware/rate_limit.go:284.21,286.4 1 0
github.com/sparkle/gateway/internal/middleware/rate_limit.go:289.3,295.23 3 0
github.com/sparkle/gateway/internal/middleware/rate_limit.go:295.23,304.4 3 0
github.com/sparkle/gateway/internal/middleware/rate_limit.go:307.3,314.11 2 0
github.com/sparkle/gateway/internal/middleware/rate_limit.go:343.51,348.2 1 0
github.com/sparkle/gateway/internal/middleware/rate_limit.go:351.48,357.2 1 0
github.com/sparkle/gateway/internal/middleware/rate_limit.go:361.66,363.2 1 1
github.com/sparkle/gateway/internal/middleware/rate_limit.go:367.69,369.2 1 1
github.com/sparkle/gateway/internal/middleware/rate_limit.go:372.53,379.30 2 0
github.com/sparkle/gateway/internal/middleware/rate_limit.go:379.30,381.21 2 0
github.com/sparkle/gateway/internal/middleware/rate_limit.go:381.21,383.4 1 0
github.com/sparkle/gateway/internal/middleware/rate_limit.go:385.3,387.23 2 0
github.com/sparkle/gateway/internal/middleware/rate_limit.go:387.23,394.4 3 0
github.com/sparkle/gateway/internal/middleware/rate_limit.go:396.3,396.11 1 0
github.com/sparkle/gateway/internal/middleware/rate_limit.go:407.121,411.16 3 1
github.com/sparkle/gateway/internal/middleware/rate_limit.go:411.16,412.30 1 0
github.com/sparkle/gateway/internal/middleware/rate_limit.go:412.30,414.4 1 0
github.com/sparkle/gateway/internal/middleware/rate_limit.go:414.9,416.4 1 0
github.com/sparkle/gateway/internal/middleware/rate_limit.go:419.2,419.30 1 1
github.com/sparkle/gateway/internal/middleware/rate_limit.go:419.30,421.21 2 1
github.com/sparkle/gateway/internal/middleware/rate_limit.go:421.21,423.4 1 1
github.com/sparkle/gateway/internal/middleware/rate_limit.go:424.3,432.45 5 1
github.com/sparkle/gateway/internal/middleware/rate_limit.go:432.45,434.18 2 0
github.com/sparkle/gateway/internal/middleware/rate_limit.go:434.18,439.5 4 0
github.com/sparkle/gateway/internal/middleware/rate_limit.go:439.10,442.5 2 0
github.com/sparkle/gateway/internal/middleware/rate_limit.go:443.9,443.27 1 1
github.com/sparkle/gateway/internal/middleware/rate_limit.go:443.27,446.18 3 0
github.com/sparkle/gateway/internal/middleware/rate_limit.go:446.18,451.5 4 0
github.com/sparkle/gateway/internal/middleware/rate_limit.go:452.9,456.4 3 1
github.com/sparkle/gateway/internal/middleware/rate_limit.go:458.3,458.15 1 1
github.com/sparkle/gateway/internal/middleware/rate_limit.go:458.15,465.4 3 1
github.com/sparkle/gateway/internal/middleware/rate_limit.go:467.3,469.11 3 1
github.com/sparkle/gateway/internal/middleware/rate_limit.go:473.57,475.21 2 1
github.com/sparkle/gateway/internal/middleware/rate_limit.go:475.21,477.3 1 0
github.com/sparkle/gateway/internal/middleware/rate_limit.go:483.2,483.38 1 1
github.com/sparkle/gateway/internal/middleware/rate_limit.go:483.38,485.3 1 1
github.com/sparkle/gateway/internal/middleware/rate_limit.go:487.2,487.18 1 1
github.com/sparkle/gateway/internal/middleware/rate_limit.go:491.107,494.30 2 0
github.com/sparkle/gateway/internal/middleware/rate_limit.go:494.30,496.21 2 0
github.com/sparkle/gateway/internal/middleware/rate_limit.go:496.21,498.4 1 0
github.com/sparkle/gateway/internal/middleware/rate_limit.go:500.3,501.17 2 0
github.com/sparkle/gateway/internal/middleware/rate_limit.go:501.17,503.4 1 0
github.com/sparkle/gateway/internal/middleware/rate_limit.go:505.3,505.15 1 0
github.com/sparkle/gateway/internal/middleware/rate_limit.go:505.15,514.4 3 0
github.com/sparkle/gateway/internal/middleware/rate_limit.go:516.3,518.11 3 0
github.com/sparkle/gateway/internal/middleware/request_context.go:12.49,13.30 1 1
github.com/sparkle/gateway/internal/middleware/request_context.go:13.30,16.20 3 1
github.com/sparkle/gateway/internal/middleware/request_context.go:16.20,17.71 1 1
github.com/sparkle/gateway/internal/middleware/request_context.go:17.71,19.21 2 1
github.com/sparkle/gateway/internal/middleware/request_context.go:19.21,21.6 1 0
github.com/sparkle/gateway/internal/middleware/request_context.go:24.3,24.20 1 1
github.com/sparkle/gateway/internal/middleware/request_context.go:24.20,26.4 1 1
github.com/sparkle/gateway/internal/middleware/request_context.go:28.3,33.11 5 1
github.com/sparkle/gateway/internal/middleware/request_context.go:37.60,39.19 2 1
github.com/sparkle/gateway/internal/middleware/request_context.go:39.19,41.3 1 1
github.com/sparkle/gateway/internal/middleware/request_context.go:42.2,42.16 1 1
github.com/sparkle/gateway/internal/middleware/security.go:9.71,10.30 1 1
github.com/sparkle/gateway/internal/middleware/security.go:10.30,37.61 5 1
github.com/sparkle/gateway/internal/middleware/security.go:37.61,39.4 1 1
github.com/sparkle/gateway/internal/middleware/security.go:42.3,47.11 3 1
github.com/sparkle/gateway/internal/middleware/timeout.go:16.63,17.30 1 1
github.com/sparkle/gateway/internal/middleware/timeout.go:17.30,18.19 1 1
github.com/sparkle/gateway/internal/middleware/timeout.go:18.19,21.4 2 1
github.com/sparkle/gateway/internal/middleware/timeout.go:22.3,22.45 1 1
github.com/sparkle/gateway/internal/middleware/timeout.go:22.45,25.4 2 1
github.com/sparkle/gateway/internal/middleware/timeout.go:27.3,34.67 5 1
github.com/sparkle/gateway/internal/middleware/timeout.go:34.67,39.4 1 0
github.com/sparkle/gateway/internal/middleware/timeout.go:43.43,44.56 1 1
github.com/sparkle/gateway/internal/middleware/timeout.go:44.56,46.3 1 1
github.com/sparkle/gateway/internal/middleware/timeout.go:47.2,47.38 1 1
github.com/sparkle/gateway/internal/middleware/timeout.go:47.38,49.3 1 1
github.com/sparkle/gateway/internal/middleware/timeout.go:50.2,50.86 1 1
github.com/sparkle/gateway/internal/middleware/timeout.go:50.86,52.3 1 1
github.com/sparkle/gateway/internal/middleware/timeout.go:53.2,53.101 1 1
github.com/sparkle/gateway/internal/middleware/timeout.go:53.101,55.3 1 1
github.com/sparkle/gateway/internal/middleware/timeout.go:56.2,56.96 1 1
github.com/sparkle/gateway/internal/middleware/ws_auth.go:33.78,34.30 1 0
github.com/sparkle/gateway/internal/middleware/ws_auth.go:34.30,40.23 3 0
github.com/sparkle/gateway/internal/middleware/ws_auth.go:40.23,41.48 1 0
github.com/sparkle/gateway/internal/middleware/ws_auth.go:41.48,44.19 3 0
github.com/sparkle/gateway/internal/middleware/ws_auth.go:44.19,49.6 4 0
github.com/sparkle/gateway/internal/middleware/ws_auth.go:50.5,56.11 7 0
github.com/sparkle/gateway/internal/middleware/ws_auth.go:61.3,61.28 1 0
github.com/sparkle/gateway/internal/middleware/ws_auth.go:61.28,62.56 1 0
github.com/sparkle/gateway/internal/middleware/ws_auth.go:62.56,65.19 3 0
github.com/sparkle/gateway/internal/middleware/ws_auth.go:65.19,70.6 4 0
github.com/sparkle/gateway/internal/middleware/ws_auth.go:71.5,77.11 7 0
github.com/sparkle/gateway/internal/middleware/ws_auth.go:81.3,82.19 2 0
github.com/sparkle/gateway/internal/middleware/ws_auth.go:82.19,86.4 3 0
github.com/sparkle/gateway/internal/middleware/ws_auth.go:88.3,93.31 5 0
github.com/sparkle/gateway/internal/middleware/ws_auth.go:93.31,98.4 4 0
github.com/sparkle/gateway/internal/middleware/ws_auth.go:100.3,101.26 2 0
github.com/sparkle/gateway/internal/middleware/ws_auth.go:101.26,106.4 4 0
github.com/sparkle/gateway/internal/middleware/ws_auth.go:107.3,109.38 3 0
github.com/sparkle/gateway/internal/middleware/ws_auth.go:109.38,110.68 1 0
github.com/sparkle/gateway/internal/middleware/ws_auth.go:110.68,115.5 4 0
github.com/sparkle/gateway/internal/middleware/ws_auth.go:117.3,118.19 2 0
github.com/sparkle/gateway/internal/middleware/ws_auth.go:118.19,123.4 4 0
github.com/sparkle/gateway/internal/middleware/ws_auth.go:125.3,128.26 4 0
github.com/sparkle/gateway/internal/middleware/ws_auth.go:128.26,130.4 1 0
github.com/sparkle/gateway/internal/middleware/ws_auth.go:131.3,132.11 2 0
github.com/sparkle/gateway/internal/middleware/ws_auth.go:136.45,137.38 1 0
github.com/sparkle/gateway/internal/middleware/ws_auth.go:137.38,139.3 1 0
github.com/sparkle/gateway/internal/middleware/ws_auth.go:140.2,140.27 1 0
github.com/sparkle/gateway/internal/middleware/ws_auth.go:143.62,145.26 2 0
github.com/sparkle/gateway/internal/middleware/ws_auth.go:145.26,146.59 1 0
github.com/sparkle/gateway/internal/middleware/ws_auth.go:146.59,149.43 3 0
github.com/sparkle/gateway/internal/middleware/ws_auth.go:149.43,151.5 1 0
github.com/sparkle/gateway/internal/middleware/ws_auth.go:152.4,152.43 1 0
github.com/sparkle/gateway/internal/middleware/ws_auth.go:152.43,154.5 1 0
github.com/sparkle/gateway/internal/middleware/ws_auth.go:155.4,155.46 1 0
github.com/sparkle/gateway/internal/middleware/ws_auth.go:155.46,157.5 1 0
github.com/sparkle/gateway/internal/middleware/ws_auth.go:158.4,158.46 1 0
github.com/sparkle/gateway/internal/middleware/ws_auth.go:158.46,160.5 1 0
github.com/sparkle/gateway/internal/middleware/ws_auth.go:164.2,164.16 1 0
github.com/sparkle/gateway/internal/middleware/ws_auth.go:164.16,165.54 1 0
github.com/sparkle/gateway/internal/middleware/ws_auth.go:165.54,167.4 1 0
github.com/sparkle/gateway/internal/middleware/ws_auth.go:170.2,170.11 1 0
github.com/sparkle/gateway/internal/infra/redis/client.go:11.59,31.44 4 0
github.com/sparkle/gateway/internal/infra/redis/client.go:31.44,33.3 1 0
github.com/sparkle/gateway/internal/infra/redis/client.go:35.2,35.17 1 0
github.com/sparkle/gateway/internal/i18n/i18n.go:17.37,23.16 3 0
github.com/sparkle/gateway/internal/i18n/i18n.go:23.16,25.3 1 0
github.com/sparkle/gateway/internal/i18n/i18n.go:27.2,27.29 1 0
github.com/sparkle/gateway/internal/i18n/i18n.go:27.29,28.43 1 0
github.com/sparkle/gateway/internal/i18n/i18n.go:28.43,31.18 3 0
github.com/sparkle/gateway/internal/i18n/i18n.go:31.18,33.5 1 0
github.com/sparkle/gateway/internal/i18n/i18n.go:35.4,36.54 2 0
github.com/sparkle/gateway/internal/i18n/i18n.go:36.54,38.5 1 0
github.com/sparkle/gateway/internal/i18n/i18n.go:39.4,39.32 1 0
github.com/sparkle/gateway/internal/i18n/i18n.go:43.2,44.12 2 0
github.com/sparkle/gateway/internal/i18n/i18n.go:49.69,51.2 1 0
github.com/sparkle/gateway/internal/i18n/i18n.go:53.44,54.55 1 0
github.com/sparkle/gateway/internal/i18n/i18n.go:54.55,56.3 1 0
github.com/sparkle/gateway/internal/i18n/i18n.go:57.2,57.13 1 0
github.com/sparkle/gateway/internal/i18n/i18n.go:60.69,63.2 2 0
github.com/sparkle/gateway/internal/i18n/i18n.go:65.64,66.25 1 0
github.com/sparkle/gateway/internal/i18n/i18n.go:66.25,68.3 1 0
github.com/sparkle/gateway/internal/i18n/i18n.go:70.2,71.9 2 0
github.com/sparkle/gateway/internal/i18n/i18n.go:71.9,74.3 1 0
github.com/sparkle/gateway/internal/i18n/i18n.go:76.2,77.15 2 0
github.com/sparkle/gateway/internal/i18n/i18n.go:77.15,79.21 1 0
github.com/sparkle/gateway/internal/i18n/i18n.go:79.21,82.4 2 0
github.com/sparkle/gateway/internal/i18n/i18n.go:85.2,85.15 1 0
github.com/sparkle/gateway/internal/i18n/i18n.go:85.15,87.3 1 0
github.com/sparkle/gateway/internal/i18n/i18n.go:90.2,91.19 2 0
github.com/sparkle/gateway/internal/i18n/i18n.go:91.19,93.21 1 0
github.com/sparkle/gateway/internal/i18n/i18n.go:93.21,94.48 1 0
github.com/sparkle/gateway/internal/i18n/i18n.go:94.48,95.25 1 0
github.com/sparkle/gateway/internal/i18n/i18n.go:95.25,97.6 1 0
github.com/sparkle/gateway/internal/i18n/i18n.go:98.5,98.18 1 0
github.com/sparkle/gateway/internal/i18n/i18n.go:105.2,105.15 1 0
github.com/sparkle/gateway/internal/i18n/i18n.go:108.64,112.29 3 0
github.com/sparkle/gateway/internal/i18n/i18n.go:112.29,113.52 1 0
github.com/sparkle/gateway/internal/i18n/i18n.go:113.52,115.4 1 0
github.com/sparkle/gateway/internal/i18n/i18n.go:115.9,117.4 1 0
github.com/sparkle/gateway/internal/i18n/i18n.go:120.2,120.35 1 0
github.com/sparkle/gateway/internal/i18n/i18n.go:120.35,122.3 1 0
github.com/sparkle/gateway/internal/i18n/i18n.go:123.2,123.11 1 0
github.com/sparkle/gateway/internal/worker/community_sync.go:44.67,49.2 1 0
github.com/sparkle/gateway/internal/worker/community_sync.go:58.24,60.21 2 0
github.com/sparkle/gateway/internal/worker/community_sync.go:60.21,62.3 1 0
github.com/sparkle/gateway/internal/worker/community_sync.go:64.2,83.3 4 0
github.com/sparkle/gateway/internal/worker/community_sync.go:87.62,89.2 1 0
github.com/sparkle/gateway/internal/worker/community_sync.go:92.48,94.2 1 0
github.com/sparkle/gateway/internal/worker/community_sync.go:97.115,98.18 1 0
github.com/sparkle/gateway/internal/worker/community_sync.go:99.34,100.39 1 0
github.com/sparkle/gateway/internal/worker/community_sync.go:101.32,102.37 1 0
github.com/sparkle/gateway/internal/worker/community_sync.go:103.34,104.39 1 0
github.com/sparkle/gateway/internal/worker/community_sync.go:105.34,106.39 1 0
github.com/sparkle/gateway/internal/worker/community_sync.go:107.10,112.13 2 0
github.com/sparkle/gateway/internal/worker/community_sync.go:117.103,119.9 2 0
github.com/sparkle/gateway/internal/worker/community_sync.go:119.9,121.3 1 0
github.com/sparkle/gateway/internal/worker/community_sync.go:123.2,124.16 2 0
github.com/sparkle/gateway/internal/worker/community_sync.go:124.16,126.3 1 0
github.com/sparkle/gateway/internal/worker/community_sync.go:129.2,130.46 2 0
github.com/sparkle/gateway/internal/worker/community_sync.go:130.46,131.49 1 0
github.com/sparkle/gateway/internal/worker/community_sync.go:131.49,133.4 1 0
github.com/sparkle/gateway/internal/worker/community_sync.go:135.2,139.16 2 0
github.com/sparkle/gateway/internal/worker/community_sync.go:139.16,141.3 1 0
github.com/sparkle/gateway/internal/worker/community_sync.go:144.2,145.16 2 0
github.com/sparkle/gateway/internal/worker/community_sync.go:145.16,147.3 1 0
github.com/sparkle/gateway/internal/worker/community_sync.go:150.2,151.27 2 0
github.com/sparkle/gateway/internal/worker/community_sync.go:151.27,153.3 1 0
github.com/sparkle/gateway/internal/worker/community_sync.go:155.2,173.16 4 0
github.com/sparkle/gateway/internal/worker/community_sync.go:173.16,175.3 1 0
github.com/sparkle/gateway/internal/worker/community_sync.go:178.2,185.16 5 0
github.com/sparkle/gateway/internal/worker/community_sync.go:185.16,187.3 1 0
github.com/sparkle/gateway/internal/worker/community_sync.go:189.2,194.12 2 0
github.com/sparkle/gateway/internal/worker/community_sync.go:197.59,198.27 1 0
github.com/sparkle/gateway/internal/worker/community_sync.go:199.14,200.41 1 0
github.com/sparkle/gateway/internal/worker/community_sync.go:201.17,202.16 1 0
github.com/sparkle/gateway/internal/worker/community_sync.go:203.15,204.43 1 0
github.com/sparkle/gateway/internal/worker/community_sync.go:205.10,206.58 1 0
github.com/sparkle/gateway/internal/worker/community_sync.go:211.101,213.9 2 0
github.com/sparkle/gateway/internal/worker/community_sync.go:213.9,215.3 1 0
github.com/sparkle/gateway/internal/worker/community_sync.go:218.2,220.16 3 0
github.com/sparkle/gateway/internal/worker/community_sync.go:220.16,221.23 1 0
github.com/sparkle/gateway/internal/worker/community_sync.go:221.23,227.4 2 0
github.com/sparkle/gateway/internal/worker/community_sync.go:228.3,228.46 1 0
github.com/sparkle/gateway/internal/worker/community_sync.go:231.2,232.56 2 0
github.com/sparkle/gateway/internal/worker/community_sync.go:232.56,234.3 1 0
github.com/sparkle/gateway/internal/worker/community_sync.go:236.2,239.16 3 0
github.com/sparkle/gateway/internal/worker/community_sync.go:239.16,241.3 1 0
github.com/sparkle/gateway/internal/worker/community_sync.go:243.2,243.72 1 0
github.com/sparkle/gateway/internal/worker/community_sync.go:243.72,245.3 1 0
github.com/sparkle/gateway/internal/worker/community_sync.go:247.2,252.12 2 0
github.com/sparkle/gateway/internal/worker/community_sync.go:256.103,258.9 2 0
github.com/sparkle/gateway/internal/worker/community_sync.go:258.9,260.3 1 0
github.com/sparkle/gateway/internal/worker/community_sync.go:263.2,265.16 3 0
github.com/sparkle/gateway/internal/worker/community_sync.go:265.16,266.23 1 0
github.com/sparkle/gateway/internal/worker/community_sync.go:266.23,271.4 2 0
github.com/sparkle/gateway/internal/worker/community_sync.go:272.3,272.46 1 0
github.com/sparkle/gateway/internal/worker/community_sync.go:275.2,276.56 2 0
github.com/sparkle/gateway/internal/worker/community_sync.go:276.56,278.3 1 0
github.com/sparkle/gateway/internal/worker/community_sync.go:280.2,280.24 1 0
github.com/sparkle/gateway/internal/worker/community_sync.go:280.24,282.3 1 0
github.com/sparkle/gateway/internal/worker/community_sync.go:284.2,285.16 2 0
github.com/sparkle/gateway/internal/worker/community_sync.go:285.16,287.3 1 0
github.com/sparkle/gateway/internal/worker/community_sync.go:289.2,289.72 1 0
github.com/sparkle/gateway/internal/worker/community_sync.go:289.72,291.3 1 0
github.com/sparkle/gateway/internal/worker/community_sync.go:293.2,298.12 2 0
github.com/sparkle/gateway/internal/worker/community_sync.go:302.103,304.9 2 0
github.com/sparkle/gateway/internal/worker/community_sync.go:304.9,306.3 1 0
github.com/sparkle/gateway/internal/worker/community_sync.go:309.2,313.16 5 0
github.com/sparkle/gateway/internal/worker/community_sync.go:313.16,315.3 1 0
github.com/sparkle/gateway/internal/worker/community_sync.go:317.2,321.12 2 0
github.com/sparkle/gateway/internal/worker/community_sync.go:326.102,331.2 1 0
github.com/sparkle/gateway/internal/worker/community_sync.go:341.62,345.2 1 0
github.com/sparkle/gateway/internal/worker/galaxy_sync.go:85.61,90.2 1 0
github.com/sparkle/gateway/internal/worker/galaxy_sync.go:99.21,101.21 2 0
github.com/sparkle/gateway/internal/worker/galaxy_sync.go:101.21,103.3 1 0
github.com/sparkle/gateway/internal/worker/galaxy_sync.go:105.2,125.3 4 0
github.com/sparkle/gateway/internal/worker/galaxy_sync.go:129.59,131.2 1 0
github.com/sparkle/gateway/internal/worker/galaxy_sync.go:134.45,136.2 1 0
github.com/sparkle/gateway/internal/worker/galaxy_sync.go:139.112,140.18 1 0
github.com/sparkle/gateway/internal/worker/galaxy_sync.go:141.34,142.39 1 0
github.com/sparkle/gateway/internal/worker/galaxy_sync.go:143.35,144.40 1 0
github.com/sparkle/gateway/internal/worker/galaxy_sync.go:145.35,146.40 1 0
github.com/sparkle/gateway/internal/worker/galaxy_sync.go:147.37,148.42 1 0
github.com/sparkle/gateway/internal/worker/galaxy_sync.go:149.38,150.43 1 0
github.com/sparkle/gateway/internal/worker/galaxy_sync.go:151.39,152.44 1 0
github.com/sparkle/gateway/internal/worker/galaxy_sync.go:153.10,158.13 2 0
github.com/sparkle/gateway/internal/worker/galaxy_sync.go:163.100,165.9 2 0
github.com/sparkle/gateway/internal/worker/galaxy_sync.go:165.9,167.3 1 0
github.com/sparkle/gateway/internal/worker/galaxy_sync.go:169.2,170.16 2 0
github.com/sparkle/gateway/internal/worker/galaxy_sync.go:170.16,172.3 1 0
github.com/sparkle/gateway/internal/worker/galaxy_sync.go:175.2,176.16 2 0
github.com/sparkle/gateway/internal/worker/galaxy_sync.go:176.16,178.3 1 0
github.com/sparkle/gateway/internal/worker/galaxy_sync.go:181.2,184.16 3 0
github.com/sparkle/gateway/internal/worker/galaxy_sync.go:184.16,186.3 1 0
github.com/sparkle/gateway/internal/worker/galaxy_sync.go:189.2,198.25 4 0
github.com/sparkle/gateway/internal/worker/galaxy_sync.go:198.25,203.3 3 0
github.com/sparkle/gateway/internal/worker/galaxy_sync.go:203.8,206.3 1 0
github.com/sparkle/gateway/internal/worker/galaxy_sync.go:209.2,209.26 1 0
github.com/sparkle/gateway/internal/worker/galaxy_sync.go:209.26,211.3 1 0
github.com/sparkle/gateway/internal/worker/galaxy_sync.go:213.2,214.16 2 0
github.com/sparkle/gateway/internal/worker/galaxy_sync.go:214.16,216.3 1 0
github.com/sparkle/gateway/internal/worker/galaxy_sync.go:218.2,223.12 2 0
github.com/sparkle/gateway/internal/worker/galaxy_sync.go:227.101,229.9 2 0
github.com/sparkle/gateway/internal/worker/galaxy_sync.go:229.9,231.3 1 0
github.com/sparkle/gateway/internal/worker/galaxy_sync.go:233.2,234.9 2 0
github.com/sparkle/gateway/internal/worker/galaxy_sync.go:234.9,236.3 1 0
github.com/sparkle/gateway/internal/worker/galaxy_sync.go:238.2,239.16 2 0
github.com/sparkle/gateway/internal/worker/galaxy_sync.go:239.16,241.3 1 0
github.com/sparkle/gateway/internal/worker/galaxy_sync.go:243.2,244.16 2 0
github.com/sparkle/gateway/internal/worker/galaxy_sync.go:244.16,246.3 1 0
github.com/sparkle/gateway/internal/worker/galaxy_sync.go:249.2,250.16 2 0
github.com/sparkle/gateway/internal/worker/galaxy_sync.go:250.16,252.3 1 0
github.com/sparkle/gateway/internal/worker/galaxy_sync.go:255.2,258.16 3 0
github.com/sparkle/gateway/internal/worker/galaxy_sync.go:258.16,260.3 1 0
github.com/sparkle/gateway/internal/worker/galaxy_sync.go:263.2,275.16 6 0
github.com/sparkle/gateway/internal/worker/galaxy_sync.go:275.16,277.3 1 0
github.com/sparkle/gateway/internal/worker/galaxy_sync.go:279.2,284.12 2 0
github.com/sparkle/gateway/internal/worker/galaxy_sync.go:288.101,290.9 2 0
github.com/sparkle/gateway/internal/worker/galaxy_sync.go:290.9,292.3 1 0
github.com/sparkle/gateway/internal/worker/galaxy_sync.go:294.2,295.9 2 0
github.com/sparkle/gateway/internal/worker/galaxy_sync.go:295.9,297.3 1 0
github.com/sparkle/gateway/internal/worker/galaxy_sync.go:300.2,302.16 3 0
github.com/sparkle/gateway/internal/worker/galaxy_sync.go:302.16,303.23 1 0
github.com/sparkle/gateway/internal/worker/galaxy_sync.go:303.23,306.4 2 0
github.com/sparkle/gateway/internal/worker/galaxy_sync.go:307.3,307.51 1 0
github.com/sparkle/gateway/internal/worker/galaxy_sync.go:310.2,311.56 2 0
github.com/sparkle/gateway/internal/worker/galaxy_sync.go:311.56,313.3 1 0
github.com/sparkle/gateway/internal/worker/galaxy_sync.go:315.2,319.16 4 0
github.com/sparkle/gateway/internal/worker/galaxy_sync.go:319.16,321.3 1 0
github.com/sparkle/gateway/internal/worker/galaxy_sync.go:323.2,323.72 1 0
github.com/sparkle/gateway/internal/worker/galaxy_sync.go:323.72,325.3 1 0
github.com/sparkle/gateway/internal/worker/galaxy_sync.go:327.2,332.12 2 0
github.com/sparkle/gateway/internal/worker/galaxy_sync.go:336.103,338.9 2 0
github.com/sparkle/gateway/internal/worker/galaxy_sync.go:338.9,340.3 1 0
github.com/sparkle/gateway/internal/worker/galaxy_sync.go:342.2,343.9 2 0
github.com/sparkle/gateway/internal/worker/galaxy_sync.go:343.9,345.3 1 0
github.com/sparkle/gateway/internal/worker/galaxy_sync.go:347.2,348.58 2 0
github.com/sparkle/gateway/internal/worker/galaxy_sync.go:348.58,350.3 1 0
github.com/sparkle/gateway/internal/worker/galaxy_sync.go:352.2,353.58 2 0
github.com/sparkle/gateway/internal/worker/galaxy_sync.go:353.58,355.3 1 0
github.com/sparkle/gateway/internal/worker/galaxy_sync.go:358.2,360.16 3 0
github.com/sparkle/gateway/internal/worker/galaxy_sync.go:360.16,361.23 1 0
github.com/sparkle/gateway/internal/worker/galaxy_sync.go:361.23,364.4 2 0
github.com/sparkle/gateway/internal/worker/galaxy_sync.go:365.3,365.51 1 0
github.com/sparkle/gateway/internal/worker/galaxy_sync.go:368.2,369.56 2 0
github.com/sparkle/gateway/internal/worker/galaxy_sync.go:369.56,371.3 1 0
github.com/sparkle/gateway/internal/worker/galaxy_sync.go:374.2,384.16 10 0
github.com/sparkle/gateway/internal/worker/galaxy_sync.go:384.16,386.3 1 0
github.com/sparkle/gateway/internal/worker/galaxy_sync.go:388.2,395.32 4 0
github.com/sparkle/gateway/internal/worker/galaxy_sync.go:395.32,397.3 1 0
github.com/sparkle/gateway/internal/worker/galaxy_sync.go:397.8,397.39 1 0
github.com/sparkle/gateway/internal/worker/galaxy_sync.go:397.39,399.3 1 0
github.com/sparkle/gateway/internal/worker/galaxy_sync.go:401.2,402.16 2 0
github.com/sparkle/gateway/internal/worker/galaxy_sync.go:402.16,404.3 1 0
github.com/sparkle/gateway/internal/worker/galaxy_sync.go:406.2,412.12 2 0
github.com/sparkle/gateway/internal/worker/galaxy_sync.go:416.104,418.9 2 0
github.com/sparkle/gateway/internal/worker/galaxy_sync.go:418.9,420.3 1 0
github.com/sparkle/gateway/internal/worker/galaxy_sync.go:422.2,423.9 2 0
github.com/sparkle/gateway/internal/worker/galaxy_sync.go:423.9,425.3 1 0
github.com/sparkle/gateway/internal/worker/galaxy_sync.go:427.2,429.52 3 0
github.com/sparkle/gateway/internal/worker/galaxy_sync.go:429.52,431.3 1 0
github.com/sparkle/gateway/internal/worker/galaxy_sync.go:434.2,443.16 4 0
github.com/sparkle/gateway/internal/worker/galaxy_sync.go:443.16,445.3 1 0
github.com/sparkle/gateway/internal/worker/galaxy_sync.go:447.2,453.16 6 0
github.com/sparkle/gateway/internal/worker/galaxy_sync.go:453.16,455.3 1 0
github.com/sparkle/gateway/internal/worker/galaxy_sync.go:457.2,463.12 2 0
github.com/sparkle/gateway/internal/worker/galaxy_sync.go:467.105,469.9 2 0
github.com/sparkle/gateway/internal/worker/galaxy_sync.go:469.9,471.3 1 0
github.com/sparkle/gateway/internal/worker/galaxy_sync.go:473.2,474.9 2 0
github.com/sparkle/gateway/internal/worker/galaxy_sync.go:474.9,476.3 1 0
github.com/sparkle/gateway/internal/worker/galaxy_sync.go:478.2,479.51 2 0
github.com/sparkle/gateway/internal/worker/galaxy_sync.go:479.51,481.3 1 0
github.com/sparkle/gateway/internal/worker/galaxy_sync.go:484.2,504.16 11 0
github.com/sparkle/gateway/internal/worker/galaxy_sync.go:504.16,506.3 1 0
github.com/sparkle/gateway/internal/worker/galaxy_sync.go:508.2,514.12 2 0
github.com/sparkle/gateway/internal/worker/galaxy_sync.go:518.102,520.16 2 0
github.com/sparkle/gateway/internal/worker/galaxy_sync.go:520.16,522.3 1 0
github.com/sparkle/gateway/internal/worker/galaxy_sync.go:523.2,523.19 1 0
github.com/sparkle/gateway/internal/worker/galaxy_sync.go:527.121,532.16 2 0
github.com/sparkle/gateway/internal/worker/galaxy_sync.go:532.16,534.3 1 0
github.com/sparkle/gateway/internal/worker/galaxy_sync.go:535.2,535.21 1 0
github.com/sparkle/gateway/internal/worker/galaxy_sync.go:539.75,543.26 3 0
github.com/sparkle/gateway/internal/worker/galaxy_sync.go:543.26,545.3 1 0
github.com/sparkle/gateway/internal/worker/galaxy_sync.go:547.2,554.23 2 0
github.com/sparkle/gateway/internal/worker/galaxy_sync.go:554.23,556.3 1 0
github.com/sparkle/gateway/internal/worker/galaxy_sync.go:558.2,558.28 1 0
github.com/sparkle/gateway/internal/worker/galaxy_sync.go:558.28,560.3 1 0
github.com/sparkle/gateway/internal/worker/galaxy_sync.go:562.2,562.23 1 0
github.com/sparkle/gateway/internal/worker/galaxy_sync.go:562.23,564.3 1 0
github.com/sparkle/gateway/internal/worker/galaxy_sync.go:566.2,566.25 1 0
github.com/sparkle/gateway/internal/worker/galaxy_sync.go:566.25,569.3 2 0
github.com/sparkle/gateway/internal/worker/galaxy_sync.go:571.2,571.26 1 0
github.com/sparkle/gateway/internal/worker/galaxy_sync.go:571.26,573.3 1 0
github.com/sparkle/gateway/internal/worker/galaxy_sync.go:575.2,577.13 2 0
github.com/sparkle/gateway/internal/worker/galaxy_sync.go:581.86,594.29 4 0
github.com/sparkle/gateway/internal/worker/galaxy_sync.go:594.29,596.3 1 0
github.com/sparkle/gateway/internal/worker/galaxy_sync.go:598.2,598.30 1 0
github.com/sparkle/gateway/internal/worker/galaxy_sync.go:598.30,600.3 1 0
github.com/sparkle/gateway/internal/worker/galaxy_sync.go:602.2,602.29 1 0
github.com/sparkle/gateway/internal/worker/galaxy_sync.go:602.29,604.3 1 0
github.com/sparkle/gateway/internal/worker/galaxy_sync.go:606.2,606.30 1 0
github.com/sparkle/gateway/internal/worker/galaxy_sync.go:606.30,608.3 1 0
github.com/sparkle/gateway/internal/worker/galaxy_sync.go:610.2,610.31 1 0
github.com/sparkle/gateway/internal/worker/galaxy_sync.go:610.31,612.3 1 0
github.com/sparkle/gateway/internal/worker/galaxy_sync.go:614.2,614.32 1 0
github.com/sparkle/gateway/internal/worker/galaxy_sync.go:614.32,616.3 1 0
github.com/sparkle/gateway/internal/worker/galaxy_sync.go:618.2,618.13 1 0
github.com/sparkle/gateway/internal/worker/galaxy_sync.go:622.45,623.17 1 0
github.com/sparkle/gateway/internal/worker/galaxy_sync.go:623.17,625.3 1 0
github.com/sparkle/gateway/internal/worker/galaxy_sync.go:626.2,626.17 1 0
github.com/sparkle/gateway/internal/worker/galaxy_sync.go:626.17,628.3 1 0
github.com/sparkle/gateway/internal/worker/galaxy_sync.go:629.2,629.14 1 0
github.com/sparkle/gateway/internal/worker/outbox_relay.go:32.119,34.16 2 0
github.com/sparkle/gateway/internal/worker/outbox_relay.go:34.16,36.3 1 0
github.com/sparkle/gateway/internal/worker/outbox_relay.go:38.2,39.16 2 0
github.com/sparkle/gateway/internal/worker/outbox_relay.go:39.16,41.3 1 0
github.com/sparkle/gateway/internal/worker/outbox_relay.go:44.2,53.16 2 0
github.com/sparkle/gateway/internal/worker/outbox_relay.go:53.16,55.3 1 0
github.com/sparkle/gateway/internal/worker/outbox_relay.go:57.2,63.8 1 0
github.com/sparkle/gateway/internal/worker/outbox_relay.go:66.50,75.6 8 0
github.com/sparkle/gateway/internal/worker/outbox_relay.go:75.6,76.10 1 0
github.com/sparkle/gateway/internal/worker/outbox_relay.go:77.21,80.10 3 0
github.com/sparkle/gateway/internal/worker/outbox_relay.go:81.19,82.47 1 0
github.com/sparkle/gateway/internal/worker/outbox_relay.go:82.47,84.5 1 0
github.com/sparkle/gateway/internal/worker/outbox_relay.go:85.26,86.47 1 0
github.com/sparkle/gateway/internal/worker/outbox_relay.go:86.47,88.5 1 0
github.com/sparkle/gateway/internal/worker/outbox_relay.go:89.26,90.24 1 0
github.com/sparkle/gateway/internal/worker/outbox_relay.go:95.58,97.16 2 0
github.com/sparkle/gateway/internal/worker/outbox_relay.go:97.16,100.3 2 0
github.com/sparkle/gateway/internal/worker/outbox_relay.go:101.2,101.22 1 0
github.com/sparkle/gateway/internal/worker/outbox_relay.go:101.22,103.3 1 0
github.com/sparkle/gateway/internal/worker/outbox_relay.go:106.64,114.16 4 0
github.com/sparkle/gateway/internal/worker/outbox_relay.go:114.16,116.3 1 0
github.com/sparkle/gateway/internal/worker/outbox_relay.go:117.2,119.12 3 0
github.com/sparkle/gateway/internal/worker/outbox_relay.go:122.75,126.2 3 0
github.com/sparkle/gateway/internal/worker/outbox_relay.go:128.64,141.16 3 0
github.com/sparkle/gateway/internal/worker/outbox_relay.go:141.16,143.3 1 0
github.com/sparkle/gateway/internal/worker/outbox_relay.go:144.2,147.16 3 0
github.com/sparkle/gateway/internal/worker/outbox_relay.go:147.16,149.3 1 0
github.com/sparkle/gateway/internal/worker/outbox_relay.go:150.2,153.18 3 0
github.com/sparkle/gateway/internal/worker/outbox_relay.go:153.18,155.92 2 0
github.com/sparkle/gateway/internal/worker/outbox_relay.go:155.92,157.4 1 0
github.com/sparkle/gateway/internal/worker/outbox_relay.go:158.3,158.31 1 0
github.com/sparkle/gateway/internal/worker/outbox_relay.go:161.2,161.22 1 0
github.com/sparkle/gateway/internal/worker/outbox_relay.go:161.22,163.3 1 0
github.com/sparkle/gateway/internal/worker/outbox_relay.go:165.2,167.29 2 0
github.com/sparkle/gateway/internal/worker/outbox_relay.go:167.29,183.17 2 0
github.com/sparkle/gateway/internal/worker/outbox_relay.go:183.17,191.12 2 0
github.com/sparkle/gateway/internal/worker/outbox_relay.go:194.3,194.46 1 0
github.com/sparkle/gateway/internal/worker/outbox_relay.go:197.2,197.27 1 0
github.com/sparkle/gateway/internal/worker/outbox_relay.go:197.27,206.17 3 0
github.com/sparkle/gateway/internal/worker/outbox_relay.go:206.17,208.4 1 0
github.com/sparkle/gateway/internal/worker/outbox_relay.go:211.2,211.20 1 0
github.com/sparkle/gateway/internal/worker/outbox_relay.go:214.31,215.22 1 0
github.com/sparkle/gateway/internal/worker/outbox_relay.go:215.22,217.3 1 0
github.com/sparkle/gateway/internal/worker/outbox_relay.go:218.2,218.23 1 0
github.com/sparkle/gateway/internal/worker/outbox_relay.go:218.23,220.3 1 0
github.com/sparkle/gateway/internal/worker/task_sync.go:76.57,81.2 1 0
github.com/sparkle/gateway/internal/worker/task_sync.go:90.19,92.21 2 0
github.com/sparkle/gateway/internal/worker/task_sync.go:92.21,94.3 1 0
github.com/sparkle/gateway/internal/worker/task_sync.go:96.2,115.3 4 0
github.com/sparkle/gateway/internal/worker/task_sync.go:119.57,121.2 1 0
github.com/sparkle/gateway/internal/worker/task_sync.go:124.43,126.2 1 0
github.com/sparkle/gateway/internal/worker/task_sync.go:129.110,130.18 1 0
github.com/sparkle/gateway/internal/worker/task_sync.go:131.34,132.39 1 0
github.com/sparkle/gateway/internal/worker/task_sync.go:133.34,134.39 1 0
github.com/sparkle/gateway/internal/worker/task_sync.go:135.36,136.41 1 0
github.com/sparkle/gateway/internal/worker/task_sync.go:137.36,138.41 1 0
github.com/sparkle/gateway/internal/worker/task_sync.go:139.34,140.39 1 0
github.com/sparkle/gateway/internal/worker/task_sync.go:141.34,142.39 1 0
github.com/sparkle/gateway/internal/worker/task_sync.go:143.10,148.13 2 0
github.com/sparkle/gateway/internal/worker/task_sync.go:153.98,155.9 2 0
github.com/sparkle/gateway/internal/worker/task_sync.go:155.9,157.3 1 0
github.com/sparkle/gateway/internal/worker/task_sync.go:159.2,160.9 2 0
github.com/sparkle/gateway/internal/worker/task_sync.go:160.9,162.3 1 0
github.com/sparkle/gateway/internal/worker/task_sync.go:164.2,165.16 2 0
github.com/sparkle/gateway/internal/worker/task_sync.go:165.16,167.3 1 0
github.com/sparkle/gateway/internal/worker/task_sync.go:170.2,171.16 2 0
github.com/sparkle/gateway/internal/worker/task_sync.go:171.16,173.3 1 0
github.com/sparkle/gateway/internal/worker/task_sync.go:176.2,179.16 3 0
github.com/sparkle/gateway/internal/worker/task_sync.go:179.16,181.3 1 0
github.com/sparkle/gateway/internal/worker/task_sync.go:184.2,196.41 4 0
github.com/sparkle/gateway/internal/worker/task_sync.go:196.41,201.3 1 0
github.com/sparkle/gateway/internal/worker/task_sync.go:204.2,209.16 5 0
github.com/sparkle/gateway/internal/worker/task_sync.go:209.16,211.3 1 0
github.com/sparkle/gateway/internal/worker/task_sync.go:213.2,218.12 2 0
github.com/sparkle/gateway/internal/worker/task_sync.go:222.98,224.9 2 0
github.com/sparkle/gateway/internal/worker/task_sync.go:224.9,226.3 1 0
github.com/sparkle/gateway/internal/worker/task_sync.go:228.2,229.9 2 0
github.com/sparkle/gateway/internal/worker/task_sync.go:229.9,231.3 1 0
github.com/sparkle/gateway/internal/worker/task_sync.go:234.2,234.74 1 0
github.com/sparkle/gateway/internal/worker/task_sync.go:234.74,236.3 1 0
github.com/sparkle/gateway/internal/worker/task_sync.go:239.2,254.12 8 0
github.com/sparkle/gateway/internal/worker/task_sync.go:258.100,260.9 2 0
github.com/sparkle/gateway/internal/worker/task_sync.go:260.9,262.3 1 0
github.com/sparkle/gateway/internal/worker/task_sync.go:264.2,265.9 2 0
github.com/sparkle/gateway/internal/worker/task_sync.go:265.9,267.3 1 0
github.com/sparkle/gateway/internal/worker/task_sync.go:269.2,270.59 2 0
github.com/sparkle/gateway/internal/worker/task_sync.go:270.59,272.3 1 0
github.com/sparkle/gateway/internal/worker/task_sync.go:275.2,275.72 1 0
github.com/sparkle/gateway/internal/worker/task_sync.go:275.72,277.3 1 0
github.com/sparkle/gateway/internal/worker/task_sync.go:280.2,297.12 9 0
github.com/sparkle/gateway/internal/worker/task_sync.go:301.100,303.9 2 0
github.com/sparkle/gateway/internal/worker/task_sync.go:303.9,305.3 1 0
github.com/sparkle/gateway/internal/worker/task_sync.go:307.2,308.9 2 0
github.com/sparkle/gateway/internal/worker/task_sync.go:308.9,310.3 1 0
github.com/sparkle/gateway/internal/worker/task_sync.go:313.2,313.72 1 0
github.com/sparkle/gateway/internal/worker/task_sync.go:313.72,315.3 1 0
github.com/sparkle/gateway/internal/worker/task_sync.go:318.2,329.12 7 0
github.com/sparkle/gateway/internal/worker/task_sync.go:333.98,335.9 2 0
github.com/sparkle/gateway/internal/worker/task_sync.go:335.9,337.3 1 0
github.com/sparkle/gateway/internal/worker/task_sync.go:339.2,340.9 2 0
github.com/sparkle/gateway/internal/worker/task_sync.go:340.9,342.3 1 0
github.com/sparkle/gateway/internal/worker/task_sync.go:345.2,352.16 8 0
github.com/sparkle/gateway/internal/worker/task_sync.go:352.16,354.3 1 0
github.com/sparkle/gateway/internal/worker/task_sync.go:356.2,361.12 2 0
github.com/sparkle/gateway/internal/worker/task_sync.go:365.98,367.9 2 0
github.com/sparkle/gateway/internal/worker/task_sync.go:367.9,369.3 1 0
github.com/sparkle/gateway/internal/worker/task_sync.go:371.2,372.16 2 0
github.com/sparkle/gateway/internal/worker/task_sync.go:372.16,374.3 1 0
github.com/sparkle/gateway/internal/worker/task_sync.go:377.2,378.16 2 0
github.com/sparkle/gateway/internal/worker/task_sync.go:378.16,380.3 1 0
github.com/sparkle/gateway/internal/worker/task_sync.go:382.2,384.16 3 0
github.com/sparkle/gateway/internal/worker/task_sync.go:384.16,386.3 1 0
github.com/sparkle/gateway/internal/worker/task_sync.go:388.2,388.84 1 0
github.com/sparkle/gateway/internal/worker/task_sync.go:388.84,390.3 1 0
github.com/sparkle/gateway/internal/worker/task_sync.go:392.2,396.12 2 0
github.com/sparkle/gateway/internal/worker/task_sync.go:400.96,402.16 2 0
github.com/sparkle/gateway/internal/worker/task_sync.go:402.16,403.23 1 0
github.com/sparkle/gateway/internal/worker/task_sync.go:403.23,406.4 2 0
github.com/sparkle/gateway/internal/worker/task_sync.go:407.3,407.46 1 0
github.com/sparkle/gateway/internal/worker/task_sync.go:410.2,411.56 2 0
github.com/sparkle/gateway/internal/worker/task_sync.go:411.56,413.3 1 0
github.com/sparkle/gateway/internal/worker/task_sync.go:415.2,419.29 4 0
github.com/sparkle/gateway/internal/worker/task_sync.go:419.29,421.3 1 0
github.com/sparkle/gateway/internal/worker/task_sync.go:421.8,421.59 1 0
github.com/sparkle/gateway/internal/worker/task_sync.go:421.59,423.3 1 0
github.com/sparkle/gateway/internal/worker/task_sync.go:425.2,426.16 2 0
github.com/sparkle/gateway/internal/worker/task_sync.go:426.16,428.3 1 0
github.com/sparkle/gateway/internal/worker/task_sync.go:430.2,430.71 1 0
github.com/sparkle/gateway/internal/worker/task_sync.go:434.91,436.16 2 0
github.com/sparkle/gateway/internal/worker/task_sync.go:436.16,438.3 1 0
github.com/sparkle/gateway/internal/worker/task_sync.go:439.2,439.19 1 0
github.com/sparkle/gateway/internal/worker/task_sync.go:443.64,448.22 4 0
github.com/sparkle/gateway/internal/worker/task_sync.go:448.22,450.3 1 0
github.com/sparkle/gateway/internal/worker/task_sync.go:452.2,467.23 2 0
github.com/sparkle/gateway/internal/worker/task_sync.go:467.23,470.3 2 0
github.com/sparkle/gateway/internal/worker/task_sync.go:472.2,472.26 1 0
github.com/sparkle/gateway/internal/worker/task_sync.go:472.26,474.3 1 0
github.com/sparkle/gateway/internal/worker/task_sync.go:476.2,476.28 1 0
github.com/sparkle/gateway/internal/worker/task_sync.go:476.28,478.3 1 0
github.com/sparkle/gateway/internal/worker/task_sync.go:480.2,480.30 1 0
github.com/sparkle/gateway/internal/worker/task_sync.go:480.30,482.3 1 0
github.com/sparkle/gateway/internal/worker/task_sync.go:484.2,484.24 1 0
github.com/sparkle/gateway/internal/worker/task_sync.go:484.24,486.3 1 0
github.com/sparkle/gateway/internal/worker/task_sync.go:488.2,488.13 1 0
github.com/sparkle/gateway/internal/infra/logger/logger.go:16.31,19.18 2 0
github.com/sparkle/gateway/internal/infra/logger/logger.go:19.18,21.3 1 0
github.com/sparkle/gateway/internal/infra/logger/logger.go:22.2,53.25 9 0
github.com/sparkle/gateway/internal/infra/logger/logger.go:57.46,59.35 2 0
github.com/sparkle/gateway/internal/infra/logger/logger.go:59.35,61.3 1 0
github.com/sparkle/gateway/internal/infra/logger/logger.go:63.2,66.3 1 0
github.com/sparkle/gateway/internal/infra/otel/tracer.go:22.65,24.20 2 0
github.com/sparkle/gateway/internal/infra/otel/tracer.go:24.20,25.30 1 0
github.com/sparkle/gateway/internal/infra/otel/tracer.go:25.30,27.4 1 0
github.com/sparkle/gateway/internal/infra/otel/tracer.go:28.3,28.38 1 0
github.com/sparkle/gateway/internal/infra/otel/tracer.go:28.38,28.52 1 0
github.com/sparkle/gateway/internal/infra/otel/tracer.go:31.2,32.43 2 0
github.com/sparkle/gateway/internal/infra/otel/tracer.go:32.43,33.32 1 0
github.com/sparkle/gateway/internal/infra/otel/tracer.go:33.32,35.4 1 0
github.com/sparkle/gateway/internal/infra/otel/tracer.go:36.3,36.40 1 0
github.com/sparkle/gateway/internal/infra/otel/tracer.go:40.2,44.16 2 0
github.com/sparkle/gateway/internal/infra/otel/tracer.go:44.16,46.38 2 0
github.com/sparkle/gateway/internal/infra/otel/tracer.go:46.38,46.52 1 0
github.com/sparkle/gateway/internal/infra/otel/tracer.go:50.2,55.16 2 0
github.com/sparkle/gateway/internal/infra/otel/tracer.go:55.16,57.3 1 0
github.com/sparkle/gateway/internal/infra/otel/tracer.go:60.2,71.20 4 0
github.com/sparkle/gateway/internal/service/apple_auth.go:17.73,21.16 2 0
github.com/sparkle/gateway/internal/service/apple_auth.go:21.16,23.3 1 0
github.com/sparkle/gateway/internal/service/apple_auth.go:25.2,28.8 1 0
github.com/sparkle/gateway/internal/service/apple_auth.go:38.79,40.16 2 0
github.com/sparkle/gateway/internal/service/apple_auth.go:40.16,42.3 1 0
github.com/sparkle/gateway/internal/service/apple_auth.go:44.2,45.25 2 0
github.com/sparkle/gateway/internal/service/apple_auth.go:45.25,47.3 1 0
github.com/sparkle/gateway/internal/service/apple_auth.go:50.2,50.50 1 0
github.com/sparkle/gateway/internal/service/apple_auth.go:50.50,52.3 1 0
github.com/sparkle/gateway/internal/service/apple_auth.go:55.2,55.31 1 0
github.com/sparkle/gateway/internal/service/apple_auth.go:55.31,57.39 2 0
github.com/sparkle/gateway/internal/service/apple_auth.go:57.39,58.34 1 0
github.com/sparkle/gateway/internal/service/apple_auth.go:58.34,60.10 2 0
github.com/sparkle/gateway/internal/service/apple_auth.go:63.3,63.13 1 0
github.com/sparkle/gateway/internal/service/apple_auth.go:63.13,65.4 1 0
github.com/sparkle/gateway/internal/service/apple_auth.go:69.2,69.68 1 0
github.com/sparkle/gateway/internal/service/apple_auth.go:69.68,71.3 1 0
github.com/sparkle/gateway/internal/service/apple_auth.go:73.2,73.20 1 0
github.com/sparkle/gateway/internal/service/billing.go:8.42,14.2 1 1
github.com/sparkle/gateway/internal/service/billing.go:16.74,24.2 3 1
github.com/sparkle/gateway/internal/service/chat_history.go:36.38,38.2 1 1
github.com/sparkle/gateway/internal/service/chat_history.go:58.114,68.2 4 0
github.com/sparkle/gateway/internal/service/chat_history.go:103.67,105.2 1 1
github.com/sparkle/gateway/internal/service/chat_history.go:107.93,116.2 4 1
github.com/sparkle/gateway/internal/service/chat_history.go:119.37,120.9 1 1
github.com/sparkle/gateway/internal/service/chat_history.go:121.23,121.23 0 1
github.com/sparkle/gateway/internal/service/chat_history.go:123.10,124.23 1 1
github.com/sparkle/gateway/internal/service/chat_history.go:130.44,133.6 3 1
github.com/sparkle/gateway/internal/service/chat_history.go:133.6,134.10 1 1
github.com/sparkle/gateway/internal/service/chat_history.go:135.24,136.10 1 1
github.com/sparkle/gateway/internal/service/chat_history.go:137.19,138.21 1 0
github.com/sparkle/gateway/internal/service/chat_history.go:143.46,145.26 2 1
github.com/sparkle/gateway/internal/service/chat_history.go:145.26,148.3 2 0
github.com/sparkle/gateway/internal/service/chat_history.go:150.2,158.28 7 1
github.com/sparkle/gateway/internal/service/chat_history.go:158.28,160.52 1 1
github.com/sparkle/gateway/internal/service/chat_history.go:160.52,162.12 2 1
github.com/sparkle/gateway/internal/service/chat_history.go:164.3,165.17 2 1
github.com/sparkle/gateway/internal/service/chat_history.go:165.17,167.12 2 0
github.com/sparkle/gateway/internal/service/chat_history.go:169.3,170.23 2 1
github.com/sparkle/gateway/internal/service/chat_history.go:170.23,171.66 1 1
github.com/sparkle/gateway/internal/service/chat_history.go:171.66,173.5 1 0
github.com/sparkle/gateway/internal/service/chat_history.go:174.9,177.4 1 0
github.com/sparkle/gateway/internal/service/chat_history.go:180.2,180.22 1 1
github.com/sparkle/gateway/internal/service/chat_history.go:180.22,184.43 3 0
github.com/sparkle/gateway/internal/service/chat_history.go:184.43,188.4 3 0
github.com/sparkle/gateway/internal/service/chat_history.go:189.3,189.21 1 0
github.com/sparkle/gateway/internal/service/chat_history.go:194.61,196.2 1 1
github.com/sparkle/gateway/internal/service/chat_history.go:199.58,201.2 1 1
github.com/sparkle/gateway/internal/service/chat_history.go:204.81,206.2 1 1
github.com/sparkle/gateway/internal/service/chat_history.go:209.109,210.18 1 1
github.com/sparkle/gateway/internal/service/chat_history.go:210.18,212.3 1 1
github.com/sparkle/gateway/internal/service/chat_history.go:214.2,217.55 3 1
github.com/sparkle/gateway/internal/service/chat_history.go:220.93,237.16 9 1
github.com/sparkle/gateway/internal/service/chat_history.go:237.16,242.3 2 0
github.com/sparkle/gateway/internal/service/chat_history.go:244.2,245.22 2 1
github.com/sparkle/gateway/internal/service/chat_history.go:245.22,247.3 1 1
github.com/sparkle/gateway/internal/service/chat_history.go:247.8,251.43 3 1
github.com/sparkle/gateway/internal/service/chat_history.go:251.43,253.4 1 1
github.com/sparkle/gateway/internal/service/chat_history.go:253.9,256.4 2 1
github.com/sparkle/gateway/internal/service/chat_history.go:257.3,257.21 1 1
github.com/sparkle/gateway/internal/service/chat_history.go:261.2,262.78 2 1
github.com/sparkle/gateway/internal/service/chat_history.go:262.78,267.25 5 1
github.com/sparkle/gateway/internal/service/chat_history.go:267.25,269.4 1 0
github.com/sparkle/gateway/internal/service/chat_history.go:271.3,283.29 4 1
github.com/sparkle/gateway/internal/service/chat_history.go:283.29,285.4 1 1
github.com/sparkle/gateway/internal/service/chat_history.go:286.3,287.46 2 1
github.com/sparkle/gateway/internal/service/chat_history.go:290.2,291.16 2 1
github.com/sparkle/gateway/internal/service/chat_history.go:291.16,293.3 1 0
github.com/sparkle/gateway/internal/service/chat_history.go:294.2,294.20 1 1
github.com/sparkle/gateway/internal/service/chat_history.go:294.20,296.3 1 1
github.com/sparkle/gateway/internal/service/chat_history.go:297.2,297.12 1 1
github.com/sparkle/gateway/internal/service/chat_history.go:300.138,301.18 1 1
github.com/sparkle/gateway/internal/service/chat_history.go:301.18,303.3 1 1
github.com/sparkle/gateway/internal/service/chat_history.go:304.2,304.70 1 1
github.com/sparkle/gateway/internal/service/chat_history.go:304.70,306.3 1 1
github.com/sparkle/gateway/internal/service/chat_history.go:308.2,310.16 3 1
github.com/sparkle/gateway/internal/service/chat_history.go:310.16,311.23 1 0
github.com/sparkle/gateway/internal/service/chat_history.go:311.23,313.4 1 0
github.com/sparkle/gateway/internal/service/chat_history.go:314.3,314.25 1 0
github.com/sparkle/gateway/internal/service/chat_history.go:316.2,317.37 2 1
github.com/sparkle/gateway/internal/service/chat_history.go:317.37,319.3 1 1
github.com/sparkle/gateway/internal/service/chat_history.go:320.2,321.16 2 1
github.com/sparkle/gateway/internal/service/chat_history.go:321.16,323.3 1 0
github.com/sparkle/gateway/internal/service/chat_history.go:324.2,328.76 2 1
github.com/sparkle/gateway/internal/service/chat_history.go:328.76,330.3 1 1
github.com/sparkle/gateway/internal/service/chat_history.go:331.2,331.57 1 1
github.com/sparkle/gateway/internal/service/chat_history.go:331.57,333.3 1 1
github.com/sparkle/gateway/internal/service/chat_history.go:334.2,334.28 1 1
github.com/sparkle/gateway/internal/service/chat_history.go:337.166,338.18 1 1
github.com/sparkle/gateway/internal/service/chat_history.go:338.18,340.3 1 1
github.com/sparkle/gateway/internal/service/chat_history.go:341.2,341.70 1 1
github.com/sparkle/gateway/internal/service/chat_history.go:341.70,343.3 1 0
github.com/sparkle/gateway/internal/service/chat_history.go:345.2,347.16 3 1
github.com/sparkle/gateway/internal/service/chat_history.go:347.16,349.3 1 0
github.com/sparkle/gateway/internal/service/chat_history.go:350.2,361.42 7 1
github.com/sparkle/gateway/internal/service/chat_history.go:361.42,363.3 1 0
github.com/sparkle/gateway/internal/service/chat_history.go:364.2,368.8 1 1
github.com/sparkle/gateway/internal/service/chat_history.go:371.103,374.36 3 1
github.com/sparkle/gateway/internal/service/chat_history.go:374.36,376.3 1 0
github.com/sparkle/gateway/internal/service/chat_history.go:377.2,377.36 1 1
github.com/sparkle/gateway/internal/service/chat_history.go:377.36,379.3 1 1
github.com/sparkle/gateway/internal/service/chat_history.go:380.2,380.34 1 1
github.com/sparkle/gateway/internal/service/chat_history.go:380.34,382.3 1 1
github.com/sparkle/gateway/internal/service/chat_history.go:384.2,385.52 2 0
github.com/sparkle/gateway/internal/service/chat_history.go:385.52,387.3 1 0
github.com/sparkle/gateway/internal/service/chat_history.go:388.2,388.46 1 0
github.com/sparkle/gateway/internal/service/chat_history.go:388.46,390.3 1 0
github.com/sparkle/gateway/internal/service/chat_history.go:391.2,392.16 2 0
github.com/sparkle/gateway/internal/service/chat_history.go:392.16,394.3 1 0
github.com/sparkle/gateway/internal/service/chat_history.go:395.2,395.15 1 0
github.com/sparkle/gateway/internal/service/chat_history.go:395.15,397.3 1 0
github.com/sparkle/gateway/internal/service/chat_history.go:398.2,399.16 2 0
github.com/sparkle/gateway/internal/service/chat_history.go:399.16,401.3 1 0
github.com/sparkle/gateway/internal/service/chat_history.go:402.2,402.12 1 0
github.com/sparkle/gateway/internal/service/chat_history.go:402.12,404.3 1 0
github.com/sparkle/gateway/internal/service/chat_history.go:405.2,405.12 1 0
github.com/sparkle/gateway/internal/service/chat_history.go:408.138,409.16 1 1
github.com/sparkle/gateway/internal/service/chat_history.go:409.16,411.3 1 1
github.com/sparkle/gateway/internal/service/chat_history.go:412.2,412.16 1 1
github.com/sparkle/gateway/internal/service/chat_history.go:412.16,414.3 1 0
github.com/sparkle/gateway/internal/service/chat_history.go:417.2,418.16 2 1
github.com/sparkle/gateway/internal/service/chat_history.go:418.16,420.46 1 1
github.com/sparkle/gateway/internal/service/chat_history.go:420.46,422.4 1 1
github.com/sparkle/gateway/internal/service/chat_history.go:423.3,423.85 1 1
github.com/sparkle/gateway/internal/service/chat_history.go:424.8,424.30 1 1
github.com/sparkle/gateway/internal/service/chat_history.go:424.30,427.3 1 1
github.com/sparkle/gateway/internal/service/chat_history.go:430.2,430.19 1 1
github.com/sparkle/gateway/internal/service/chat_history.go:430.19,432.17 2 0
github.com/sparkle/gateway/internal/service/chat_history.go:432.17,435.4 2 0
github.com/sparkle/gateway/internal/service/chat_history.go:438.3,438.24 1 0
github.com/sparkle/gateway/internal/service/chat_history.go:438.24,440.4 1 0
github.com/sparkle/gateway/internal/service/chat_history.go:442.3,442.23 1 0
github.com/sparkle/gateway/internal/service/chat_history.go:446.2,446.36 1 1
github.com/sparkle/gateway/internal/service/chat_history.go:450.147,453.36 3 1
github.com/sparkle/gateway/internal/service/chat_history.go:453.36,455.3 1 1
github.com/sparkle/gateway/internal/service/chat_history.go:457.2,457.36 1 1
github.com/sparkle/gateway/internal/service/chat_history.go:457.36,459.3 1 1
github.com/sparkle/gateway/internal/service/chat_history.go:461.2,463.16 3 1
github.com/sparkle/gateway/internal/service/chat_history.go:463.16,464.23 1 0
github.com/sparkle/gateway/internal/service/chat_history.go:464.23,466.4 1 0
github.com/sparkle/gateway/internal/service/chat_history.go:467.3,467.18 1 0
github.com/sparkle/gateway/internal/service/chat_history.go:470.2,471.27 2 1
github.com/sparkle/gateway/internal/service/chat_history.go:471.27,473.60 2 1
github.com/sparkle/gateway/internal/service/chat_history.go:473.60,474.12 1 0
github.com/sparkle/gateway/internal/service/chat_history.go:476.3,476.47 1 1
github.com/sparkle/gateway/internal/service/chat_history.go:476.47,477.12 1 0
github.com/sparkle/gateway/internal/service/chat_history.go:479.3,479.35 1 1
github.com/sparkle/gateway/internal/service/chat_history.go:482.2,482.29 1 1
github.com/sparkle/gateway/internal/service/chat_history.go:482.29,484.3 1 1
github.com/sparkle/gateway/internal/service/chat_history.go:485.2,486.15 2 1
github.com/sparkle/gateway/internal/service/chat_history.go:486.15,488.3 1 1
github.com/sparkle/gateway/internal/service/chat_history.go:489.2,490.13 2 1
github.com/sparkle/gateway/internal/service/chat_history.go:490.13,492.3 1 0
github.com/sparkle/gateway/internal/service/chat_history.go:493.2,493.18 1 1
github.com/sparkle/gateway/internal/service/chat_history.go:493.18,495.3 1 0
github.com/sparkle/gateway/internal/service/chat_history.go:496.2,496.33 1 1
github.com/sparkle/gateway/internal/service/chat_history.go:500.144,501.19 1 0
github.com/sparkle/gateway/internal/service/chat_history.go:501.19,503.3 1 0
github.com/sparkle/gateway/internal/service/chat_history.go:506.2,507.52 2 0
github.com/sparkle/gateway/internal/service/chat_history.go:507.52,509.3 1 0
github.com/sparkle/gateway/internal/service/chat_history.go:510.2,510.46 1 0
github.com/sparkle/gateway/internal/service/chat_history.go:510.46,512.3 1 0
github.com/sparkle/gateway/internal/service/chat_history.go:514.2,515.16 2 0
github.com/sparkle/gateway/internal/service/chat_history.go:515.16,517.3 1 0
github.com/sparkle/gateway/internal/service/chat_history.go:518.2,518.16 1 0
github.com/sparkle/gateway/internal/service/chat_history.go:518.16,520.17 2 0
github.com/sparkle/gateway/internal/service/chat_history.go:520.17,522.4 1 0
github.com/sparkle/gateway/internal/service/chat_history.go:523.3,523.13 1 0
github.com/sparkle/gateway/internal/service/chat_history.go:523.13,525.4 1 0
github.com/sparkle/gateway/internal/service/chat_history.go:526.3,526.37 1 0
github.com/sparkle/gateway/internal/service/chat_history.go:529.2,536.16 2 0
github.com/sparkle/gateway/internal/service/chat_history.go:536.16,538.3 1 0
github.com/sparkle/gateway/internal/service/chat_history.go:539.2,542.18 3 0
github.com/sparkle/gateway/internal/service/chat_history.go:542.18,551.90 2 0
github.com/sparkle/gateway/internal/service/chat_history.go:551.90,553.4 1 0
github.com/sparkle/gateway/internal/service/chat_history.go:554.3,561.5 1 0
github.com/sparkle/gateway/internal/service/chat_history.go:563.2,563.35 1 0
github.com/sparkle/gateway/internal/service/chat_history.go:563.35,565.3 1 0
github.com/sparkle/gateway/internal/service/chat_history.go:567.2,567.85 1 0
github.com/sparkle/gateway/internal/service/chat_history.go:567.85,569.3 1 0
github.com/sparkle/gateway/internal/service/chat_history.go:570.2,570.22 1 0
github.com/sparkle/gateway/internal/service/chat_history.go:573.120,583.96 3 0
github.com/sparkle/gateway/internal/service/chat_history.go:583.96,585.3 1 0
github.com/sparkle/gateway/internal/service/chat_history.go:586.2,586.18 1 0
github.com/sparkle/gateway/internal/service/chat_history.go:589.108,599.88 3 0
github.com/sparkle/gateway/internal/service/chat_history.go:599.88,601.3 1 0
github.com/sparkle/gateway/internal/service/chat_history.go:602.2,602.20 1 0
github.com/sparkle/gateway/internal/service/chat_history.go:606.101,611.31 4 0
github.com/sparkle/gateway/internal/service/chat_history.go:611.31,613.17 2 0
github.com/sparkle/gateway/internal/service/chat_history.go:613.17,615.12 2 0
github.com/sparkle/gateway/internal/service/chat_history.go:618.3,618.68 1 0
github.com/sparkle/gateway/internal/service/chat_history.go:618.68,621.4 2 0
github.com/sparkle/gateway/internal/service/chat_history.go:622.3,622.17 1 0
github.com/sparkle/gateway/internal/service/chat_history.go:625.2,625.66 1 0
github.com/sparkle/gateway/internal/service/chat_history.go:625.66,627.3 1 0
github.com/sparkle/gateway/internal/service/chat_history.go:628.2,628.76 1 0
github.com/sparkle/gateway/internal/service/chat_history.go:628.76,630.3 1 0
github.com/sparkle/gateway/internal/service/chat_history.go:632.2,632.130 1 0
github.com/sparkle/gateway/internal/service/chat_history.go:635.125,636.16 1 1
github.com/sparkle/gateway/internal/service/chat_history.go:636.16,638.3 1 1
github.com/sparkle/gateway/internal/service/chat_history.go:641.2,642.16 2 1
github.com/sparkle/gateway/internal/service/chat_history.go:642.16,644.3 1 0
github.com/sparkle/gateway/internal/service/chat_history.go:644.8,644.30 1 1
github.com/sparkle/gateway/internal/service/chat_history.go:644.30,647.3 1 1
github.com/sparkle/gateway/internal/service/chat_history.go:650.2,650.19 1 1
github.com/sparkle/gateway/internal/service/chat_history.go:650.19,652.17 2 0
github.com/sparkle/gateway/internal/service/chat_history.go:652.17,655.4 2 0
github.com/sparkle/gateway/internal/service/chat_history.go:658.3,658.24 1 0
github.com/sparkle/gateway/internal/service/chat_history.go:658.24,660.4 1 0
github.com/sparkle/gateway/internal/service/chat_history.go:662.3,662.23 1 0
github.com/sparkle/gateway/internal/service/chat_history.go:666.2,666.36 1 1
github.com/sparkle/gateway/internal/service/chat_history.go:670.134,673.16 3 1
github.com/sparkle/gateway/internal/service/chat_history.go:673.16,674.23 1 0
github.com/sparkle/gateway/internal/service/chat_history.go:674.23,676.4 1 0
github.com/sparkle/gateway/internal/service/chat_history.go:677.3,677.18 1 0
github.com/sparkle/gateway/internal/service/chat_history.go:680.2,681.26 2 1
github.com/sparkle/gateway/internal/service/chat_history.go:681.26,684.35 3 1
github.com/sparkle/gateway/internal/service/chat_history.go:684.35,685.12 1 0
github.com/sparkle/gateway/internal/service/chat_history.go:687.3,687.63 1 1
github.com/sparkle/gateway/internal/service/chat_history.go:687.63,688.12 1 0
github.com/sparkle/gateway/internal/service/chat_history.go:690.3,691.18 2 1
github.com/sparkle/gateway/internal/service/chat_history.go:691.18,693.4 1 0
github.com/sparkle/gateway/internal/service/chat_history.go:694.3,699.5 2 1
github.com/sparkle/gateway/internal/service/chat_history.go:702.2,702.50 1 1
github.com/sparkle/gateway/internal/service/chat_history.go:702.50,704.3 1 0
github.com/sparkle/gateway/internal/service/chat_history.go:705.2,705.23 1 1
github.com/sparkle/gateway/internal/service/chat_history.go:709.131,710.19 1 0
github.com/sparkle/gateway/internal/service/chat_history.go:710.19,712.3 1 0
github.com/sparkle/gateway/internal/service/chat_history.go:714.2,740.16 3 0
github.com/sparkle/gateway/internal/service/chat_history.go:740.16,742.3 1 0
github.com/sparkle/gateway/internal/service/chat_history.go:743.2,746.18 3 0
github.com/sparkle/gateway/internal/service/chat_history.go:746.18,750.74 4 0
github.com/sparkle/gateway/internal/service/chat_history.go:750.74,751.12 1 0
github.com/sparkle/gateway/internal/service/chat_history.go:755.3,756.27 2 0
github.com/sparkle/gateway/internal/service/chat_history.go:756.27,757.44 1 0
github.com/sparkle/gateway/internal/service/chat_history.go:757.44,759.5 1 0
github.com/sparkle/gateway/internal/service/chat_history.go:759.10,759.47 1 0
github.com/sparkle/gateway/internal/service/chat_history.go:759.47,761.5 1 0
github.com/sparkle/gateway/internal/service/chat_history.go:761.10,763.5 1 0
github.com/sparkle/gateway/internal/service/chat_history.go:766.3,770.5 1 0
github.com/sparkle/gateway/internal/service/chat_history.go:773.2,773.23 1 0
github.com/sparkle/gateway/internal/service/chat_history.go:777.95,781.35 3 0
github.com/sparkle/gateway/internal/service/chat_history.go:781.35,785.72 2 0
github.com/sparkle/gateway/internal/service/chat_history.go:785.72,787.4 1 0
github.com/sparkle/gateway/internal/service/chat_history.go:789.3,802.47 5 0
github.com/sparkle/gateway/internal/service/chat_history.go:806.2,808.111 2 0
github.com/sparkle/gateway/internal/service/chat_history.go:811.44,812.15 1 1
github.com/sparkle/gateway/internal/service/chat_history.go:812.15,814.3 1 1
github.com/sparkle/gateway/internal/service/chat_history.go:815.2,816.16 2 1
github.com/sparkle/gateway/internal/service/chat_history.go:816.16,818.3 1 1
github.com/sparkle/gateway/internal/service/chat_history.go:819.2,819.36 1 1
github.com/sparkle/gateway/internal/service/chat_history.go:822.56,823.22 1 1
github.com/sparkle/gateway/internal/service/chat_history.go:823.22,825.3 1 1
github.com/sparkle/gateway/internal/service/chat_history.go:826.2,828.31 3 1
github.com/sparkle/gateway/internal/service/chat_history.go:828.31,830.20 2 1
github.com/sparkle/gateway/internal/service/chat_history.go:830.20,831.12 1 1
github.com/sparkle/gateway/internal/service/chat_history.go:833.3,833.33 1 1
github.com/sparkle/gateway/internal/service/chat_history.go:833.33,834.12 1 1
github.com/sparkle/gateway/internal/service/chat_history.go:836.3,837.35 2 1
github.com/sparkle/gateway/internal/service/chat_history.go:839.2,839.15 1 1
github.com/sparkle/gateway/internal/service/chat_history.go:842.74,843.20 1 1
github.com/sparkle/gateway/internal/service/chat_history.go:843.20,845.3 1 0
github.com/sparkle/gateway/internal/service/chat_history.go:846.2,847.17 2 1
github.com/sparkle/gateway/internal/service/chat_history.go:847.17,849.3 1 0
github.com/sparkle/gateway/internal/service/chat_history.go:850.2,851.21 2 1
github.com/sparkle/gateway/internal/service/chat_history.go:851.21,853.3 1 0
github.com/sparkle/gateway/internal/service/chat_history.go:854.2,854.14 1 1
github.com/sparkle/gateway/internal/service/chat_history_persister.go:45.91,52.2 1 0
github.com/sparkle/gateway/internal/service/chat_history_persister.go:55.63,62.6 4 0
github.com/sparkle/gateway/internal/service/chat_history_persister.go:62.6,63.10 1 0
github.com/sparkle/gateway/internal/service/chat_history_persister.go:64.21,67.20 3 0
github.com/sparkle/gateway/internal/service/chat_history_persister.go:68.19,71.14 3 0
github.com/sparkle/gateway/internal/service/chat_history_persister.go:72.21,74.48 1 0
github.com/sparkle/gateway/internal/service/chat_history_persister.go:74.48,76.5 1 0
github.com/sparkle/gateway/internal/service/chat_history_persister.go:77.11,79.46 1 0
github.com/sparkle/gateway/internal/service/chat_history_persister.go:79.46,82.5 1 0
github.com/sparkle/gateway/internal/service/chat_history_persister.go:88.39,90.2 1 0
github.com/sparkle/gateway/internal/service/chat_history_persister.go:93.72,98.22 3 0
github.com/sparkle/gateway/internal/service/chat_history_persister.go:98.22,102.3 2 0
github.com/sparkle/gateway/internal/service/chat_history_persister.go:103.2,103.16 1 0
github.com/sparkle/gateway/internal/service/chat_history_persister.go:103.16,105.3 1 0
github.com/sparkle/gateway/internal/service/chat_history_persister.go:107.2,108.61 2 0
github.com/sparkle/gateway/internal/service/chat_history_persister.go:108.61,111.3 2 0
github.com/sparkle/gateway/internal/service/chat_history_persister.go:114.2,114.25 1 0
github.com/sparkle/gateway/internal/service/chat_history_persister.go:114.25,116.3 1 0
github.com/sparkle/gateway/internal/service/chat_history_persister.go:118.2,124.36 5 0
github.com/sparkle/gateway/internal/service/chat_history_persister.go:124.36,126.3 1 0
github.com/sparkle/gateway/internal/service/chat_history_persister.go:128.2,128.12 1 0
github.com/sparkle/gateway/internal/service/chat_history_persister.go:132.74,134.23 2 0
github.com/sparkle/gateway/internal/service/chat_history_persister.go:134.23,137.3 2 0
github.com/sparkle/gateway/internal/service/chat_history_persister.go:139.2,146.61 6 0
github.com/sparkle/gateway/internal/service/chat_history_persister.go:146.61,147.18 1 0
github.com/sparkle/gateway/internal/service/chat_history_persister.go:147.18,149.11 2 0
github.com/sparkle/gateway/internal/service/chat_history_persister.go:150.22,151.21 1 0
github.com/sparkle/gateway/internal/service/chat_history_persister.go:152.31,152.31 0 0
github.com/sparkle/gateway/internal/service/chat_history_persister.go:155.4,156.37 2 0
github.com/sparkle/gateway/internal/service/chat_history_persister.go:156.37,158.5 1 0
github.com/sparkle/gateway/internal/service/chat_history_persister.go:161.3,161.54 1 0
github.com/sparkle/gateway/internal/service/chat_history_persister.go:161.54,164.12 3 0
github.com/sparkle/gateway/internal/service/chat_history_persister.go:167.3,170.13 4 0
github.com/sparkle/gateway/internal/service/chat_history_persister.go:174.2,177.16 4 0
github.com/sparkle/gateway/internal/service/chat_history_persister.go:181.102,183.16 2 0
github.com/sparkle/gateway/internal/service/chat_history_persister.go:183.16,185.3 1 0
github.com/sparkle/gateway/internal/service/chat_history_persister.go:186.2,190.16 3 0
github.com/sparkle/gateway/internal/service/chat_history_persister.go:190.16,192.3 1 0
github.com/sparkle/gateway/internal/service/chat_history_persister.go:193.2,195.28 2 0
github.com/sparkle/gateway/internal/service/chat_history_persister.go:195.28,201.22 3 0
github.com/sparkle/gateway/internal/service/chat_history_persister.go:201.22,203.4 1 0
github.com/sparkle/gateway/internal/service/chat_history_persister.go:206.3,207.23 2 0
github.com/sparkle/gateway/internal/service/chat_history_persister.go:207.23,208.57 1 0
github.com/sparkle/gateway/internal/service/chat_history_persister.go:208.57,210.5 1 0
github.com/sparkle/gateway/internal/service/chat_history_persister.go:214.3,215.17 2 0
github.com/sparkle/gateway/internal/service/chat_history_persister.go:215.17,217.4 1 0
github.com/sparkle/gateway/internal/service/chat_history_persister.go:220.3,226.17 2 0
github.com/sparkle/gateway/internal/service/chat_history_persister.go:226.17,229.12 2 0
github.com/sparkle/gateway/internal/service/chat_history_persister.go:233.3,233.25 1 0
github.com/sparkle/gateway/internal/service/chat_history_persister.go:233.25,243.18 2 0
github.com/sparkle/gateway/internal/service/chat_history_persister.go:243.18,245.5 1 0
github.com/sparkle/gateway/internal/service/chat_history_persister.go:249.2,249.23 1 0
github.com/sparkle/gateway/internal/service/chat_history_persister.go:253.97,256.28 2 0
github.com/sparkle/gateway/internal/service/chat_history_persister.go:256.28,258.17 2 0
github.com/sparkle/gateway/internal/service/chat_history_persister.go:258.17,259.12 1 0
github.com/sparkle/gateway/internal/service/chat_history_persister.go:262.3,262.35 1 0
github.com/sparkle/gateway/internal/service/chat_history_persister.go:267.66,280.2 4 0
github.com/sparkle/gateway/internal/service/community_command.go:33.78,39.2 1 0
github.com/sparkle/gateway/internal/service/community_command.go:43.108,44.23 1 0
github.com/sparkle/gateway/internal/service/community_command.go:44.23,46.3 1 0
github.com/sparkle/gateway/internal/service/community_command.go:48.2,49.16 2 0
github.com/sparkle/gateway/internal/service/community_command.go:49.16,51.3 1 0
github.com/sparkle/gateway/internal/service/community_command.go:53.2,57.92 3 0
github.com/sparkle/gateway/internal/service/community_command.go:57.92,79.17 3 0
github.com/sparkle/gateway/internal/service/community_command.go:79.17,81.4 1 0
github.com/sparkle/gateway/internal/service/community_command.go:84.3,104.68 3 0
github.com/sparkle/gateway/internal/service/community_command.go:104.68,106.4 1 0
github.com/sparkle/gateway/internal/service/community_command.go:108.3,108.13 1 0
github.com/sparkle/gateway/internal/service/community_command.go:111.2,111.16 1 0
github.com/sparkle/gateway/internal/service/community_command.go:111.16,113.3 1 0
github.com/sparkle/gateway/internal/service/community_command.go:115.2,115.19 1 0
github.com/sparkle/gateway/internal/service/community_command.go:119.97,120.93 1 0
github.com/sparkle/gateway/internal/service/community_command.go:120.93,133.17 3 0
github.com/sparkle/gateway/internal/service/community_command.go:133.17,135.4 1 0
github.com/sparkle/gateway/internal/service/community_command.go:138.3,153.68 2 0
github.com/sparkle/gateway/internal/service/community_command.go:153.68,155.4 1 0
github.com/sparkle/gateway/internal/service/community_command.go:157.3,157.13 1 0
github.com/sparkle/gateway/internal/service/community_command.go:162.99,163.93 1 0
github.com/sparkle/gateway/internal/service/community_command.go:163.93,170.17 2 0
github.com/sparkle/gateway/internal/service/community_command.go:170.17,172.4 1 0
github.com/sparkle/gateway/internal/service/community_command.go:175.3,175.33 1 0
github.com/sparkle/gateway/internal/service/community_command.go:175.33,177.4 1 0
github.com/sparkle/gateway/internal/service/community_command.go:180.3,195.68 2 0
github.com/sparkle/gateway/internal/service/community_command.go:195.68,197.4 1 0
github.com/sparkle/gateway/internal/service/community_command.go:199.3,199.13 1 0
github.com/sparkle/gateway/internal/service/community_command.go:204.99,205.93 1 0
github.com/sparkle/gateway/internal/service/community_command.go:205.93,213.17 2 0
github.com/sparkle/gateway/internal/service/community_command.go:213.17,215.4 1 0
github.com/sparkle/gateway/internal/service/community_command.go:217.3,217.33 1 0
github.com/sparkle/gateway/internal/service/community_command.go:217.33,219.4 1 0
github.com/sparkle/gateway/internal/service/community_command.go:222.3,237.68 2 0
github.com/sparkle/gateway/internal/service/community_command.go:237.68,239.4 1 0
github.com/sparkle/gateway/internal/service/community_command.go:241.3,241.13 1 0
github.com/sparkle/gateway/internal/service/community_command.go:248.105,254.2 1 0
github.com/sparkle/gateway/internal/service/community_query.go:32.73,34.2 1 0
github.com/sparkle/gateway/internal/service/community_query.go:36.105,42.16 4 0
github.com/sparkle/gateway/internal/service/community_query.go:42.16,44.3 1 0
github.com/sparkle/gateway/internal/service/community_query.go:46.2,46.19 1 0
github.com/sparkle/gateway/internal/service/community_query.go:46.19,48.3 1 0
github.com/sparkle/gateway/internal/service/community_query.go:51.2,52.25 2 0
github.com/sparkle/gateway/internal/service/community_query.go:52.25,54.3 1 0
github.com/sparkle/gateway/internal/service/community_query.go:57.2,58.16 2 0
github.com/sparkle/gateway/internal/service/community_query.go:58.16,60.3 1 0
github.com/sparkle/gateway/internal/service/community_query.go:62.2,63.35 2 0
github.com/sparkle/gateway/internal/service/community_query.go:63.35,64.21 1 0
github.com/sparkle/gateway/internal/service/community_query.go:64.21,65.12 1 0
github.com/sparkle/gateway/internal/service/community_query.go:67.3,68.38 2 0
github.com/sparkle/gateway/internal/service/community_query.go:68.38,69.61 1 0
github.com/sparkle/gateway/internal/service/community_query.go:69.61,70.13 1 0
github.com/sparkle/gateway/internal/service/community_query.go:72.4,72.31 1 0
github.com/sparkle/gateway/internal/service/community_query.go:76.2,76.19 1 0
github.com/sparkle/gateway/internal/service/file_event_hub.go:14.38,18.2 1 0
github.com/sparkle/gateway/internal/service/file_event_hub.go:20.70,24.34 3 0
github.com/sparkle/gateway/internal/service/file_event_hub.go:24.34,26.3 1 0
github.com/sparkle/gateway/internal/service/file_event_hub.go:27.2,27.42 1 0
github.com/sparkle/gateway/internal/service/file_event_hub.go:30.49,35.2 3 0
github.com/sparkle/gateway/internal/service/file_event_hub.go:37.72,42.22 4 0
github.com/sparkle/gateway/internal/service/file_event_hub.go:42.22,44.3 1 0
github.com/sparkle/gateway/internal/service/file_event_hub.go:45.2,46.25 2 0
github.com/sparkle/gateway/internal/service/file_event_hub.go:46.25,48.3 1 0
github.com/sparkle/gateway/internal/service/file_event_hub.go:51.65,56.30 4 0
github.com/sparkle/gateway/internal/service/file_event_hub.go:56.30,57.49 1 0
github.com/sparkle/gateway/internal/service/file_event_hub.go:57.49,60.4 2 0
github.com/sparkle/gateway/internal/service/file_event_subscriber.go:30.110,36.2 1 0
github.com/sparkle/gateway/internal/service/file_event_subscriber.go:38.62,42.6 3 0
github.com/sparkle/gateway/internal/service/file_event_subscriber.go:42.6,44.17 2 0
github.com/sparkle/gateway/internal/service/file_event_subscriber.go:44.17,45.24 1 0
github.com/sparkle/gateway/internal/service/file_event_subscriber.go:45.24,47.5 1 0
github.com/sparkle/gateway/internal/service/file_event_subscriber.go:48.4,48.23 1 0
github.com/sparkle/gateway/internal/service/file_event_subscriber.go:48.23,50.5 1 0
github.com/sparkle/gateway/internal/service/file_event_subscriber.go:51.4,51.12 1 0
github.com/sparkle/gateway/internal/service/file_event_subscriber.go:54.3,55.69 2 0
github.com/sparkle/gateway/internal/service/file_event_subscriber.go:55.69,56.23 1 0
github.com/sparkle/gateway/internal/service/file_event_subscriber.go:56.23,58.5 1 0
github.com/sparkle/gateway/internal/service/file_event_subscriber.go:59.4,59.12 1 0
github.com/sparkle/gateway/internal/service/file_event_subscriber.go:61.3,61.25 1 0
github.com/sparkle/gateway/internal/service/file_event_subscriber.go:61.25,62.12 1 0
github.com/sparkle/gateway/internal/service/file_event_subscriber.go:64.3,65.34 2 0
github.com/sparkle/gateway/internal/service/file_event_subscriber.go:69.39,70.46 1 0
github.com/sparkle/gateway/internal/service/file_event_subscriber.go:70.46,72.3 1 0
github.com/sparkle/gateway/internal/service/file_event_subscriber.go:73.2,73.46 1 0
github.com/sparkle/gateway/internal/service/file_event_subscriber.go:73.46,75.3 1 0
github.com/sparkle/gateway/internal/service/file_event_subscriber.go:76.2,76.19 1 0
github.com/sparkle/gateway/internal/service/file_event_subscriber.go:76.19,78.3 1 0
github.com/sparkle/gateway/internal/service/file_event_subscriber.go:79.2,79.30 1 0
github.com/sparkle/gateway/internal/service/file_event_subscriber.go:79.30,81.3 1 0
github.com/sparkle/gateway/internal/service/file_event_subscriber.go:82.2,82.29 1 0
github.com/sparkle/gateway/internal/service/file_event_subscriber.go:82.29,84.3 1 0
github.com/sparkle/gateway/internal/service/file_event_subscriber.go:87.56,88.16 1 0
github.com/sparkle/gateway/internal/service/file_event_subscriber.go:89.16,90.18 1 0
github.com/sparkle/gateway/internal/service/file_event_subscriber.go:91.27,92.16 1 0
github.com/sparkle/gateway/internal/service/file_event_subscriber.go:93.41,94.18 1 0
github.com/sparkle/gateway/internal/service/file_event_subscriber.go:96.2,96.19 1 0
github.com/sparkle/gateway/internal/service/file_event_subscriber.go:96.19,98.3 1 0
github.com/sparkle/gateway/internal/service/file_event_subscriber.go:99.2,99.19 1 0
github.com/sparkle/gateway/internal/service/file_event_subscriber.go:99.19,101.3 1 0
github.com/sparkle/gateway/internal/service/file_event_subscriber.go:102.2,102.25 1 0
github.com/sparkle/gateway/internal/service/file_gc.go:25.18,27.19 2 0
github.com/sparkle/gateway/internal/service/file_gc.go:27.19,29.3 1 0
github.com/sparkle/gateway/internal/service/file_gc.go:30.2,31.16 2 0
github.com/sparkle/gateway/internal/service/file_gc.go:31.16,33.3 1 0
github.com/sparkle/gateway/internal/service/file_gc.go:35.2,42.3 1 0
github.com/sparkle/gateway/internal/service/file_gc.go:45.56,49.6 3 0
github.com/sparkle/gateway/internal/service/file_gc.go:49.6,50.10 1 0
github.com/sparkle/gateway/internal/service/file_gc.go:51.21,52.20 1 0
github.com/sparkle/gateway/internal/service/file_gc.go:53.19,54.22 1 0
github.com/sparkle/gateway/internal/service/file_gc.go:59.58,62.16 3 0
github.com/sparkle/gateway/internal/service/file_gc.go:62.16,63.22 1 0
github.com/sparkle/gateway/internal/service/file_gc.go:63.22,65.4 1 0
github.com/sparkle/gateway/internal/service/file_gc.go:66.3,66.9 1 0
github.com/sparkle/gateway/internal/service/file_gc.go:69.2,69.29 1 0
github.com/sparkle/gateway/internal/service/file_gc.go:69.29,70.82 1 0
github.com/sparkle/gateway/internal/service/file_gc.go:70.82,71.23 1 0
github.com/sparkle/gateway/internal/service/file_gc.go:71.23,73.5 1 0
github.com/sparkle/gateway/internal/service/file_gc.go:74.4,74.12 1 0
github.com/sparkle/gateway/internal/service/file_gc.go:76.3,76.65 1 0
github.com/sparkle/gateway/internal/service/file_gc.go:76.65,77.23 1 0
github.com/sparkle/gateway/internal/service/file_gc.go:77.23,79.5 1 0
github.com/sparkle/gateway/internal/service/file_metadata.go:31.70,33.2 1 0
github.com/sparkle/gateway/internal/service/file_metadata.go:44.23,56.2 2 0
github.com/sparkle/gateway/internal/service/file_metadata.go:64.23,78.2 2 0
github.com/sparkle/gateway/internal/service/file_metadata.go:80.116,89.2 2 0
github.com/sparkle/gateway/internal/service/file_metadata.go:91.102,100.2 2 0
github.com/sparkle/gateway/internal/service/file_metadata.go:107.23,123.2 2 0
github.com/sparkle/gateway/internal/service/file_metadata.go:130.23,146.2 2 0
github.com/sparkle/gateway/internal/service/file_metadata.go:154.25,156.19 2 0
github.com/sparkle/gateway/internal/service/file_metadata.go:156.19,158.3 1 0
github.com/sparkle/gateway/internal/service/file_metadata.go:159.2,160.19 2 0
github.com/sparkle/gateway/internal/service/file_metadata.go:160.19,162.3 1 0
github.com/sparkle/gateway/internal/service/file_metadata.go:164.2,166.18 3 0
github.com/sparkle/gateway/internal/service/file_metadata.go:166.18,175.3 1 0
github.com/sparkle/gateway/internal/service/file_metadata.go:175.8,184.3 1 0
github.com/sparkle/gateway/internal/service/file_metadata.go:185.2,185.16 1 0
github.com/sparkle/gateway/internal/service/file_metadata.go:185.16,187.3 1 0
github.com/sparkle/gateway/internal/service/file_metadata.go:188.2,191.18 3 0
github.com/sparkle/gateway/internal/service/file_metadata.go:191.18,193.21 2 0
github.com/sparkle/gateway/internal/service/file_metadata.go:193.21,195.4 1 0
github.com/sparkle/gateway/internal/service/file_metadata.go:196.3,196.30 1 0
github.com/sparkle/gateway/internal/service/file_metadata.go:198.2,198.26 1 0
github.com/sparkle/gateway/internal/service/file_metadata.go:206.25,208.19 2 0
github.com/sparkle/gateway/internal/service/file_metadata.go:208.19,210.3 1 0
github.com/sparkle/gateway/internal/service/file_metadata.go:211.2,223.16 3 0
github.com/sparkle/gateway/internal/service/file_metadata.go:223.16,225.3 1 0
github.com/sparkle/gateway/internal/service/file_metadata.go:226.2,229.18 3 0
github.com/sparkle/gateway/internal/service/file_metadata.go:229.18,231.21 2 0
github.com/sparkle/gateway/internal/service/file_metadata.go:231.21,233.4 1 0
github.com/sparkle/gateway/internal/service/file_metadata.go:234.3,234.30 1 0
github.com/sparkle/gateway/internal/service/file_metadata.go:236.2,236.26 1 0
github.com/sparkle/gateway/internal/service/file_metadata.go:239.123,251.2 2 0
github.com/sparkle/gateway/internal/service/file_metadata.go:253.118,255.19 2 0
github.com/sparkle/gateway/internal/service/file_metadata.go:255.19,257.3 1 0
github.com/sparkle/gateway/internal/service/file_metadata.go:259.2,271.16 2 0
github.com/sparkle/gateway/internal/service/file_metadata.go:271.16,273.3 1 0
github.com/sparkle/gateway/internal/service/file_metadata.go:274.2,277.18 3 0
github.com/sparkle/gateway/internal/service/file_metadata.go:277.18,279.21 2 0
github.com/sparkle/gateway/internal/service/file_metadata.go:279.21,281.4 1 0
github.com/sparkle/gateway/internal/service/file_metadata.go:282.3,282.30 1 0
github.com/sparkle/gateway/internal/service/file_metadata.go:284.2,284.26 1 0
github.com/sparkle/gateway/internal/service/file_metadata.go:287.91,290.2 2 0
github.com/sparkle/gateway/internal/service/file_metadata.go:292.54,309.2 3 0
github.com/sparkle/gateway/internal/service/file_processing.go:28.91,36.2 1 0
github.com/sparkle/gateway/internal/service/file_processing.go:38.108,39.33 1 0
github.com/sparkle/gateway/internal/service/file_processing.go:39.33,41.3 1 0
github.com/sparkle/gateway/internal/service/file_processing.go:42.2,43.16 2 0
github.com/sparkle/gateway/internal/service/file_processing.go:43.16,45.3 1 0
github.com/sparkle/gateway/internal/service/file_processing.go:46.2,47.16 2 0
github.com/sparkle/gateway/internal/service/file_processing.go:47.16,49.3 1 0
github.com/sparkle/gateway/internal/service/file_processing.go:50.2,51.28 2 0
github.com/sparkle/gateway/internal/service/file_processing.go:51.28,53.3 1 0
github.com/sparkle/gateway/internal/service/file_processing.go:54.2,55.16 2 0
github.com/sparkle/gateway/internal/service/file_processing.go:55.16,57.3 1 0
github.com/sparkle/gateway/internal/service/file_processing.go:58.2,59.28 2 0
github.com/sparkle/gateway/internal/service/file_processing.go:59.28,61.3 1 0
github.com/sparkle/gateway/internal/service/file_processing.go:62.2,62.12 1 0
github.com/sparkle/gateway/internal/service/file_storage.go:24.97,30.16 2 0
github.com/sparkle/gateway/internal/service/file_storage.go:30.16,32.3 1 0
github.com/sparkle/gateway/internal/service/file_storage.go:34.2,35.76 2 0
github.com/sparkle/gateway/internal/service/file_storage.go:35.76,37.3 1 0
github.com/sparkle/gateway/internal/service/file_storage.go:38.2,39.16 2 0
github.com/sparkle/gateway/internal/service/file_storage.go:39.16,41.3 1 0
github.com/sparkle/gateway/internal/service/file_storage.go:43.2,50.32 2 0
github.com/sparkle/gateway/internal/service/file_storage.go:50.32,52.3 1 0
github.com/sparkle/gateway/internal/service/file_storage.go:53.2,53.32 1 0
github.com/sparkle/gateway/internal/service/file_storage.go:53.32,55.3 1 0
github.com/sparkle/gateway/internal/service/file_storage.go:57.2,57.31 1 0
github.com/sparkle/gateway/internal/service/file_storage.go:57.31,61.17 4 0
github.com/sparkle/gateway/internal/service/file_storage.go:61.17,63.4 1 0
github.com/sparkle/gateway/internal/service/file_storage.go:64.3,64.14 1 0
github.com/sparkle/gateway/internal/service/file_storage.go:64.14,65.116 1 0
github.com/sparkle/gateway/internal/service/file_storage.go:65.116,66.22 1 0
github.com/sparkle/gateway/internal/service/file_storage.go:66.22,68.6 1 0
github.com/sparkle/gateway/internal/service/file_storage.go:69.5,69.20 1 0
github.com/sparkle/gateway/internal/service/file_storage.go:74.2,74.21 1 0
github.com/sparkle/gateway/internal/service/file_storage.go:77.46,79.2 1 0
github.com/sparkle/gateway/internal/service/file_storage.go:81.52,83.2 1 0
github.com/sparkle/gateway/internal/service/file_storage.go:85.57,87.2 1 0
github.com/sparkle/gateway/internal/service/file_storage.go:95.38,96.17 1 0
github.com/sparkle/gateway/internal/service/file_storage.go:96.17,98.3 1 0
github.com/sparkle/gateway/internal/service/file_storage.go:99.2,99.23 1 0
github.com/sparkle/gateway/internal/service/file_storage.go:99.23,101.3 1 0
github.com/sparkle/gateway/internal/service/file_storage.go:102.2,102.31 1 0
github.com/sparkle/gateway/internal/service/file_storage.go:102.31,104.3 1 0
github.com/sparkle/gateway/internal/service/file_storage.go:106.2,111.23 6 0
github.com/sparkle/gateway/internal/service/file_storage.go:111.23,113.3 1 0
github.com/sparkle/gateway/internal/service/file_storage.go:115.2,116.16 2 0
github.com/sparkle/gateway/internal/service/file_storage.go:116.16,118.3 1 0
github.com/sparkle/gateway/internal/service/file_storage.go:119.2,119.50 1 0
github.com/sparkle/gateway/internal/service/file_storage.go:122.96,124.16 2 0
github.com/sparkle/gateway/internal/service/file_storage.go:124.16,126.3 1 0
github.com/sparkle/gateway/internal/service/file_storage.go:127.2,127.40 1 0
github.com/sparkle/gateway/internal/service/file_storage.go:130.96,132.16 2 0
github.com/sparkle/gateway/internal/service/file_storage.go:132.16,134.3 1 0
github.com/sparkle/gateway/internal/service/file_storage.go:135.2,135.40 1 0
github.com/sparkle/gateway/internal/service/file_storage.go:138.103,139.18 1 0
github.com/sparkle/gateway/internal/service/file_storage.go:139.18,141.3 1 0
github.com/sparkle/gateway/internal/service/file_storage.go:142.2,144.16 3 0
github.com/sparkle/gateway/internal/service/file_storage.go:144.16,146.3 1 0
github.com/sparkle/gateway/internal/service/file_storage.go:148.2,149.55 2 0
github.com/sparkle/gateway/internal/service/file_storage.go:149.55,151.3 1 0
github.com/sparkle/gateway/internal/service/file_storage.go:152.2,152.12 1 0
github.com/sparkle/gateway/internal/service/file_storage.go:155.71,157.15 2 0
github.com/sparkle/gateway/internal/service/file_storage.go:157.15,159.3 1 0
github.com/sparkle/gateway/internal/service/file_storage.go:160.2,160.35 1 0
github.com/sparkle/gateway/internal/service/file_storage.go:160.35,162.13 2 0
github.com/sparkle/gateway/internal/service/file_storage.go:162.13,164.4 1 0
github.com/sparkle/gateway/internal/service/file_storage.go:165.3,165.29 1 0
github.com/sparkle/gateway/internal/service/file_storage.go:167.2,167.23 1 0
github.com/sparkle/gateway/internal/service/file_storage.go:170.74,171.45 1 0
github.com/sparkle/gateway/internal/service/file_storage.go:171.45,172.20 1 0
github.com/sparkle/gateway/internal/service/file_storage.go:172.20,174.4 1 0
github.com/sparkle/gateway/internal/service/file_storage.go:175.3,175.25 1 0
github.com/sparkle/gateway/internal/service/file_storage.go:178.2,181.27 4 0
github.com/sparkle/gateway/internal/service/galaxy_command.go:67.72,73.2 1 0
github.com/sparkle/gateway/internal/service/galaxy_command.go:76.114,77.20 1 0
github.com/sparkle/gateway/internal/service/galaxy_command.go:77.20,79.3 1 0
github.com/sparkle/gateway/internal/service/galaxy_command.go:81.2,82.16 2 0
github.com/sparkle/gateway/internal/service/galaxy_command.go:82.16,84.3 1 0
github.com/sparkle/gateway/internal/service/galaxy_command.go:86.2,88.92 2 0
github.com/sparkle/gateway/internal/service/galaxy_command.go:88.92,91.27 2 0
github.com/sparkle/gateway/internal/service/galaxy_command.go:91.27,93.4 1 0
github.com/sparkle/gateway/internal/service/galaxy_command.go:95.3,96.26 2 0
github.com/sparkle/gateway/internal/service/galaxy_command.go:96.26,98.4 1 0
github.com/sparkle/gateway/internal/service/galaxy_command.go:100.3,101.30 2 0
github.com/sparkle/gateway/internal/service/galaxy_command.go:101.30,103.4 1 0
github.com/sparkle/gateway/internal/service/galaxy_command.go:106.3,148.17 4 0
github.com/sparkle/gateway/internal/service/galaxy_command.go:148.17,150.4 1 0
github.com/sparkle/gateway/internal/service/galaxy_command.go:153.3,170.68 2 0
github.com/sparkle/gateway/internal/service/galaxy_command.go:170.68,172.4 1 0
github.com/sparkle/gateway/internal/service/galaxy_command.go:174.3,174.13 1 0
github.com/sparkle/gateway/internal/service/galaxy_command.go:177.2,177.16 1 0
github.com/sparkle/gateway/internal/service/galaxy_command.go:177.16,179.3 1 0
github.com/sparkle/gateway/internal/service/galaxy_command.go:181.2,181.19 1 0
github.com/sparkle/gateway/internal/service/galaxy_command.go:185.93,186.93 1 0
github.com/sparkle/gateway/internal/service/galaxy_command.go:186.93,205.17 2 0
github.com/sparkle/gateway/internal/service/galaxy_command.go:205.17,207.4 1 0
github.com/sparkle/gateway/internal/service/galaxy_command.go:210.3,224.68 2 0
github.com/sparkle/gateway/internal/service/galaxy_command.go:224.68,226.4 1 0
github.com/sparkle/gateway/internal/service/galaxy_command.go:228.3,228.13 1 0
github.com/sparkle/gateway/internal/service/galaxy_command.go:233.99,234.93 1 0
github.com/sparkle/gateway/internal/service/galaxy_command.go:234.93,252.17 2 0
github.com/sparkle/gateway/internal/service/galaxy_command.go:252.17,254.4 1 0
github.com/sparkle/gateway/internal/service/galaxy_command.go:256.3,256.33 1 0
github.com/sparkle/gateway/internal/service/galaxy_command.go:256.33,258.4 1 0
github.com/sparkle/gateway/internal/service/galaxy_command.go:261.3,278.68 2 0
github.com/sparkle/gateway/internal/service/galaxy_command.go:278.68,280.4 1 0
github.com/sparkle/gateway/internal/service/galaxy_command.go:282.3,282.13 1 0
github.com/sparkle/gateway/internal/service/galaxy_command.go:287.101,288.93 1 0
github.com/sparkle/gateway/internal/service/galaxy_command.go:288.93,306.17 3 0
github.com/sparkle/gateway/internal/service/galaxy_command.go:306.17,308.4 1 0
github.com/sparkle/gateway/internal/service/galaxy_command.go:311.3,329.68 2 0
github.com/sparkle/gateway/internal/service/galaxy_command.go:329.68,331.4 1 0
github.com/sparkle/gateway/internal/service/galaxy_command.go:333.3,333.13 1 0
github.com/sparkle/gateway/internal/service/galaxy_command.go:338.138,339.93 1 0
github.com/sparkle/gateway/internal/service/galaxy_command.go:339.93,357.17 3 0
github.com/sparkle/gateway/internal/service/galaxy_command.go:357.17,359.4 1 0
github.com/sparkle/gateway/internal/service/galaxy_command.go:362.3,381.17 3 0
github.com/sparkle/gateway/internal/service/galaxy_command.go:381.17,383.4 1 0
github.com/sparkle/gateway/internal/service/galaxy_command.go:386.3,404.68 2 0
github.com/sparkle/gateway/internal/service/galaxy_command.go:404.68,406.4 1 0
github.com/sparkle/gateway/internal/service/galaxy_command.go:408.3,408.13 1 0
github.com/sparkle/gateway/internal/service/galaxy_command.go:413.96,414.93 1 0
github.com/sparkle/gateway/internal/service/galaxy_command.go:414.93,427.17 2 0
github.com/sparkle/gateway/internal/service/galaxy_command.go:427.17,429.4 1 0
github.com/sparkle/gateway/internal/service/galaxy_command.go:431.3,431.33 1 0
github.com/sparkle/gateway/internal/service/galaxy_command.go:431.33,433.4 1 0
github.com/sparkle/gateway/internal/service/galaxy_command.go:436.3,450.68 2 0
github.com/sparkle/gateway/internal/service/galaxy_command.go:450.68,452.4 1 0
github.com/sparkle/gateway/internal/service/galaxy_command.go:454.3,454.13 1 0
github.com/sparkle/gateway/internal/service/message_dedup.go:20.69,26.2 1 1
github.com/sparkle/gateway/internal/service/message_dedup.go:29.95,35.2 1 1
github.com/sparkle/gateway/internal/service/message_dedup.go:49.115,56.16 3 1
github.com/sparkle/gateway/internal/service/message_dedup.go:56.16,58.3 1 1
github.com/sparkle/gateway/internal/service/message_dedup.go:61.2,61.17 1 1
github.com/sparkle/gateway/internal/service/message_dedup.go:66.98,69.2 2 1
github.com/sparkle/gateway/internal/service/message_dedup.go:73.104,76.16 3 1
github.com/sparkle/gateway/internal/service/message_dedup.go:76.16,78.3 1 1
github.com/sparkle/gateway/internal/service/message_dedup.go:79.2,79.24 1 1
github.com/sparkle/gateway/internal/service/message_dedup.go:84.90,87.2 2 1
github.com/sparkle/gateway/internal/service/message_dedup.go:91.89,94.21 3 1
github.com/sparkle/gateway/internal/service/message_dedup.go:94.21,95.58 1 1
github.com/sparkle/gateway/internal/service/message_dedup.go:95.58,97.4 1 0
github.com/sparkle/gateway/internal/service/message_dedup.go:99.2,99.19 1 1
github.com/sparkle/gateway/internal/service/quota.go:19.55,21.2 1 1
github.com/sparkle/gateway/internal/service/quota.go:23.82,31.16 3 1
github.com/sparkle/gateway/internal/service/quota.go:31.16,33.3 1 0
github.com/sparkle/gateway/internal/service/quota.go:34.2,34.13 1 1
github.com/sparkle/gateway/internal/service/quota.go:34.13,36.3 1 1
github.com/sparkle/gateway/internal/service/quota.go:37.2,37.17 1 1
github.com/sparkle/gateway/internal/service/quota.go:40.117,41.21 1 1
github.com/sparkle/gateway/internal/service/quota.go:41.21,43.3 1 1
github.com/sparkle/gateway/internal/service/quota.go:45.2,54.16 3 1
github.com/sparkle/gateway/internal/service/quota.go:54.16,56.3 1 0
github.com/sparkle/gateway/internal/service/quota.go:58.2,58.21 1 1
github.com/sparkle/gateway/internal/service/quota.go:58.21,60.3 1 0
github.com/sparkle/gateway/internal/service/quota.go:62.2,63.9 2 1
github.com/sparkle/gateway/internal/service/quota.go:63.9,65.3 1 0
github.com/sparkle/gateway/internal/service/quota.go:67.2,68.9 2 1
github.com/sparkle/gateway/internal/service/quota.go:68.9,70.3 1 0
github.com/sparkle/gateway/internal/service/quota.go:72.2,72.18 1 1
github.com/sparkle/gateway/internal/service/quota.go:72.18,74.3 1 1
github.com/sparkle/gateway/internal/service/quota.go:76.2,76.23 1 1
github.com/sparkle/gateway/internal/service/quota.go:79.120,80.21 1 1
github.com/sparkle/gateway/internal/service/quota.go:80.21,82.3 1 1
github.com/sparkle/gateway/internal/service/quota.go:84.2,93.16 3 1
github.com/sparkle/gateway/internal/service/quota.go:93.16,95.3 1 0
github.com/sparkle/gateway/internal/service/quota.go:96.2,96.21 1 1
github.com/sparkle/gateway/internal/service/quota.go:96.21,98.3 1 0
github.com/sparkle/gateway/internal/service/quota.go:100.2,101.9 2 1
github.com/sparkle/gateway/internal/service/quota.go:101.9,103.3 1 0
github.com/sparkle/gateway/internal/service/quota.go:104.2,104.23 1 1
github.com/sparkle/gateway/internal/service/quota.go:107.132,108.21 1 1
github.com/sparkle/gateway/internal/service/quota.go:108.21,110.3 1 1
github.com/sparkle/gateway/internal/service/quota.go:112.2,125.16 5 1
github.com/sparkle/gateway/internal/service/quota.go:125.16,127.3 1 0
github.com/sparkle/gateway/internal/service/quota.go:129.2,129.22 1 1
github.com/sparkle/gateway/internal/service/quota.go:132.147,133.52 1 1
github.com/sparkle/gateway/internal/service/quota.go:133.52,135.3 1 1
github.com/sparkle/gateway/internal/service/quota.go:137.2,153.16 6 1
github.com/sparkle/gateway/internal/service/quota.go:153.16,155.3 1 0
github.com/sparkle/gateway/internal/service/quota.go:157.2,157.22 1 1
github.com/sparkle/gateway/internal/service/quota.go:160.86,163.22 3 1
github.com/sparkle/gateway/internal/service/quota.go:163.22,165.3 1 1
github.com/sparkle/gateway/internal/service/quota.go:166.2,166.17 1 1
github.com/sparkle/gateway/internal/service/semantic_cache.go:20.71,22.2 1 1
github.com/sparkle/gateway/internal/service/semantic_cache.go:26.66,30.2 3 1
github.com/sparkle/gateway/internal/service/semantic_cache.go:32.71,34.17 2 0
github.com/sparkle/gateway/internal/service/semantic_cache.go:34.17,36.3 1 0
github.com/sparkle/gateway/internal/service/semantic_cache.go:37.2,40.14 4 0
github.com/sparkle/gateway/internal/service/semantic_cache.go:44.102,47.22 3 0
github.com/sparkle/gateway/internal/service/semantic_cache.go:47.22,50.29 3 0
github.com/sparkle/gateway/internal/service/semantic_cache.go:50.29,52.4 1 0
github.com/sparkle/gateway/internal/service/semantic_cache.go:53.3,53.23 1 0
github.com/sparkle/gateway/internal/service/semantic_cache.go:53.23,55.4 1 0
github.com/sparkle/gateway/internal/service/semantic_cache.go:56.3,56.24 1 0
github.com/sparkle/gateway/internal/service/semantic_cache.go:58.2,58.16 1 0
github.com/sparkle/gateway/internal/service/semantic_cache.go:58.16,60.3 1 0
github.com/sparkle/gateway/internal/service/semantic_cache.go:61.2,61.17 1 0
github.com/sparkle/gateway/internal/service/semantic_cache.go:65.99,68.2 2 0
github.com/sparkle/gateway/internal/service/semantic_cache.go:71.120,76.27 2 1
github.com/sparkle/gateway/internal/service/semantic_cache.go:76.27,79.3 2 1
github.com/sparkle/gateway/internal/service/semantic_cache.go:83.2,94.16 3 1
github.com/sparkle/gateway/internal/service/semantic_cache.go:94.16,96.3 1 1
github.com/sparkle/gateway/internal/service/semantic_cache.go:102.2,103.29 2 0
github.com/sparkle/gateway/internal/service/semantic_cache.go:103.29,105.3 1 0
github.com/sparkle/gateway/internal/service/semantic_cache.go:107.2,108.16 2 0
github.com/sparkle/gateway/internal/service/semantic_cache.go:108.16,110.3 1 0
github.com/sparkle/gateway/internal/service/semantic_cache.go:120.2,120.22 1 0
github.com/sparkle/gateway/internal/service/semantic_cache.go:120.22,122.9 2 0
github.com/sparkle/gateway/internal/service/semantic_cache.go:122.9,123.40 1 0
github.com/sparkle/gateway/internal/service/semantic_cache.go:123.40,125.25 2 0
github.com/sparkle/gateway/internal/service/semantic_cache.go:125.25,128.6 2 0
github.com/sparkle/gateway/internal/service/semantic_cache.go:133.2,133.16 1 0
github.com/sparkle/gateway/internal/service/signal_hub.go:17.32,21.2 1 1
github.com/sparkle/gateway/internal/service/signal_hub.go:23.67,27.34 3 1
github.com/sparkle/gateway/internal/service/signal_hub.go:27.34,29.3 1 1
github.com/sparkle/gateway/internal/service/signal_hub.go:30.2,30.42 1 1
github.com/sparkle/gateway/internal/service/signal_hub.go:33.69,38.22 4 1
github.com/sparkle/gateway/internal/service/signal_hub.go:38.22,40.3 1 0
github.com/sparkle/gateway/internal/service/signal_hub.go:41.2,42.25 2 1
github.com/sparkle/gateway/internal/service/signal_hub.go:42.25,44.3 1 1
github.com/sparkle/gateway/internal/service/signal_hub.go:47.62,51.30 4 1
github.com/sparkle/gateway/internal/service/signal_hub.go:51.30,53.3 1 1
github.com/sparkle/gateway/internal/service/signal_hub.go:54.2,56.29 2 1
github.com/sparkle/gateway/internal/service/signal_hub.go:56.29,57.49 1 1
github.com/sparkle/gateway/internal/service/signal_hub.go:57.49,60.4 2 1
github.com/sparkle/gateway/internal/service/task_command.go:55.68,61.2 1 0
github.com/sparkle/gateway/internal/service/task_command.go:64.103,65.21 1 0
github.com/sparkle/gateway/internal/service/task_command.go:65.21,67.3 1 0
github.com/sparkle/gateway/internal/service/task_command.go:69.2,70.16 2 0
github.com/sparkle/gateway/internal/service/task_command.go:70.16,72.3 1 0
github.com/sparkle/gateway/internal/service/task_command.go:74.2,76.92 2 0
github.com/sparkle/gateway/internal/service/task_command.go:76.92,79.24 2 0
github.com/sparkle/gateway/internal/service/task_command.go:79.24,81.4 1 0
github.com/sparkle/gateway/internal/service/task_command.go:83.3,84.29 2 0
github.com/sparkle/gateway/internal/service/task_command.go:84.29,86.4 1 0
github.com/sparkle/gateway/internal/service/task_command.go:88.3,89.25 2 0
github.com/sparkle/gateway/internal/service/task_command.go:89.25,91.4 1 0
github.com/sparkle/gateway/internal/service/task_command.go:93.3,94.33 2 0
github.com/sparkle/gateway/internal/service/task_command.go:94.33,96.4 1 0
github.com/sparkle/gateway/internal/service/task_command.go:99.3,155.17 3 0
github.com/sparkle/gateway/internal/service/task_command.go:155.17,157.4 1 0
github.com/sparkle/gateway/internal/service/task_command.go:160.3,179.68 3 0
github.com/sparkle/gateway/internal/service/task_command.go:179.68,181.4 1 0
github.com/sparkle/gateway/internal/service/task_command.go:183.3,183.13 1 0
github.com/sparkle/gateway/internal/service/task_command.go:186.2,186.16 1 0
github.com/sparkle/gateway/internal/service/task_command.go:186.16,188.3 1 0
github.com/sparkle/gateway/internal/service/task_command.go:190.2,190.19 1 0
github.com/sparkle/gateway/internal/service/task_command.go:194.93,195.93 1 0
github.com/sparkle/gateway/internal/service/task_command.go:195.93,202.17 2 0
github.com/sparkle/gateway/internal/service/task_command.go:202.17,204.4 1 0
github.com/sparkle/gateway/internal/service/task_command.go:206.3,206.33 1 0
github.com/sparkle/gateway/internal/service/task_command.go:206.33,208.4 1 0
github.com/sparkle/gateway/internal/service/task_command.go:210.3,224.68 2 0
github.com/sparkle/gateway/internal/service/task_command.go:224.68,226.4 1 0
github.com/sparkle/gateway/internal/service/task_command.go:228.3,228.13 1 0
github.com/sparkle/gateway/internal/service/task_command.go:233.134,234.93 1 0
github.com/sparkle/gateway/internal/service/task_command.go:234.93,247.17 2 0
github.com/sparkle/gateway/internal/service/task_command.go:247.17,249.4 1 0
github.com/sparkle/gateway/internal/service/task_command.go:251.3,251.33 1 0
github.com/sparkle/gateway/internal/service/task_command.go:251.33,253.4 1 0
github.com/sparkle/gateway/internal/service/task_command.go:255.3,270.68 2 0
github.com/sparkle/gateway/internal/service/task_command.go:270.68,272.4 1 0
github.com/sparkle/gateway/internal/service/task_command.go:274.3,274.13 1 0
github.com/sparkle/gateway/internal/service/task_command.go:279.110,280.93 1 0
github.com/sparkle/gateway/internal/service/task_command.go:280.93,292.17 2 0
github.com/sparkle/gateway/internal/service/task_command.go:292.17,294.4 1 0
github.com/sparkle/gateway/internal/service/task_command.go:296.3,296.33 1 0
github.com/sparkle/gateway/internal/service/task_command.go:296.33,298.4 1 0
github.com/sparkle/gateway/internal/service/task_command.go:300.3,315.68 2 0
github.com/sparkle/gateway/internal/service/task_command.go:315.68,317.4 1 0
github.com/sparkle/gateway/internal/service/task_command.go:319.3,319.13 1 0
github.com/sparkle/gateway/internal/service/task_command.go:324.94,325.93 1 0
github.com/sparkle/gateway/internal/service/task_command.go:325.93,332.17 2 0
github.com/sparkle/gateway/internal/service/task_command.go:332.17,334.4 1 0
github.com/sparkle/gateway/internal/service/task_command.go:336.3,336.33 1 0
github.com/sparkle/gateway/internal/service/task_command.go:336.33,338.4 1 0
github.com/sparkle/gateway/internal/service/task_command.go:340.3,354.68 2 0
github.com/sparkle/gateway/internal/service/task_command.go:354.68,356.4 1 0
github.com/sparkle/gateway/internal/service/task_command.go:358.3,358.13 1 0
github.com/sparkle/gateway/internal/service/task_command.go:363.91,364.93 1 0
github.com/sparkle/gateway/internal/service/task_command.go:364.93,367.23 2 0
github.com/sparkle/gateway/internal/service/task_command.go:367.23,369.4 1 0
github.com/sparkle/gateway/internal/service/task_command.go:370.3,370.34 1 0
github.com/sparkle/gateway/internal/service/task_command.go:370.34,372.4 1 0
github.com/sparkle/gateway/internal/service/task_command.go:373.3,373.28 1 0
github.com/sparkle/gateway/internal/service/task_command.go:373.28,375.4 1 0
github.com/sparkle/gateway/internal/service/task_command.go:376.3,376.26 1 0
github.com/sparkle/gateway/internal/service/task_command.go:376.26,378.4 1 0
github.com/sparkle/gateway/internal/service/task_command.go:379.3,379.30 1 0
github.com/sparkle/gateway/internal/service/task_command.go:379.30,381.4 1 0
github.com/sparkle/gateway/internal/service/task_command.go:382.3,382.25 1 0
github.com/sparkle/gateway/internal/service/task_command.go:382.25,384.4 1 0
github.com/sparkle/gateway/internal/service/task_command.go:386.3,386.24 1 0
github.com/sparkle/gateway/internal/service/task_command.go:386.24,388.4 1 0
github.com/sparkle/gateway/internal/service/task_command.go:391.3,412.17 2 0
github.com/sparkle/gateway/internal/service/task_command.go:412.17,414.4 1 0
github.com/sparkle/gateway/internal/service/task_command.go:416.3,416.33 1 0
github.com/sparkle/gateway/internal/service/task_command.go:416.33,418.4 1 0
github.com/sparkle/gateway/internal/service/task_command.go:420.3,435.68 2 0
github.com/sparkle/gateway/internal/service/task_command.go:435.68,437.4 1 0
github.com/sparkle/gateway/internal/service/task_command.go:439.3,439.13 1 0
github.com/sparkle/gateway/internal/service/task_command.go:444.118,445.93 1 0
github.com/sparkle/gateway/internal/service/task_command.go:445.93,455.17 2 0
github.com/sparkle/gateway/internal/service/task_command.go:455.17,457.4 1 0
github.com/sparkle/gateway/internal/service/task_command.go:459.3,460.24 2 0
github.com/sparkle/gateway/internal/service/task_command.go:460.24,463.4 1 0
github.com/sparkle/gateway/internal/service/task_command.go:466.3,481.68 2 0
github.com/sparkle/gateway/internal/service/task_command.go:481.68,483.4 1 0
github.com/sparkle/gateway/internal/service/task_command.go:485.3,485.13 1 0
github.com/sparkle/gateway/internal/service/task_command.go:490.41,491.14 1 0
github.com/sparkle/gateway/internal/service/task_command.go:491.14,493.3 1 0
github.com/sparkle/gateway/internal/service/task_command.go:494.2,494.45 1 0
github.com/sparkle/gateway/internal/service/task_command.go:497.39,498.14 1 0
github.com/sparkle/gateway/internal/service/task_command.go:498.14,500.3 1 0
github.com/sparkle/gateway/internal/service/task_command.go:501.2,501.44 1 0
github.com/sparkle/gateway/internal/service/task_command.go:504.42,505.14 1 0
github.com/sparkle/gateway/internal/service/task_command.go:505.14,507.3 1 0
github.com/sparkle/gateway/internal/service/task_command.go:508.2,508.43 1 0
github.com/sparkle/gateway/internal/service/user_context.go:85.68,90.2 1 0
github.com/sparkle/gateway/internal/service/user_context.go:94.130,96.16 2 0
github.com/sparkle/gateway/internal/service/user_context.go:96.16,98.3 1 0
github.com/sparkle/gateway/internal/service/user_context.go:100.2,101.78 2 0
github.com/sparkle/gateway/internal/service/user_context.go:101.78,103.3 1 0
github.com/sparkle/gateway/internal/service/user_context.go:103.8,103.28 1 0
github.com/sparkle/gateway/internal/service/user_context.go:103.28,105.3 1 0
github.com/sparkle/gateway/internal/service/user_context.go:107.2,108.72 2 0
github.com/sparkle/gateway/internal/service/user_context.go:108.72,110.3 1 0
github.com/sparkle/gateway/internal/service/user_context.go:112.2,113.72 2 0
github.com/sparkle/gateway/internal/service/user_context.go:113.72,115.3 1 0
github.com/sparkle/gateway/internal/service/user_context.go:115.8,115.70 1 0
github.com/sparkle/gateway/internal/service/user_context.go:115.70,117.3 1 0
github.com/sparkle/gateway/internal/service/user_context.go:119.2,120.55 2 0
github.com/sparkle/gateway/internal/service/user_context.go:120.55,122.3 1 0
github.com/sparkle/gateway/internal/service/user_context.go:124.2,132.26 2 0
github.com/sparkle/gateway/internal/service/user_context.go:132.26,134.3 1 0
github.com/sparkle/gateway/internal/service/user_context.go:136.2,136.21 1 0
github.com/sparkle/gateway/internal/service/user_context.go:140.121,141.16 1 0
github.com/sparkle/gateway/internal/service/user_context.go:141.16,143.3 1 0
github.com/sparkle/gateway/internal/service/user_context.go:146.2,153.16 2 0
github.com/sparkle/gateway/internal/service/user_context.go:153.16,156.3 2 0
github.com/sparkle/gateway/internal/service/user_context.go:157.2,160.18 3 0
github.com/sparkle/gateway/internal/service/user_context.go:160.18,162.125 2 0
github.com/sparkle/gateway/internal/service/user_context.go:162.125,164.12 2 0
github.com/sparkle/gateway/internal/service/user_context.go:166.3,166.30 1 0
github.com/sparkle/gateway/internal/service/user_context.go:169.2,169.19 1 0
github.com/sparkle/gateway/internal/service/user_context.go:172.122,179.16 3 0
github.com/sparkle/gateway/internal/service/user_context.go:179.16,180.27 1 0
github.com/sparkle/gateway/internal/service/user_context.go:180.27,182.4 1 0
github.com/sparkle/gateway/internal/service/user_context.go:183.3,183.18 1 0
github.com/sparkle/gateway/internal/service/user_context.go:185.2,185.29 1 0
github.com/sparkle/gateway/internal/service/user_context.go:185.29,187.3 1 0
github.com/sparkle/gateway/internal/service/user_context.go:189.2,190.65 2 0
github.com/sparkle/gateway/internal/service/user_context.go:190.65,192.3 1 0
github.com/sparkle/gateway/internal/service/user_context.go:193.2,193.22 1 0
github.com/sparkle/gateway/internal/service/user_context.go:196.92,205.40 2 0
github.com/sparkle/gateway/internal/service/user_context.go:205.40,206.62 1 0
github.com/sparkle/gateway/internal/service/user_context.go:206.62,208.4 1 0
github.com/sparkle/gateway/internal/service/user_context.go:211.2,211.20 1 0
github.com/sparkle/gateway/internal/service/user_context.go:214.59,215.31 1 0
github.com/sparkle/gateway/internal/service/user_context.go:216.11,217.19 1 0
github.com/sparkle/gateway/internal/service/user_context.go:218.14,219.18 1 0
github.com/sparkle/gateway/internal/service/user_context.go:219.18,221.4 1 0
github.com/sparkle/gateway/internal/service/user_context.go:222.3,222.21 1 0
github.com/sparkle/gateway/internal/service/user_context.go:223.12,224.12 1 0
github.com/sparkle/gateway/internal/service/user_context.go:224.12,226.4 1 0
github.com/sparkle/gateway/internal/service/user_context.go:227.3,227.23 1 0
github.com/sparkle/gateway/internal/service/user_context.go:228.15,229.42 1 0
github.com/sparkle/gateway/internal/service/user_context.go:230.15,231.42 1 0
github.com/sparkle/gateway/internal/service/user_context.go:232.11,233.40 1 0
github.com/sparkle/gateway/internal/service/user_context.go:234.13,235.40 1 0
github.com/sparkle/gateway/internal/service/user_context.go:236.13,237.40 1 0
github.com/sparkle/gateway/internal/service/user_context.go:238.16,240.17 2 0
github.com/sparkle/gateway/internal/service/user_context.go:240.17,242.4 1 0
github.com/sparkle/gateway/internal/service/user_context.go:243.3,243.27 1 0
github.com/sparkle/gateway/internal/service/user_context.go:244.10,246.17 2 0
github.com/sparkle/gateway/internal/service/user_context.go:246.17,248.4 1 0
github.com/sparkle/gateway/internal/service/user_context.go:249.3,249.27 1 0
github.com/sparkle/gateway/internal/service/user_context.go:254.120,255.16 1 0
github.com/sparkle/gateway/internal/service/user_context.go:255.16,257.3 1 0
github.com/sparkle/gateway/internal/service/user_context.go:259.2,266.16 2 0
github.com/sparkle/gateway/internal/service/user_context.go:266.16,269.3 2 0
github.com/sparkle/gateway/internal/service/user_context.go:270.2,273.18 3 0
github.com/sparkle/gateway/internal/service/user_context.go:273.18,275.104 2 0
github.com/sparkle/gateway/internal/service/user_context.go:275.104,277.12 2 0
github.com/sparkle/gateway/internal/service/user_context.go:279.3,279.30 1 0
github.com/sparkle/gateway/internal/service/user_context.go:282.2,282.19 1 0
github.com/sparkle/gateway/internal/service/user_context.go:286.110,307.82 8 0
github.com/sparkle/gateway/internal/service/user_context.go:307.82,311.3 2 0
github.com/sparkle/gateway/internal/service/user_context.go:313.2,318.23 4 0
github.com/sparkle/gateway/internal/service/user_context.go:318.23,320.3 1 0
github.com/sparkle/gateway/internal/service/user_context.go:323.2,330.54 2 0
github.com/sparkle/gateway/internal/service/user_context.go:330.54,333.3 1 0
github.com/sparkle/gateway/internal/service/user_context.go:335.2,335.19 1 0
github.com/sparkle/gateway/internal/service/user_context.go:339.123,340.16 1 0
github.com/sparkle/gateway/internal/service/user_context.go:340.16,342.3 1 0
github.com/sparkle/gateway/internal/service/user_context.go:344.2,357.16 3 0
github.com/sparkle/gateway/internal/service/user_context.go:357.16,360.3 2 0
github.com/sparkle/gateway/internal/service/user_context.go:361.2,364.18 3 0
github.com/sparkle/gateway/internal/service/user_context.go:364.18,366.109 2 0
github.com/sparkle/gateway/internal/service/user_context.go:366.109,368.12 2 0
github.com/sparkle/gateway/internal/service/user_context.go:370.3,370.33 1 0
github.com/sparkle/gateway/internal/service/user_context.go:373.2,373.20 1 0
github.com/sparkle/gateway/internal/service/user_context.go:377.104,385.12 6 0
github.com/sparkle/gateway/internal/service/user_context.go:385.12,387.17 2 0
github.com/sparkle/gateway/internal/service/user_context.go:387.17,389.4 1 0
github.com/sparkle/gateway/internal/service/user_context.go:390.3,390.21 1 0
github.com/sparkle/gateway/internal/service/user_context.go:393.2,393.12 1 0
github.com/sparkle/gateway/internal/service/user_context.go:393.12,395.17 2 0
github.com/sparkle/gateway/internal/service/user_context.go:395.17,397.4 1 0
github.com/sparkle/gateway/internal/service/user_context.go:398.3,398.21 1 0
github.com/sparkle/gateway/internal/service/user_context.go:401.2,401.12 1 0
github.com/sparkle/gateway/internal/service/user_context.go:401.12,403.17 2 0
github.com/sparkle/gateway/internal/service/user_context.go:403.17,405.4 1 0
github.com/sparkle/gateway/internal/service/user_context.go:406.3,406.21 1 0
github.com/sparkle/gateway/internal/service/user_context.go:409.2,409.12 1 0
github.com/sparkle/gateway/internal/service/user_context.go:409.12,411.17 2 0
github.com/sparkle/gateway/internal/service/user_context.go:411.17,413.4 1 0
github.com/sparkle/gateway/internal/service/user_context.go:414.3,414.27 1 0
github.com/sparkle/gateway/internal/service/user_context.go:418.2,425.27 6 0
github.com/sparkle/gateway/internal/service/user_context.go:425.27,426.17 1 0
github.com/sparkle/gateway/internal/service/user_context.go:426.17,428.4 1 0
github.com/sparkle/gateway/internal/service/user_context.go:432.2,440.75 3 0
github.com/sparkle/gateway/internal/service/user_context.go:440.75,442.3 1 0
github.com/sparkle/gateway/internal/service/user_context.go:442.8,442.31 1 0
github.com/sparkle/gateway/internal/service/user_context.go:442.31,444.3 1 0
github.com/sparkle/gateway/internal/service/user_context.go:445.2,445.31 1 0
github.com/sparkle/gateway/internal/service/user_context.go:445.31,448.3 2 0
github.com/sparkle/gateway/internal/service/user_context.go:451.2,452.16 2 0
github.com/sparkle/gateway/internal/service/user_context.go:452.16,455.3 2 0
github.com/sparkle/gateway/internal/service/user_context.go:457.2,457.30 1 0
github.com/sparkle/gateway/internal/service/user_context.go:460.107,468.16 4 0
github.com/sparkle/gateway/internal/service/user_context.go:468.16,469.27 1 0
github.com/sparkle/gateway/internal/service/user_context.go:469.27,471.4 1 0
github.com/sparkle/gateway/internal/service/user_context.go:472.3,472.17 1 0
github.com/sparkle/gateway/internal/service/user_context.go:474.2,474.17 1 0
github.com/sparkle/gateway/internal/service/user_context.go:474.17,476.3 1 0
github.com/sparkle/gateway/internal/service/user_context.go:477.2,477.25 1 0
github.com/sparkle/gateway/internal/service/user_context.go:477.25,479.3 1 0
github.com/sparkle/gateway/internal/service/user_context.go:480.2,480.16 1 0
github.com/sparkle/gateway/internal/service/user_context.go:483.163,491.2 2 0
github.com/sparkle/gateway/internal/service/user_context.go:493.51,495.26 2 0
github.com/sparkle/gateway/internal/service/user_context.go:495.26,504.3 1 0
github.com/sparkle/gateway/internal/service/user_context.go:505.2,505.14 1 0
github.com/sparkle/gateway/internal/service/user_context.go:508.51,510.26 2 0
github.com/sparkle/gateway/internal/service/user_context.go:510.26,518.3 1 0
github.com/sparkle/gateway/internal/service/user_context.go:519.2,519.14 1 0
github.com/sparkle/gateway/internal/service/user_context.go:522.56,533.2 2 0
github.com/sparkle/gateway/internal/service/user_context.go:535.60,537.29 2 0
github.com/sparkle/gateway/internal/service/user_context.go:537.29,544.3 1 0
github.com/sparkle/gateway/internal/service/user_context.go:545.2,545.14 1 0
github.com/sparkle/gateway/internal/service/user_context.go:548.40,549.15 1 0
github.com/sparkle/gateway/internal/service/user_context.go:549.15,551.3 1 0
github.com/sparkle/gateway/internal/service/user_context.go:552.2,552.23 1 0
github.com/sparkle/gateway/internal/service/user_context.go:555.38,558.29 3 0
github.com/sparkle/gateway/internal/service/user_context.go:558.29,561.3 2 0
github.com/sparkle/gateway/internal/service/user_context.go:562.2,563.43 2 0
github.com/sparkle/gateway/internal/service/user_preferences_service.go:30.97,36.2 1 0
github.com/sparkle/gateway/internal/service/user_preferences_service.go:43.9,44.23 1 0
github.com/sparkle/gateway/internal/service/user_preferences_service.go:44.23,46.3 1 0
github.com/sparkle/gateway/internal/service/user_preferences_service.go:48.2,49.16 2 0
github.com/sparkle/gateway/internal/service/user_preferences_service.go:49.16,51.3 1 0
github.com/sparkle/gateway/internal/service/user_preferences_service.go:53.2,54.92 2 0
github.com/sparkle/gateway/internal/service/user_preferences_service.go:54.92,64.17 2 0
github.com/sparkle/gateway/internal/service/user_preferences_service.go:64.17,66.4 1 0
github.com/sparkle/gateway/internal/service/user_preferences_service.go:68.3,69.28 2 0
github.com/sparkle/gateway/internal/service/user_preferences_service.go:69.28,71.4 1 0
github.com/sparkle/gateway/internal/service/user_preferences_service.go:73.3,82.17 3 0
github.com/sparkle/gateway/internal/service/user_preferences_service.go:82.17,84.4 1 0
github.com/sparkle/gateway/internal/service/user_preferences_service.go:86.3,94.44 2 0
github.com/sparkle/gateway/internal/service/user_preferences_service.go:96.2,96.16 1 0
github.com/sparkle/gateway/internal/service/user_preferences_service.go:96.16,98.3 1 0
github.com/sparkle/gateway/internal/service/user_preferences_service.go:100.2,102.12 2 0
github.com/sparkle/gateway/internal/service/user_preferences_service.go:105.89,106.20 1 0
github.com/sparkle/gateway/internal/service/user_preferences_service.go:106.20,108.3 1 0
github.com/sparkle/gateway/internal/service/user_preferences_service.go:110.2,118.27 2 0
github.com/sparkle/gateway/internal/handler/auth.go:27.119,33.2 1 0
github.com/sparkle/gateway/internal/handler/auth.go:40.50,42.47 2 1
github.com/sparkle/gateway/internal/handler/auth.go:42.47,45.3 2 1
github.com/sparkle/gateway/internal/handler/auth.go:47.2,47.29 1 1
github.com/sparkle/gateway/internal/handler/auth.go:47.29,50.3 2 1
github.com/sparkle/gateway/internal/handler/auth.go:53.2,54.16 2 0
github.com/sparkle/gateway/internal/handler/auth.go:54.16,57.3 2 0
github.com/sparkle/gateway/internal/handler/auth.go:60.2,64.16 4 0
github.com/sparkle/gateway/internal/handler/auth.go:64.16,66.25 1 0
github.com/sparkle/gateway/internal/handler/auth.go:66.25,68.18 2 0
github.com/sparkle/gateway/internal/handler/auth.go:68.18,70.5 1 0
github.com/sparkle/gateway/internal/handler/auth.go:74.3,74.17 1 0
github.com/sparkle/gateway/internal/handler/auth.go:74.17,77.19 3 0
github.com/sparkle/gateway/internal/handler/auth.go:77.19,79.5 1 0
github.com/sparkle/gateway/internal/handler/auth.go:81.4,96.18 6 0
github.com/sparkle/gateway/internal/handler/auth.go:96.18,99.5 2 0
github.com/sparkle/gateway/internal/handler/auth.go:103.2,103.58 1 0
github.com/sparkle/gateway/internal/handler/auth.go:103.58,108.17 2 0
github.com/sparkle/gateway/internal/handler/auth.go:108.17,111.4 2 0
github.com/sparkle/gateway/internal/handler/auth.go:115.2,115.68 1 0
github.com/sparkle/gateway/internal/handler/auth.go:115.68,117.3 1 0
github.com/sparkle/gateway/internal/handler/auth.go:120.2,122.16 3 0
github.com/sparkle/gateway/internal/handler/auth.go:122.16,125.3 2 0
github.com/sparkle/gateway/internal/handler/auth.go:126.2,127.16 2 0
github.com/sparkle/gateway/internal/handler/auth.go:127.16,130.3 2 0
github.com/sparkle/gateway/internal/handler/auth.go:133.2,149.16 6 0
github.com/sparkle/gateway/internal/handler/auth.go:149.16,153.3 1 0
github.com/sparkle/gateway/internal/handler/auth.go:155.2,170.4 1 0
github.com/sparkle/gateway/internal/handler/auth.go:173.50,177.2 3 1
github.com/sparkle/gateway/internal/handler/auth.go:179.95,184.24 3 1
github.com/sparkle/gateway/internal/handler/auth.go:184.24,186.3 1 1
github.com/sparkle/gateway/internal/handler/auth.go:188.2,196.27 2 1
github.com/sparkle/gateway/internal/handler/auth.go:196.27,198.3 1 1
github.com/sparkle/gateway/internal/handler/auth.go:199.2,199.29 1 1
github.com/sparkle/gateway/internal/handler/auth.go:199.29,201.3 1 1
github.com/sparkle/gateway/internal/handler/auth.go:203.2,204.52 2 1
github.com/sparkle/gateway/internal/handler/auth.go:207.104,212.21 3 1
github.com/sparkle/gateway/internal/handler/auth.go:212.21,214.3 1 1
github.com/sparkle/gateway/internal/handler/auth.go:216.2,225.27 3 1
github.com/sparkle/gateway/internal/handler/auth.go:225.27,227.3 1 1
github.com/sparkle/gateway/internal/handler/auth.go:228.2,228.29 1 1
github.com/sparkle/gateway/internal/handler/auth.go:228.29,230.3 1 1
github.com/sparkle/gateway/internal/handler/auth.go:232.2,234.16 3 1
github.com/sparkle/gateway/internal/handler/auth.go:234.16,236.3 1 0
github.com/sparkle/gateway/internal/handler/auth.go:237.2,237.25 1 1
github.com/sparkle/gateway/internal/handler/auth.go:240.59,243.2 2 1
github.com/sparkle/gateway/internal/handler/chaos.go:21.89,22.24 1 0
github.com/sparkle/gateway/internal/handler/chaos.go:22.24,24.3 1 0
github.com/sparkle/gateway/internal/handler/chaos.go:25.2,29.3 1 0
github.com/sparkle/gateway/internal/handler/chaos.go:32.53,38.47 2 0
github.com/sparkle/gateway/internal/handler/chaos.go:38.47,41.3 2 0
github.com/sparkle/gateway/internal/handler/chaos.go:43.2,43.35 1 0
github.com/sparkle/gateway/internal/handler/chaos.go:43.35,57.3 3 0
github.com/sparkle/gateway/internal/handler/chaos.go:57.8,59.3 1 0
github.com/sparkle/gateway/internal/handler/chaos.go:62.50,71.2 3 0
github.com/sparkle/gateway/internal/handler/chaos.go:73.55,82.47 2 0
github.com/sparkle/gateway/internal/handler/chaos.go:82.47,85.3 2 0
github.com/sparkle/gateway/internal/handler/chaos.go:87.2,87.24 1 0
github.com/sparkle/gateway/internal/handler/chaos.go:87.24,90.3 2 0
github.com/sparkle/gateway/internal/handler/chaos.go:92.2,93.17 2 0
github.com/sparkle/gateway/internal/handler/chaos.go:93.17,95.3 1 0
github.com/sparkle/gateway/internal/handler/chaos.go:96.2,97.21 2 0
github.com/sparkle/gateway/internal/handler/chaos.go:97.21,99.3 1 0
github.com/sparkle/gateway/internal/handler/chaos.go:100.2,101.18 2 0
github.com/sparkle/gateway/internal/handler/chaos.go:101.18,103.3 1 0
github.com/sparkle/gateway/internal/handler/chaos.go:105.2,115.59 2 0
github.com/sparkle/gateway/internal/handler/chaos.go:115.59,118.3 2 0
github.com/sparkle/gateway/internal/handler/chaos.go:120.2,120.88 1 0
github.com/sparkle/gateway/internal/handler/chaos.go:123.57,125.17 2 0
github.com/sparkle/gateway/internal/handler/chaos.go:125.17,127.3 1 0
github.com/sparkle/gateway/internal/handler/chaos.go:128.2,129.21 2 0
github.com/sparkle/gateway/internal/handler/chaos.go:129.21,131.3 1 0
github.com/sparkle/gateway/internal/handler/chaos.go:133.2,133.59 1 0
github.com/sparkle/gateway/internal/handler/chaos.go:133.59,136.3 2 0
github.com/sparkle/gateway/internal/handler/chaos.go:138.2,138.85 1 0
github.com/sparkle/gateway/internal/handler/chaos.go:141.106,143.16 2 0
github.com/sparkle/gateway/internal/handler/chaos.go:143.16,145.3 1 0
github.com/sparkle/gateway/internal/handler/chaos.go:147.2,148.16 2 0
github.com/sparkle/gateway/internal/handler/chaos.go:148.16,150.3 1 0
github.com/sparkle/gateway/internal/handler/chaos.go:151.2,154.16 3 0
github.com/sparkle/gateway/internal/handler/chaos.go:154.16,156.3 1 0
github.com/sparkle/gateway/internal/handler/chaos.go:157.2,159.28 2 0
github.com/sparkle/gateway/internal/handler/chaos.go:159.28,161.3 1 0
github.com/sparkle/gateway/internal/handler/chaos.go:162.2,162.12 1 0
github.com/sparkle/gateway/internal/handler/chaos.go:165.90,167.16 2 0
github.com/sparkle/gateway/internal/handler/chaos.go:167.16,169.3 1 0
github.com/sparkle/gateway/internal/handler/chaos.go:171.2,172.16 2 0
github.com/sparkle/gateway/internal/handler/chaos.go:172.16,174.3 1 0
github.com/sparkle/gateway/internal/handler/chaos.go:175.2,177.44 2 0
github.com/sparkle/gateway/internal/handler/chaos.go:177.44,179.3 1 0
github.com/sparkle/gateway/internal/handler/chaos.go:180.2,180.28 1 0
github.com/sparkle/gateway/internal/handler/chaos.go:180.28,182.3 1 0
github.com/sparkle/gateway/internal/handler/chaos.go:183.2,183.12 1 0
github.com/sparkle/gateway/internal/handler/chat_history.go:44.89,46.2 1 1
github.com/sparkle/gateway/internal/handler/chat_history.go:48.64,50.18 2 0
github.com/sparkle/gateway/internal/handler/chat_history.go:50.18,53.3 2 0
github.com/sparkle/gateway/internal/handler/chat_history.go:55.2,57.16 3 0
github.com/sparkle/gateway/internal/handler/chat_history.go:57.16,60.3 2 0
github.com/sparkle/gateway/internal/handler/chat_history.go:62.2,62.33 1 0
github.com/sparkle/gateway/internal/handler/chat_history.go:65.69,67.18 2 1
github.com/sparkle/gateway/internal/handler/chat_history.go:67.18,70.3 2 0
github.com/sparkle/gateway/internal/handler/chat_history.go:72.2,77.16 5 1
github.com/sparkle/gateway/internal/handler/chat_history.go:77.16,78.56 1 0
github.com/sparkle/gateway/internal/handler/chat_history.go:78.56,81.4 2 0
github.com/sparkle/gateway/internal/handler/chat_history.go:82.3,83.9 2 0
github.com/sparkle/gateway/internal/handler/chat_history.go:86.2,87.31 2 1
github.com/sparkle/gateway/internal/handler/chat_history.go:87.31,89.69 2 1
github.com/sparkle/gateway/internal/handler/chat_history.go:89.69,91.4 1 1
github.com/sparkle/gateway/internal/handler/chat_history.go:93.3,94.18 2 1
github.com/sparkle/gateway/internal/handler/chat_history.go:94.18,96.4 1 0
github.com/sparkle/gateway/internal/handler/chat_history.go:97.3,117.5 1 1
github.com/sparkle/gateway/internal/handler/chat_history.go:119.2,119.31 1 1
github.com/sparkle/gateway/internal/handler/chat_history.go:122.72,124.18 2 1
github.com/sparkle/gateway/internal/handler/chat_history.go:124.18,127.3 2 0
github.com/sparkle/gateway/internal/handler/chat_history.go:128.2,129.21 2 1
github.com/sparkle/gateway/internal/handler/chat_history.go:129.21,132.3 2 0
github.com/sparkle/gateway/internal/handler/chat_history.go:134.2,135.51 2 1
github.com/sparkle/gateway/internal/handler/chat_history.go:135.51,138.3 2 0
github.com/sparkle/gateway/internal/handler/chat_history.go:139.2,139.39 1 1
github.com/sparkle/gateway/internal/handler/chat_history.go:139.39,142.3 2 0
github.com/sparkle/gateway/internal/handler/chat_history.go:144.2,145.35 2 1
github.com/sparkle/gateway/internal/handler/chat_history.go:145.35,147.3 1 1
github.com/sparkle/gateway/internal/handler/chat_history.go:147.8,147.144 1 0
github.com/sparkle/gateway/internal/handler/chat_history.go:147.144,149.3 1 0
github.com/sparkle/gateway/internal/handler/chat_history.go:149.8,149.23 1 0
github.com/sparkle/gateway/internal/handler/chat_history.go:149.23,150.56 1 0
github.com/sparkle/gateway/internal/handler/chat_history.go:150.56,153.4 2 0
github.com/sparkle/gateway/internal/handler/chat_history.go:154.3,155.9 2 0
github.com/sparkle/gateway/internal/handler/chat_history.go:158.2,167.16 2 1
github.com/sparkle/gateway/internal/handler/chat_history.go:167.16,168.56 1 0
github.com/sparkle/gateway/internal/handler/chat_history.go:168.56,171.4 2 0
github.com/sparkle/gateway/internal/handler/chat_history.go:172.3,173.9 2 0
github.com/sparkle/gateway/internal/handler/chat_history.go:176.2,176.33 1 1
github.com/sparkle/gateway/internal/handler/chat_orchestrator.go:39.26,41.3 1 1
github.com/sparkle/gateway/internal/handler/chat_orchestrator.go:97.29,115.2 17 1
github.com/sparkle/gateway/internal/handler/chat_orchestrator.go:119.26,121.3 1 0
github.com/sparkle/gateway/internal/handler/chat_orchestrator.go:151.378,171.2 1 1
github.com/sparkle/gateway/internal/handler/chat_orchestrator.go:173.60,176.24 2 1
github.com/sparkle/gateway/internal/handler/chat_orchestrator.go:176.24,178.3 1 1
github.com/sparkle/gateway/internal/handler/chat_orchestrator.go:178.8,179.26 1 0
github.com/sparkle/gateway/internal/handler/chat_orchestrator.go:179.26,183.4 3 0
github.com/sparkle/gateway/internal/handler/chat_orchestrator.go:185.3,186.107 2 0
github.com/sparkle/gateway/internal/handler/chat_orchestrator.go:188.2,188.71 1 1
github.com/sparkle/gateway/internal/handler/chat_orchestrator.go:188.71,190.3 1 0
github.com/sparkle/gateway/internal/handler/chat_orchestrator.go:192.2,193.16 2 1
github.com/sparkle/gateway/internal/handler/chat_orchestrator.go:193.16,196.3 2 0
github.com/sparkle/gateway/internal/handler/chat_orchestrator.go:199.2,203.18 5 1
github.com/sparkle/gateway/internal/handler/chat_orchestrator.go:203.18,204.34 1 1
github.com/sparkle/gateway/internal/handler/chat_orchestrator.go:204.34,206.4 1 0
github.com/sparkle/gateway/internal/handler/chat_orchestrator.go:207.3,207.38 1 1
github.com/sparkle/gateway/internal/handler/chat_orchestrator.go:207.38,209.4 1 0
github.com/sparkle/gateway/internal/handler/chat_orchestrator.go:210.3,210.35 1 1
github.com/sparkle/gateway/internal/handler/chat_orchestrator.go:210.35,212.4 1 0
github.com/sparkle/gateway/internal/handler/chat_orchestrator.go:213.3,213.37 1 1
github.com/sparkle/gateway/internal/handler/chat_orchestrator.go:213.37,215.4 1 0
github.com/sparkle/gateway/internal/handler/chat_orchestrator.go:217.2,217.32 1 1
github.com/sparkle/gateway/internal/handler/chat_orchestrator.go:217.32,219.3 1 0
github.com/sparkle/gateway/internal/handler/chat_orchestrator.go:220.2,221.15 2 1
github.com/sparkle/gateway/internal/handler/chat_orchestrator.go:221.15,224.3 2 1
github.com/sparkle/gateway/internal/handler/chat_orchestrator.go:226.2,227.41 2 1
github.com/sparkle/gateway/internal/handler/chat_orchestrator.go:227.41,229.3 1 0
github.com/sparkle/gateway/internal/handler/chat_orchestrator.go:232.2,234.12 3 1
github.com/sparkle/gateway/internal/handler/chat_orchestrator.go:234.12,236.7 2 1
github.com/sparkle/gateway/internal/handler/chat_orchestrator.go:236.7,237.11 1 1
github.com/sparkle/gateway/internal/handler/chat_orchestrator.go:238.24,239.75 1 0
github.com/sparkle/gateway/internal/handler/chat_orchestrator.go:239.75,241.6 1 0
github.com/sparkle/gateway/internal/handler/chat_orchestrator.go:242.20,243.11 1 1
github.com/sparkle/gateway/internal/handler/chat_orchestrator.go:247.2,255.12 6 1
github.com/sparkle/gateway/internal/handler/chat_orchestrator.go:255.12,256.10 1 1
github.com/sparkle/gateway/internal/handler/chat_orchestrator.go:257.22,263.20 3 0
github.com/sparkle/gateway/internal/handler/chat_orchestrator.go:264.19,265.10 1 1
github.com/sparkle/gateway/internal/handler/chat_orchestrator.go:270.2,271.18 2 1
github.com/sparkle/gateway/internal/handler/chat_orchestrator.go:271.18,276.3 4 0
github.com/sparkle/gateway/internal/handler/chat_orchestrator.go:277.2,282.63 4 1
github.com/sparkle/gateway/internal/handler/chat_orchestrator.go:282.63,284.3 1 0
github.com/sparkle/gateway/internal/handler/chat_orchestrator.go:285.2,286.22 2 1
github.com/sparkle/gateway/internal/handler/chat_orchestrator.go:286.22,288.3 1 1
github.com/sparkle/gateway/internal/handler/chat_orchestrator.go:289.2,290.49 2 1
github.com/sparkle/gateway/internal/handler/chat_orchestrator.go:290.49,294.3 3 0
github.com/sparkle/gateway/internal/handler/chat_orchestrator.go:295.2,300.18 5 1
github.com/sparkle/gateway/internal/handler/chat_orchestrator.go:300.18,304.3 3 1
github.com/sparkle/gateway/internal/handler/chat_orchestrator.go:305.2,305.19 1 1
github.com/sparkle/gateway/internal/handler/chat_orchestrator.go:305.19,307.3 1 0
github.com/sparkle/gateway/internal/handler/chat_orchestrator.go:308.2,308.18 1 1
github.com/sparkle/gateway/internal/handler/chat_orchestrator.go:308.18,310.3 1 1
github.com/sparkle/gateway/internal/handler/chat_orchestrator.go:311.2,311.19 1 1
github.com/sparkle/gateway/internal/handler/chat_orchestrator.go:311.19,313.3 1 1
github.com/sparkle/gateway/internal/handler/chat_orchestrator.go:314.2,319.6 3 1
github.com/sparkle/gateway/internal/handler/chat_orchestrator.go:319.6,322.17 2 1
github.com/sparkle/gateway/internal/handler/chat_orchestrator.go:322.17,323.46 1 1
github.com/sparkle/gateway/internal/handler/chat_orchestrator.go:323.46,325.5 1 0
github.com/sparkle/gateway/internal/handler/chat_orchestrator.go:326.4,326.103 1 1
github.com/sparkle/gateway/internal/handler/chat_orchestrator.go:326.103,328.5 1 0
github.com/sparkle/gateway/internal/handler/chat_orchestrator.go:329.4,329.9 1 1
github.com/sparkle/gateway/internal/handler/chat_orchestrator.go:333.3,333.24 1 1
github.com/sparkle/gateway/internal/handler/chat_orchestrator.go:333.24,334.11 1 0
github.com/sparkle/gateway/internal/handler/chat_orchestrator.go:335.23,335.23 0 0
github.com/sparkle/gateway/internal/handler/chat_orchestrator.go:336.12,336.12 0 0
github.com/sparkle/gateway/internal/handler/chat_orchestrator.go:339.3,341.26 2 1
github.com/sparkle/gateway/internal/handler/chat_orchestrator.go:341.26,343.9 2 0
github.com/sparkle/gateway/internal/handler/chat_orchestrator.go:347.3,347.41 1 1
github.com/sparkle/gateway/internal/handler/chat_orchestrator.go:347.41,349.12 2 0
github.com/sparkle/gateway/internal/handler/chat_orchestrator.go:352.3,352.30 1 1
github.com/sparkle/gateway/internal/handler/chat_orchestrator.go:352.30,355.45 3 1
github.com/sparkle/gateway/internal/handler/chat_orchestrator.go:355.45,358.5 2 0
github.com/sparkle/gateway/internal/handler/chat_orchestrator.go:360.4,360.28 1 1
github.com/sparkle/gateway/internal/handler/chat_orchestrator.go:360.28,363.56 2 1
github.com/sparkle/gateway/internal/handler/chat_orchestrator.go:363.56,367.6 3 0
github.com/sparkle/gateway/internal/handler/chat_orchestrator.go:369.5,370.12 2 1
github.com/sparkle/gateway/internal/handler/chat_orchestrator.go:370.12,372.6 1 1
github.com/sparkle/gateway/internal/handler/chat_orchestrator.go:375.5,375.20 1 1
github.com/sparkle/gateway/internal/handler/chat_orchestrator.go:376.17,378.18 2 0
github.com/sparkle/gateway/internal/handler/chat_orchestrator.go:379.28,381.18 2 0
github.com/sparkle/gateway/internal/handler/chat_orchestrator.go:382.34,384.18 2 0
github.com/sparkle/gateway/internal/handler/chat_orchestrator.go:385.30,387.18 2 0
github.com/sparkle/gateway/internal/handler/chat_orchestrator.go:388.33,390.18 2 0
github.com/sparkle/gateway/internal/handler/chat_orchestrator.go:391.28,393.18 2 0
github.com/sparkle/gateway/internal/handler/chat_orchestrator.go:394.24,407.61 11 0
github.com/sparkle/gateway/internal/handler/chat_orchestrator.go:407.61,412.7 4 0
github.com/sparkle/gateway/internal/handler/chat_orchestrator.go:414.6,414.25 1 0
github.com/sparkle/gateway/internal/handler/chat_orchestrator.go:414.25,415.20 1 0
github.com/sparkle/gateway/internal/handler/chat_orchestrator.go:415.20,418.8 2 0
github.com/sparkle/gateway/internal/handler/chat_orchestrator.go:419.7,427.87 5 0
github.com/sparkle/gateway/internal/handler/chat_orchestrator.go:429.32,431.18 2 0
github.com/sparkle/gateway/internal/handler/chat_orchestrator.go:432.24,432.24 0 1
github.com/sparkle/gateway/internal/handler/chat_orchestrator.go:434.13,437.18 3 0
github.com/sparkle/gateway/internal/handler/chat_orchestrator.go:441.5,443.18 3 1
github.com/sparkle/gateway/internal/handler/chat_orchestrator.go:443.18,446.6 2 1
github.com/sparkle/gateway/internal/handler/chat_orchestrator.go:448.5,451.54 2 1
github.com/sparkle/gateway/internal/handler/chat_orchestrator.go:451.54,455.6 3 0
github.com/sparkle/gateway/internal/handler/chat_orchestrator.go:457.5,457.28 1 1
github.com/sparkle/gateway/internal/handler/chat_orchestrator.go:457.28,460.6 2 0
github.com/sparkle/gateway/internal/handler/chat_orchestrator.go:463.5,463.46 1 1
github.com/sparkle/gateway/internal/handler/chat_orchestrator.go:463.46,469.6 2 0
github.com/sparkle/gateway/internal/handler/chat_orchestrator.go:472.5,475.32 3 1
github.com/sparkle/gateway/internal/handler/chat_orchestrator.go:475.32,477.6 1 0
github.com/sparkle/gateway/internal/handler/chat_orchestrator.go:478.5,483.32 3 1
github.com/sparkle/gateway/internal/handler/chat_orchestrator.go:483.32,485.6 1 0
github.com/sparkle/gateway/internal/handler/chat_orchestrator.go:486.5,488.76 2 1
github.com/sparkle/gateway/internal/handler/chat_orchestrator.go:491.4,491.32 1 0
github.com/sparkle/gateway/internal/handler/chat_orchestrator.go:491.32,493.5 1 0
github.com/sparkle/gateway/internal/handler/chat_orchestrator.go:494.4,494.32 1 0
github.com/sparkle/gateway/internal/handler/chat_orchestrator.go:494.32,496.5 1 0
github.com/sparkle/gateway/internal/handler/chat_orchestrator.go:498.4,510.77 7 0
github.com/sparkle/gateway/internal/handler/chat_orchestrator.go:511.24,514.18 3 0
github.com/sparkle/gateway/internal/handler/chat_orchestrator.go:514.18,517.6 2 0
github.com/sparkle/gateway/internal/handler/chat_orchestrator.go:519.5,519.94 1 0
github.com/sparkle/gateway/internal/handler/chat_orchestrator.go:519.94,522.6 2 0
github.com/sparkle/gateway/internal/handler/chat_orchestrator.go:525.5,525.46 1 0
github.com/sparkle/gateway/internal/handler/chat_orchestrator.go:525.46,529.6 2 0
github.com/sparkle/gateway/internal/handler/chat_orchestrator.go:531.5,531.85 1 0
github.com/sparkle/gateway/internal/handler/chat_orchestrator.go:532.23,536.18 3 0
github.com/sparkle/gateway/internal/handler/chat_orchestrator.go:536.18,539.6 2 0
github.com/sparkle/gateway/internal/handler/chat_orchestrator.go:542.5,543.22 2 0
github.com/sparkle/gateway/internal/handler/chat_orchestrator.go:543.22,546.6 2 0
github.com/sparkle/gateway/internal/handler/chat_orchestrator.go:547.5,555.60 8 0
github.com/sparkle/gateway/internal/handler/chat_orchestrator.go:555.60,558.6 2 0
github.com/sparkle/gateway/internal/handler/chat_orchestrator.go:560.5,564.89 2 0
github.com/sparkle/gateway/internal/handler/chat_orchestrator.go:565.27,567.19 2 0
github.com/sparkle/gateway/internal/handler/chat_orchestrator.go:567.19,570.6 2 0
github.com/sparkle/gateway/internal/handler/chat_orchestrator.go:571.5,572.17 2 0
github.com/sparkle/gateway/internal/handler/chat_orchestrator.go:573.27,575.19 2 0
github.com/sparkle/gateway/internal/handler/chat_orchestrator.go:575.19,578.6 2 0
github.com/sparkle/gateway/internal/handler/chat_orchestrator.go:579.5,580.17 2 0
github.com/sparkle/gateway/internal/handler/chat_orchestrator.go:581.31,583.19 2 0
github.com/sparkle/gateway/internal/handler/chat_orchestrator.go:583.19,586.6 2 0
github.com/sparkle/gateway/internal/handler/chat_orchestrator.go:587.5,588.17 2 0
github.com/sparkle/gateway/internal/handler/chat_orchestrator.go:589.33,591.19 2 0
github.com/sparkle/gateway/internal/handler/chat_orchestrator.go:591.19,594.6 2 0
github.com/sparkle/gateway/internal/handler/chat_orchestrator.go:595.5,596.17 2 0
github.com/sparkle/gateway/internal/handler/chat_orchestrator.go:597.29,599.19 2 0
github.com/sparkle/gateway/internal/handler/chat_orchestrator.go:599.19,602.6 2 0
github.com/sparkle/gateway/internal/handler/chat_orchestrator.go:603.5,604.17 2 0
github.com/sparkle/gateway/internal/handler/chat_orchestrator.go:605.32,607.19 2 0
github.com/sparkle/gateway/internal/handler/chat_orchestrator.go:607.19,610.6 2 0
github.com/sparkle/gateway/internal/handler/chat_orchestrator.go:611.5,612.17 2 0
github.com/sparkle/gateway/internal/handler/chat_orchestrator.go:613.12,615.17 2 0
github.com/sparkle/gateway/internal/handler/chat_orchestrator.go:618.3,618.18 1 1
github.com/sparkle/gateway/internal/handler/chat_orchestrator.go:618.18,620.4 1 0
github.com/sparkle/gateway/internal/handler/chat_orchestrator.go:623.2,623.59 1 1
github.com/sparkle/gateway/internal/handler/chat_orchestrator.go:627.110,628.25 1 0
github.com/sparkle/gateway/internal/handler/chat_orchestrator.go:628.25,630.3 1 0
github.com/sparkle/gateway/internal/handler/chat_orchestrator.go:632.2,648.30 3 0
github.com/sparkle/gateway/internal/handler/chat_orchestrator.go:648.30,650.3 1 0
github.com/sparkle/gateway/internal/handler/chat_orchestrator.go:651.2,651.15 1 0
github.com/sparkle/gateway/internal/handler/chat_orchestrator.go:651.15,653.3 1 0
github.com/sparkle/gateway/internal/handler/chat_orchestrator.go:654.2,654.12 1 0
github.com/sparkle/gateway/internal/handler/chat_orchestrator.go:657.94,659.33 2 0
github.com/sparkle/gateway/internal/handler/chat_orchestrator.go:659.33,665.3 1 0
github.com/sparkle/gateway/internal/handler/chat_orchestrator.go:666.2,666.15 1 0
github.com/sparkle/gateway/internal/handler/chat_orchestrator_chatflow.go:38.61,40.2 1 1
github.com/sparkle/gateway/internal/handler/chat_orchestrator_chatflow.go:42.70,43.31 1 1
github.com/sparkle/gateway/internal/handler/chat_orchestrator_chatflow.go:43.31,45.3 1 1
github.com/sparkle/gateway/internal/handler/chat_orchestrator_chatflow.go:46.2,46.27 1 1
github.com/sparkle/gateway/internal/handler/chat_orchestrator_chatflow.go:49.40,51.29 2 1
github.com/sparkle/gateway/internal/handler/chat_orchestrator_chatflow.go:51.29,52.50 1 1
github.com/sparkle/gateway/internal/handler/chat_orchestrator_chatflow.go:52.50,54.4 1 0
github.com/sparkle/gateway/internal/handler/chat_orchestrator_chatflow.go:55.3,55.47 1 1
github.com/sparkle/gateway/internal/handler/chat_orchestrator_chatflow.go:55.47,57.4 1 0
github.com/sparkle/gateway/internal/handler/chat_orchestrator_chatflow.go:59.2,59.44 1 1
github.com/sparkle/gateway/internal/handler/chat_orchestrator_chatflow.go:62.175,70.23 6 1
github.com/sparkle/gateway/internal/handler/chat_orchestrator_chatflow.go:70.23,72.3 1 0
github.com/sparkle/gateway/internal/handler/chat_orchestrator_chatflow.go:74.2,90.3 6 1
github.com/sparkle/gateway/internal/handler/chat_orchestrator_chatflow.go:93.44,95.19 2 1
github.com/sparkle/gateway/internal/handler/chat_orchestrator_chatflow.go:95.19,97.3 1 1
github.com/sparkle/gateway/internal/handler/chat_orchestrator_chatflow.go:98.2,98.92 1 1
github.com/sparkle/gateway/internal/handler/chat_orchestrator_chatflow.go:98.92,100.3 1 1
github.com/sparkle/gateway/internal/handler/chat_orchestrator_chatflow.go:101.2,101.17 1 1
github.com/sparkle/gateway/internal/handler/chat_orchestrator_chatflow.go:102.89,103.17 1 1
github.com/sparkle/gateway/internal/handler/chat_orchestrator_chatflow.go:104.10,105.25 1 1
github.com/sparkle/gateway/internal/handler/chat_orchestrator_chatflow.go:109.71,111.2 1 1
github.com/sparkle/gateway/internal/handler/chat_orchestrator_chatflow.go:113.48,115.20 2 1
github.com/sparkle/gateway/internal/handler/chat_orchestrator_chatflow.go:116.23,117.25 1 1
github.com/sparkle/gateway/internal/handler/chat_orchestrator_chatflow.go:118.23,119.34 1 1
github.com/sparkle/gateway/internal/handler/chat_orchestrator_chatflow.go:120.20,121.31 1 0
github.com/sparkle/gateway/internal/handler/chat_orchestrator_chatflow.go:122.25,123.36 1 0
github.com/sparkle/gateway/internal/handler/chat_orchestrator_chatflow.go:124.22,125.32 1 1
github.com/sparkle/gateway/internal/handler/chat_orchestrator_chatflow.go:126.10,127.52 1 1
github.com/sparkle/gateway/internal/handler/chat_orchestrator_chatflow.go:127.52,129.22 2 1
github.com/sparkle/gateway/internal/handler/chat_orchestrator_chatflow.go:129.22,131.5 1 0
github.com/sparkle/gateway/internal/handler/chat_orchestrator_chatflow.go:132.4,132.45 1 1
github.com/sparkle/gateway/internal/handler/chat_orchestrator_chatflow.go:134.3,134.50 1 1
github.com/sparkle/gateway/internal/handler/chat_orchestrator_chatflow.go:134.50,136.4 1 1
github.com/sparkle/gateway/internal/handler/chat_orchestrator_chatflow.go:137.3,137.25 1 0
github.com/sparkle/gateway/internal/handler/chat_orchestrator_chatflow.go:141.121,142.51 1 1
github.com/sparkle/gateway/internal/handler/chat_orchestrator_chatflow.go:142.51,143.23 1 0
github.com/sparkle/gateway/internal/handler/chat_orchestrator_chatflow.go:143.23,145.4 1 0
github.com/sparkle/gateway/internal/handler/chat_orchestrator_chatflow.go:146.3,147.17 2 0
github.com/sparkle/gateway/internal/handler/chat_orchestrator_chatflow.go:147.17,149.4 1 0
github.com/sparkle/gateway/internal/handler/chat_orchestrator_chatflow.go:150.3,150.36 1 0
github.com/sparkle/gateway/internal/handler/chat_orchestrator_chatflow.go:153.2,153.22 1 1
github.com/sparkle/gateway/internal/handler/chat_orchestrator_chatflow.go:153.22,155.3 1 1
github.com/sparkle/gateway/internal/handler/chat_orchestrator_chatflow.go:157.2,158.16 2 0
github.com/sparkle/gateway/internal/handler/chat_orchestrator_chatflow.go:158.16,160.3 1 0
github.com/sparkle/gateway/internal/handler/chat_orchestrator_chatflow.go:161.2,161.20 1 0
github.com/sparkle/gateway/internal/handler/chat_orchestrator_chatflow.go:161.20,163.3 1 0
github.com/sparkle/gateway/internal/handler/chat_orchestrator_chatflow.go:165.2,166.16 2 0
github.com/sparkle/gateway/internal/handler/chat_orchestrator_chatflow.go:166.16,168.3 1 0
github.com/sparkle/gateway/internal/handler/chat_orchestrator_chatflow.go:169.2,169.44 1 0
github.com/sparkle/gateway/internal/handler/chat_orchestrator_chatflow.go:172.154,180.21 2 1
github.com/sparkle/gateway/internal/handler/chat_orchestrator_chatflow.go:180.21,181.30 1 1
github.com/sparkle/gateway/internal/handler/chat_orchestrator_chatflow.go:181.30,183.4 1 1
github.com/sparkle/gateway/internal/handler/chat_orchestrator_chatflow.go:184.3,184.30 1 1
github.com/sparkle/gateway/internal/handler/chat_orchestrator_chatflow.go:184.30,186.4 1 1
github.com/sparkle/gateway/internal/handler/chat_orchestrator_chatflow.go:187.3,187.30 1 1
github.com/sparkle/gateway/internal/handler/chat_orchestrator_chatflow.go:187.30,189.4 1 1
github.com/sparkle/gateway/internal/handler/chat_orchestrator_chatflow.go:190.3,192.31 3 1
github.com/sparkle/gateway/internal/handler/chat_orchestrator_chatflow.go:192.31,194.4 1 1
github.com/sparkle/gateway/internal/handler/chat_orchestrator_chatflow.go:195.3,195.45 1 1
github.com/sparkle/gateway/internal/handler/chat_orchestrator_chatflow.go:198.2,198.25 1 1
github.com/sparkle/gateway/internal/handler/chat_orchestrator_chatflow.go:198.25,199.29 1 1
github.com/sparkle/gateway/internal/handler/chat_orchestrator_chatflow.go:199.29,200.73 1 1
github.com/sparkle/gateway/internal/handler/chat_orchestrator_chatflow.go:200.73,202.5 1 1
github.com/sparkle/gateway/internal/handler/chat_orchestrator_chatflow.go:202.10,204.5 1 0
github.com/sparkle/gateway/internal/handler/chat_orchestrator_chatflow.go:206.3,206.62 1 1
github.com/sparkle/gateway/internal/handler/chat_orchestrator_chatflow.go:206.62,208.4 1 1
github.com/sparkle/gateway/internal/handler/chat_orchestrator_chatflow.go:209.3,209.25 1 1
github.com/sparkle/gateway/internal/handler/chat_orchestrator_chatflow.go:209.25,211.4 1 1
github.com/sparkle/gateway/internal/handler/chat_orchestrator_chatflow.go:212.3,212.21 1 1
github.com/sparkle/gateway/internal/handler/chat_orchestrator_chatflow.go:212.21,214.4 1 1
github.com/sparkle/gateway/internal/handler/chat_orchestrator_chatflow.go:217.2,217.16 1 1
github.com/sparkle/gateway/internal/handler/chat_orchestrator_chatflow.go:220.146,231.50 5 1
github.com/sparkle/gateway/internal/handler/chat_orchestrator_chatflow.go:231.50,233.27 2 0
github.com/sparkle/gateway/internal/handler/chat_orchestrator_chatflow.go:233.27,235.4 1 0
github.com/sparkle/gateway/internal/handler/chat_orchestrator_chatflow.go:237.2,247.26 5 1
github.com/sparkle/gateway/internal/handler/chat_orchestrator_chatflow.go:247.26,249.3 1 1
github.com/sparkle/gateway/internal/handler/chat_orchestrator_chatflow.go:252.2,252.27 1 1
github.com/sparkle/gateway/internal/handler/chat_orchestrator_chatflow.go:252.27,256.3 3 1
github.com/sparkle/gateway/internal/handler/chat_orchestrator_chatflow.go:258.2,261.70 4 1
github.com/sparkle/gateway/internal/handler/chat_orchestrator_chatflow.go:261.70,263.3 1 0
github.com/sparkle/gateway/internal/handler/chat_orchestrator_chatflow.go:265.2,266.50 2 1
github.com/sparkle/gateway/internal/handler/chat_orchestrator_chatflow.go:266.50,267.91 1 0
github.com/sparkle/gateway/internal/handler/chat_orchestrator_chatflow.go:267.91,269.4 1 0
github.com/sparkle/gateway/internal/handler/chat_orchestrator_chatflow.go:269.9,271.4 1 0
github.com/sparkle/gateway/internal/handler/chat_orchestrator_chatflow.go:275.2,277.50 3 1
github.com/sparkle/gateway/internal/handler/chat_orchestrator_chatflow.go:277.50,284.17 6 0
github.com/sparkle/gateway/internal/handler/chat_orchestrator_chatflow.go:284.17,288.4 1 0
github.com/sparkle/gateway/internal/handler/chat_orchestrator_chatflow.go:288.9,292.87 3 0
github.com/sparkle/gateway/internal/handler/chat_orchestrator_chatflow.go:292.87,298.69 5 0
github.com/sparkle/gateway/internal/handler/chat_orchestrator_chatflow.go:298.69,300.6 1 0
github.com/sparkle/gateway/internal/handler/chat_orchestrator_chatflow.go:301.5,301.68 1 0
github.com/sparkle/gateway/internal/handler/chat_orchestrator_chatflow.go:301.68,303.6 1 0
github.com/sparkle/gateway/internal/handler/chat_orchestrator_chatflow.go:304.5,304.76 1 0
github.com/sparkle/gateway/internal/handler/chat_orchestrator_chatflow.go:304.76,305.64 1 0
github.com/sparkle/gateway/internal/handler/chat_orchestrator_chatflow.go:305.64,307.7 1 0
github.com/sparkle/gateway/internal/handler/chat_orchestrator_chatflow.go:309.5,309.74 1 0
github.com/sparkle/gateway/internal/handler/chat_orchestrator_chatflow.go:309.74,311.6 1 0
github.com/sparkle/gateway/internal/handler/chat_orchestrator_chatflow.go:313.5,315.63 1 0
github.com/sparkle/gateway/internal/handler/chat_orchestrator_chatflow.go:316.10,319.5 1 0
github.com/sparkle/gateway/internal/handler/chat_orchestrator_chatflow.go:323.2,324.17 2 1
github.com/sparkle/gateway/internal/handler/chat_orchestrator_chatflow.go:324.17,326.3 1 1
github.com/sparkle/gateway/internal/handler/chat_orchestrator_chatflow.go:327.2,327.19 1 1
github.com/sparkle/gateway/internal/handler/chat_orchestrator_chatflow.go:327.19,329.3 1 0
github.com/sparkle/gateway/internal/handler/chat_orchestrator_chatflow.go:332.2,335.51 4 1
github.com/sparkle/gateway/internal/handler/chat_orchestrator_chatflow.go:335.51,336.105 1 1
github.com/sparkle/gateway/internal/handler/chat_orchestrator_chatflow.go:336.105,338.4 1 0
github.com/sparkle/gateway/internal/handler/chat_orchestrator_chatflow.go:338.9,338.33 1 1
github.com/sparkle/gateway/internal/handler/chat_orchestrator_chatflow.go:338.33,340.38 2 0
github.com/sparkle/gateway/internal/handler/chat_orchestrator_chatflow.go:340.38,342.5 1 0
github.com/sparkle/gateway/internal/handler/chat_orchestrator_chatflow.go:344.3,344.38 1 1
github.com/sparkle/gateway/internal/handler/chat_orchestrator_chatflow.go:344.38,346.4 1 0
github.com/sparkle/gateway/internal/handler/chat_orchestrator_chatflow.go:347.3,347.71 1 1
github.com/sparkle/gateway/internal/handler/chat_orchestrator_chatflow.go:347.71,352.18 2 0
github.com/sparkle/gateway/internal/handler/chat_orchestrator_chatflow.go:352.18,354.5 1 0
github.com/sparkle/gateway/internal/handler/chat_orchestrator_chatflow.go:354.10,354.29 1 0
github.com/sparkle/gateway/internal/handler/chat_orchestrator_chatflow.go:354.29,357.5 2 0
github.com/sparkle/gateway/internal/handler/chat_orchestrator_chatflow.go:359.8,359.44 1 0
github.com/sparkle/gateway/internal/handler/chat_orchestrator_chatflow.go:359.44,361.3 1 0
github.com/sparkle/gateway/internal/handler/chat_orchestrator_chatflow.go:362.2,362.88 1 1
github.com/sparkle/gateway/internal/handler/chat_orchestrator_chatflow.go:362.88,364.3 1 0
github.com/sparkle/gateway/internal/handler/chat_orchestrator_chatflow.go:365.2,372.29 5 1
github.com/sparkle/gateway/internal/handler/chat_orchestrator_chatflow.go:372.29,374.3 1 0
github.com/sparkle/gateway/internal/handler/chat_orchestrator_chatflow.go:379.2,381.51 3 1
github.com/sparkle/gateway/internal/handler/chat_orchestrator_chatflow.go:381.51,383.21 2 1
github.com/sparkle/gateway/internal/handler/chat_orchestrator_chatflow.go:383.21,384.27 1 1
github.com/sparkle/gateway/internal/handler/chat_orchestrator_chatflow.go:384.27,389.5 1 1
github.com/sparkle/gateway/internal/handler/chat_orchestrator_chatflow.go:390.4,390.48 1 1
github.com/sparkle/gateway/internal/handler/chat_orchestrator_chatflow.go:391.9,393.4 1 0
github.com/sparkle/gateway/internal/handler/chat_orchestrator_chatflow.go:396.2,413.43 3 1
github.com/sparkle/gateway/internal/handler/chat_orchestrator_chatflow.go:413.43,418.37 4 0
github.com/sparkle/gateway/internal/handler/chat_orchestrator_chatflow.go:418.37,437.33 5 0
github.com/sparkle/gateway/internal/handler/chat_orchestrator_chatflow.go:438.28,443.7 2 0
github.com/sparkle/gateway/internal/handler/chat_orchestrator_chatflow.go:444.28,449.7 2 0
github.com/sparkle/gateway/internal/handler/chat_orchestrator_chatflow.go:450.23,458.7 2 0
github.com/sparkle/gateway/internal/handler/chat_orchestrator_chatflow.go:461.4,461.16 1 0
github.com/sparkle/gateway/internal/handler/chat_orchestrator_chatflow.go:465.2,467.20 3 1
github.com/sparkle/gateway/internal/handler/chat_orchestrator_chatflow.go:467.20,469.44 2 1
github.com/sparkle/gateway/internal/handler/chat_orchestrator_chatflow.go:469.44,470.68 1 1
github.com/sparkle/gateway/internal/handler/chat_orchestrator_chatflow.go:470.68,472.5 1 1
github.com/sparkle/gateway/internal/handler/chat_orchestrator_chatflow.go:472.10,474.5 1 0
github.com/sparkle/gateway/internal/handler/chat_orchestrator_chatflow.go:479.2,494.24 3 1
github.com/sparkle/gateway/internal/handler/chat_orchestrator_chatflow.go:494.24,504.3 1 0
github.com/sparkle/gateway/internal/handler/chat_orchestrator_chatflow.go:504.8,508.3 1 1
github.com/sparkle/gateway/internal/handler/chat_orchestrator_chatflow.go:509.2,509.31 1 1
github.com/sparkle/gateway/internal/handler/chat_orchestrator_chatflow.go:509.31,510.71 1 1
github.com/sparkle/gateway/internal/handler/chat_orchestrator_chatflow.go:510.71,512.4 1 0
github.com/sparkle/gateway/internal/handler/chat_orchestrator_chatflow.go:515.2,515.26 1 1
github.com/sparkle/gateway/internal/handler/chat_orchestrator_chatflow.go:515.26,517.32 2 1
github.com/sparkle/gateway/internal/handler/chat_orchestrator_chatflow.go:518.27,519.62 1 0
github.com/sparkle/gateway/internal/handler/chat_orchestrator_chatflow.go:520.27,521.62 1 0
github.com/sparkle/gateway/internal/handler/chat_orchestrator_chatflow.go:522.22,523.87 1 1
github.com/sparkle/gateway/internal/handler/chat_orchestrator_chatflow.go:525.3,525.15 1 1
github.com/sparkle/gateway/internal/handler/chat_orchestrator_chatflow.go:529.2,533.16 4 0
github.com/sparkle/gateway/internal/handler/chat_orchestrator_chatflow.go:533.16,535.32 2 0
github.com/sparkle/gateway/internal/handler/chat_orchestrator_chatflow.go:536.27,537.62 1 0
github.com/sparkle/gateway/internal/handler/chat_orchestrator_chatflow.go:538.27,539.62 1 0
github.com/sparkle/gateway/internal/handler/chat_orchestrator_chatflow.go:540.22,541.87 1 0
github.com/sparkle/gateway/internal/handler/chat_orchestrator_chatflow.go:543.3,543.15 1 0
github.com/sparkle/gateway/internal/handler/chat_orchestrator_chatflow.go:547.2,549.15 3 0
github.com/sparkle/gateway/internal/handler/chat_orchestrator_chatflow.go:549.15,552.3 2 0
github.com/sparkle/gateway/internal/handler/chat_orchestrator_chatflow.go:555.2,566.6 12 0
github.com/sparkle/gateway/internal/handler/chat_orchestrator_chatflow.go:566.6,572.20 4 0
github.com/sparkle/gateway/internal/handler/chat_orchestrator_chatflow.go:572.20,574.9 1 0
github.com/sparkle/gateway/internal/handler/chat_orchestrator_chatflow.go:576.3,576.17 1 0
github.com/sparkle/gateway/internal/handler/chat_orchestrator_chatflow.go:576.17,580.4 3 0
github.com/sparkle/gateway/internal/handler/chat_orchestrator_chatflow.go:583.3,583.28 1 0
github.com/sparkle/gateway/internal/handler/chat_orchestrator_chatflow.go:583.28,585.4 1 0
github.com/sparkle/gateway/internal/handler/chat_orchestrator_chatflow.go:586.3,587.44 2 0
github.com/sparkle/gateway/internal/handler/chat_orchestrator_chatflow.go:587.44,590.29 3 0
github.com/sparkle/gateway/internal/handler/chat_orchestrator_chatflow.go:590.29,592.5 1 0
github.com/sparkle/gateway/internal/handler/chat_orchestrator_chatflow.go:594.3,594.41 1 0
github.com/sparkle/gateway/internal/handler/chat_orchestrator_chatflow.go:594.41,598.29 4 0
github.com/sparkle/gateway/internal/handler/chat_orchestrator_chatflow.go:598.29,600.5 1 0
github.com/sparkle/gateway/internal/handler/chat_orchestrator_chatflow.go:602.3,602.45 1 0
github.com/sparkle/gateway/internal/handler/chat_orchestrator_chatflow.go:602.45,604.4 1 0
github.com/sparkle/gateway/internal/handler/chat_orchestrator_chatflow.go:605.3,605.36 1 0
github.com/sparkle/gateway/internal/handler/chat_orchestrator_chatflow.go:605.36,607.4 1 0
github.com/sparkle/gateway/internal/handler/chat_orchestrator_chatflow.go:608.3,608.58 1 0
github.com/sparkle/gateway/internal/handler/chat_orchestrator_chatflow.go:608.58,610.4 1 0
github.com/sparkle/gateway/internal/handler/chat_orchestrator_chatflow.go:612.3,612.40 1 0
github.com/sparkle/gateway/internal/handler/chat_orchestrator_chatflow.go:612.40,614.55 2 0
github.com/sparkle/gateway/internal/handler/chat_orchestrator_chatflow.go:614.55,615.83 1 0
github.com/sparkle/gateway/internal/handler/chat_orchestrator_chatflow.go:615.83,618.35 3 0
github.com/sparkle/gateway/internal/handler/chat_orchestrator_chatflow.go:619.30,620.71 1 0
github.com/sparkle/gateway/internal/handler/chat_orchestrator_chatflow.go:621.30,622.71 1 0
github.com/sparkle/gateway/internal/handler/chat_orchestrator_chatflow.go:623.25,624.88 1 0
github.com/sparkle/gateway/internal/handler/chat_orchestrator_chatflow.go:626.6,626.18 1 0
github.com/sparkle/gateway/internal/handler/chat_orchestrator_chatflow.go:628.5,629.118 2 0
github.com/sparkle/gateway/internal/handler/chat_orchestrator_chatflow.go:629.118,631.11 2 0
github.com/sparkle/gateway/internal/handler/chat_orchestrator_chatflow.go:633.5,633.35 1 0
github.com/sparkle/gateway/internal/handler/chat_orchestrator_chatflow.go:638.3,639.32 2 0
github.com/sparkle/gateway/internal/handler/chat_orchestrator_chatflow.go:640.27,641.51 1 0
github.com/sparkle/gateway/internal/handler/chat_orchestrator_chatflow.go:641.51,645.5 3 0
github.com/sparkle/gateway/internal/handler/chat_orchestrator_chatflow.go:646.27,647.51 1 0
github.com/sparkle/gateway/internal/handler/chat_orchestrator_chatflow.go:647.51,651.5 3 0
github.com/sparkle/gateway/internal/handler/chat_orchestrator_chatflow.go:652.22,656.55 2 0
github.com/sparkle/gateway/internal/handler/chat_orchestrator_chatflow.go:656.55,660.5 3 0
github.com/sparkle/gateway/internal/handler/chat_orchestrator_chatflow.go:662.3,662.17 1 0
github.com/sparkle/gateway/internal/handler/chat_orchestrator_chatflow.go:664.2,666.44 2 0
github.com/sparkle/gateway/internal/handler/chat_orchestrator_chatflow.go:666.44,668.16 2 0
github.com/sparkle/gateway/internal/handler/chat_orchestrator_chatflow.go:668.16,670.4 1 0
github.com/sparkle/gateway/internal/handler/chat_orchestrator_chatflow.go:671.3,671.89 1 0
github.com/sparkle/gateway/internal/handler/chat_orchestrator_chatflow.go:671.89,673.4 1 0
github.com/sparkle/gateway/internal/handler/chat_orchestrator_chatflow.go:674.8,674.52 1 0
github.com/sparkle/gateway/internal/handler/chat_orchestrator_chatflow.go:674.52,677.16 3 0
github.com/sparkle/gateway/internal/handler/chat_orchestrator_chatflow.go:677.16,679.4 1 0
github.com/sparkle/gateway/internal/handler/chat_orchestrator_chatflow.go:680.3,680.89 1 0
github.com/sparkle/gateway/internal/handler/chat_orchestrator_chatflow.go:680.89,682.4 1 0
github.com/sparkle/gateway/internal/handler/chat_orchestrator_chatflow.go:683.3,683.17 1 0
github.com/sparkle/gateway/internal/handler/chat_orchestrator_chatflow.go:683.17,685.4 1 0
github.com/sparkle/gateway/internal/handler/chat_orchestrator_chatflow.go:689.2,693.28 5 0
github.com/sparkle/gateway/internal/handler/chat_orchestrator_chatflow.go:693.28,695.3 1 0
github.com/sparkle/gateway/internal/handler/chat_orchestrator_chatflow.go:696.2,696.28 1 0
github.com/sparkle/gateway/internal/handler/chat_orchestrator_chatflow.go:696.28,699.3 2 0
github.com/sparkle/gateway/internal/handler/chat_orchestrator_chatflow.go:699.8,699.35 1 0
github.com/sparkle/gateway/internal/handler/chat_orchestrator_chatflow.go:699.35,701.3 1 0
github.com/sparkle/gateway/internal/handler/chat_orchestrator_chatflow.go:702.2,704.22 3 0
github.com/sparkle/gateway/internal/handler/chat_orchestrator_chatflow.go:704.22,706.3 1 0
github.com/sparkle/gateway/internal/handler/chat_orchestrator_chatflow.go:707.2,707.22 1 0
github.com/sparkle/gateway/internal/handler/chat_orchestrator_chatflow.go:707.22,709.3 1 0
github.com/sparkle/gateway/internal/handler/chat_orchestrator_chatflow.go:710.2,710.26 1 0
github.com/sparkle/gateway/internal/handler/chat_orchestrator_chatflow.go:710.26,712.3 1 0
github.com/sparkle/gateway/internal/handler/chat_orchestrator_chatflow.go:713.2,727.23 4 0
github.com/sparkle/gateway/internal/handler/chat_orchestrator_chatflow.go:727.23,729.3 1 0
github.com/sparkle/gateway/internal/handler/chat_orchestrator_chatflow.go:731.2,731.31 1 0
github.com/sparkle/gateway/internal/handler/chat_orchestrator_chatflow.go:732.26,733.23 1 0
github.com/sparkle/gateway/internal/handler/chat_orchestrator_chatflow.go:734.26,735.23 1 0
github.com/sparkle/gateway/internal/handler/chat_orchestrator_chatflow.go:736.21,741.5 1 0
github.com/sparkle/gateway/internal/handler/chat_orchestrator_chatflow.go:744.2,756.72 2 0
github.com/sparkle/gateway/internal/handler/chat_orchestrator_chatflow.go:756.72,757.32 1 0
github.com/sparkle/gateway/internal/handler/chat_orchestrator_chatflow.go:758.27,759.36 1 0
github.com/sparkle/gateway/internal/handler/chat_orchestrator_chatflow.go:760.27,761.36 1 0
github.com/sparkle/gateway/internal/handler/chat_orchestrator_chatflow.go:762.22,763.64 1 0
github.com/sparkle/gateway/internal/handler/chat_orchestrator_chatflow.go:768.2,768.45 1 0
github.com/sparkle/gateway/internal/handler/chat_orchestrator_chatflow.go:768.45,785.13 6 0
github.com/sparkle/gateway/internal/handler/chat_orchestrator_chatflow.go:785.13,788.25 2 0
github.com/sparkle/gateway/internal/handler/chat_orchestrator_chatflow.go:788.25,789.88 1 0
github.com/sparkle/gateway/internal/handler/chat_orchestrator_chatflow.go:789.88,791.6 1 0
github.com/sparkle/gateway/internal/handler/chat_orchestrator_chatflow.go:796.2,796.14 1 0
github.com/sparkle/gateway/internal/handler/chat_orchestrator_chatflow.go:799.63,801.31 2 0
github.com/sparkle/gateway/internal/handler/chat_orchestrator_chatflow.go:802.26,803.40 1 0
github.com/sparkle/gateway/internal/handler/chat_orchestrator_chatflow.go:804.26,805.40 1 0
github.com/sparkle/gateway/internal/handler/chat_orchestrator_chatflow.go:806.21,807.77 1 0
github.com/sparkle/gateway/internal/handler/chat_orchestrator_chatflow.go:811.63,814.16 3 1
github.com/sparkle/gateway/internal/handler/chat_orchestrator_chatflow.go:814.16,816.3 1 0
github.com/sparkle/gateway/internal/handler/chat_orchestrator_chatflow.go:818.2,819.9 2 1
github.com/sparkle/gateway/internal/handler/chat_orchestrator_chatflow.go:819.9,821.3 1 0
github.com/sparkle/gateway/internal/handler/chat_orchestrator_chatflow.go:823.2,823.43 1 1
github.com/sparkle/gateway/internal/handler/chat_orchestrator_chatflow.go:823.43,825.3 1 1
github.com/sparkle/gateway/internal/handler/chat_orchestrator_chatflow.go:827.2,827.19 1 1
github.com/sparkle/gateway/internal/handler/chat_orchestrator_chatflow.go:828.29,829.44 1 0
github.com/sparkle/gateway/internal/handler/chat_orchestrator_chatflow.go:830.29,831.40 1 0
github.com/sparkle/gateway/internal/handler/chat_orchestrator_chatflow.go:832.30,833.37 1 0
github.com/sparkle/gateway/internal/handler/chat_orchestrator_chatflow.go:834.22,835.37 1 0
github.com/sparkle/gateway/internal/handler/chat_orchestrator_chatflow.go:836.42,837.35 1 0
github.com/sparkle/gateway/internal/handler/chat_orchestrator_chatflow.go:838.31,839.46 1 1
github.com/sparkle/gateway/internal/handler/chat_orchestrator_chatflow.go:840.30,841.34 1 0
github.com/sparkle/gateway/internal/handler/chat_orchestrator_chatflow.go:842.25,843.38 1 0
github.com/sparkle/gateway/internal/handler/chat_orchestrator_chatflow.go:844.38,845.35 1 0
github.com/sparkle/gateway/internal/handler/chat_orchestrator_chatflow.go:846.10,847.39 1 0
github.com/sparkle/gateway/internal/handler/chat_orchestrator_chatflow.go:851.75,858.2 1 1
github.com/sparkle/gateway/internal/handler/chat_orchestrator_chatflow.go:860.47,861.16 1 0
github.com/sparkle/gateway/internal/handler/chat_orchestrator_chatflow.go:861.16,863.3 1 0
github.com/sparkle/gateway/internal/handler/chat_orchestrator_chatflow.go:864.2,865.19 2 0
github.com/sparkle/gateway/internal/handler/chat_orchestrator_chatflow.go:865.19,867.3 1 0
github.com/sparkle/gateway/internal/handler/chat_orchestrator_chatflow.go:868.2,868.18 1 0
github.com/sparkle/gateway/internal/handler/chat_orchestrator_chatflow.go:871.34,873.2 1 0
github.com/sparkle/gateway/internal/handler/chat_orchestrator_connections.go:8.111,9.25 1 1
github.com/sparkle/gateway/internal/handler/chat_orchestrator_connections.go:9.25,11.3 1 1
github.com/sparkle/gateway/internal/handler/chat_orchestrator_connections.go:12.2,12.13 1 0
github.com/sparkle/gateway/internal/handler/chat_orchestrator_connections.go:15.86,16.25 1 1
github.com/sparkle/gateway/internal/handler/chat_orchestrator_connections.go:16.25,18.3 1 1
github.com/sparkle/gateway/internal/handler/chat_orchestrator_connections.go:21.81,22.25 1 0
github.com/sparkle/gateway/internal/handler/chat_orchestrator_connections.go:22.25,24.3 1 0
github.com/sparkle/gateway/internal/handler/chat_orchestrator_connections.go:25.2,25.33 1 0
github.com/sparkle/gateway/internal/handler/chat_orchestrator_connections.go:28.85,29.25 1 0
github.com/sparkle/gateway/internal/handler/chat_orchestrator_connections.go:29.25,31.3 1 0
github.com/sparkle/gateway/internal/handler/chat_orchestrator_connections.go:32.2,33.9 2 0
github.com/sparkle/gateway/internal/handler/chat_orchestrator_connections.go:33.9,35.3 1 0
github.com/sparkle/gateway/internal/handler/chat_orchestrator_connections.go:36.2,37.21 2 0
github.com/sparkle/gateway/internal/handler/chat_orchestrator_connections.go:41.59,43.2 1 0
github.com/sparkle/gateway/internal/handler/chat_orchestrator_connections.go:45.71,52.2 2 0
github.com/sparkle/gateway/internal/handler/chat_orchestrator_feedback.go:49.3,62.32 5 1
github.com/sparkle/gateway/internal/handler/chat_orchestrator_feedback.go:62.32,64.3 1 0
github.com/sparkle/gateway/internal/handler/chat_orchestrator_feedback.go:65.2,68.72 2 1
github.com/sparkle/gateway/internal/handler/chat_orchestrator_feedback.go:68.72,70.3 1 0
github.com/sparkle/gateway/internal/handler/chat_orchestrator_feedback.go:77.106,84.25 2 0
github.com/sparkle/gateway/internal/handler/chat_orchestrator_feedback.go:84.25,86.3 1 0
github.com/sparkle/gateway/internal/handler/chat_orchestrator_feedback.go:87.2,87.54 1 0
github.com/sparkle/gateway/internal/handler/chat_orchestrator_feedback.go:87.54,89.3 1 0
github.com/sparkle/gateway/internal/handler/chat_orchestrator_feedback.go:89.8,91.3 1 0
github.com/sparkle/gateway/internal/handler/chat_orchestrator_feedback.go:94.82,99.17 1 0
github.com/sparkle/gateway/internal/handler/chat_orchestrator_feedback.go:99.17,101.3 1 0
github.com/sparkle/gateway/internal/handler/chat_orchestrator_feedback.go:108.89,116.17 1 0
github.com/sparkle/gateway/internal/handler/chat_orchestrator_feedback.go:116.17,118.3 1 0
github.com/sparkle/gateway/internal/handler/chat_orchestrator_feedback.go:121.99,130.17 1 0
github.com/sparkle/gateway/internal/handler/chat_orchestrator_feedback.go:130.17,132.3 1 0
github.com/sparkle/gateway/internal/handler/chat_orchestrator_feedback.go:139.93,146.19 2 0
github.com/sparkle/gateway/internal/handler/chat_orchestrator_feedback.go:146.19,148.3 1 0
github.com/sparkle/gateway/internal/handler/chat_orchestrator_feedback.go:149.2,149.52 1 0
github.com/sparkle/gateway/internal/handler/chat_orchestrator_feedback.go:149.52,151.3 1 0
github.com/sparkle/gateway/internal/handler/chat_orchestrator_feedback.go:158.102,165.19 2 0
github.com/sparkle/gateway/internal/handler/chat_orchestrator_feedback.go:165.19,167.3 1 0
github.com/sparkle/gateway/internal/handler/chat_orchestrator_feedback.go:168.2,168.52 1 0
github.com/sparkle/gateway/internal/handler/chat_orchestrator_feedback.go:168.52,170.3 1 0
github.com/sparkle/gateway/internal/handler/chat_orchestrator_feedback.go:177.114,184.25 2 0
github.com/sparkle/gateway/internal/handler/chat_orchestrator_feedback.go:184.25,186.3 1 0
github.com/sparkle/gateway/internal/handler/chat_orchestrator_feedback.go:187.2,187.54 1 0
github.com/sparkle/gateway/internal/handler/chat_orchestrator_feedback.go:187.54,189.3 1 0
github.com/sparkle/gateway/internal/handler/chat_orchestrator_feedback.go:189.8,191.3 1 0
github.com/sparkle/gateway/internal/handler/chat_orchestrator_feedback.go:194.167,196.9 2 0
github.com/sparkle/gateway/internal/handler/chat_orchestrator_feedback.go:196.9,199.3 2 0
github.com/sparkle/gateway/internal/handler/chat_orchestrator_feedback.go:201.2,202.9 2 0
github.com/sparkle/gateway/internal/handler/chat_orchestrator_feedback.go:202.9,205.3 2 0
github.com/sparkle/gateway/internal/handler/chat_orchestrator_feedback.go:207.2,208.9 2 0
github.com/sparkle/gateway/internal/handler/chat_orchestrator_feedback.go:208.9,211.3 2 0
github.com/sparkle/gateway/internal/handler/chat_orchestrator_feedback.go:213.2,218.16 3 0
github.com/sparkle/gateway/internal/handler/chat_orchestrator_feedback.go:218.16,221.3 2 0
github.com/sparkle/gateway/internal/handler/chat_orchestrator_feedback.go:224.2,224.20 1 0
github.com/sparkle/gateway/internal/handler/chat_orchestrator_feedback.go:225.34,226.26 1 0
github.com/sparkle/gateway/internal/handler/chat_orchestrator_feedback.go:226.26,235.18 5 0
github.com/sparkle/gateway/internal/handler/chat_orchestrator_feedback.go:235.18,241.5 3 0
github.com/sparkle/gateway/internal/handler/chat_orchestrator_feedback.go:244.4,247.6 1 0
github.com/sparkle/gateway/internal/handler/chat_orchestrator_feedback.go:248.9,248.33 1 0
github.com/sparkle/gateway/internal/handler/chat_orchestrator_feedback.go:248.33,258.4 2 0
github.com/sparkle/gateway/internal/handler/chat_orchestrator_feedback.go:260.35,261.26 1 0
github.com/sparkle/gateway/internal/handler/chat_orchestrator_feedback.go:261.26,269.4 2 0
github.com/sparkle/gateway/internal/handler/chat_orchestrator_feedback.go:269.9,269.33 1 0
github.com/sparkle/gateway/internal/handler/chat_orchestrator_feedback.go:269.33,276.4 2 0
github.com/sparkle/gateway/internal/handler/chat_orchestrator_feedback.go:278.20,279.26 1 0
github.com/sparkle/gateway/internal/handler/chat_orchestrator_feedback.go:279.26,287.4 2 0
github.com/sparkle/gateway/internal/handler/chat_orchestrator_feedback.go:287.9,287.33 1 0
github.com/sparkle/gateway/internal/handler/chat_orchestrator_feedback.go:287.33,294.4 2 0
github.com/sparkle/gateway/internal/handler/chat_orchestrator_feedback.go:296.27,297.104 1 0
github.com/sparkle/gateway/internal/handler/chat_orchestrator_feedback.go:299.10,300.71 1 0
github.com/sparkle/gateway/internal/handler/chat_orchestrator_feedback.go:304.2,304.93 1 0
github.com/sparkle/gateway/internal/handler/chat_orchestrator_feedback.go:304.93,306.3 1 0
github.com/sparkle/gateway/internal/handler/chat_orchestrator_feedback.go:309.56,310.33 1 0
github.com/sparkle/gateway/internal/handler/chat_orchestrator_feedback.go:311.17,312.18 1 0
github.com/sparkle/gateway/internal/handler/chat_orchestrator_feedback.go:313.17,314.19 1 0
github.com/sparkle/gateway/internal/handler/chat_orchestrator_feedback.go:315.10,316.18 1 0
github.com/sparkle/gateway/internal/handler/chat_orchestrator_feedback.go:320.52,321.37 1 0
github.com/sparkle/gateway/internal/handler/chat_orchestrator_feedback.go:322.20,323.17 1 0
github.com/sparkle/gateway/internal/handler/chat_orchestrator_feedback.go:324.62,325.22 1 0
github.com/sparkle/gateway/internal/handler/chat_orchestrator_feedback.go:326.10,327.18 1 0
github.com/sparkle/gateway/internal/handler/chat_orchestrator_feedback.go:338.3,339.61 1 0
github.com/sparkle/gateway/internal/handler/chat_orchestrator_feedback.go:339.61,345.3 2 0
github.com/sparkle/gateway/internal/handler/chat_orchestrator_feedback.go:347.2,349.42 3 0
github.com/sparkle/gateway/internal/handler/chat_orchestrator_feedback.go:349.42,354.17 3 0
github.com/sparkle/gateway/internal/handler/chat_orchestrator_feedback.go:354.17,360.4 2 0
github.com/sparkle/gateway/internal/handler/chat_orchestrator_feedback.go:361.3,361.17 1 0
github.com/sparkle/gateway/internal/handler/chat_orchestrator_feedback.go:364.2,366.16 3 0
github.com/sparkle/gateway/internal/handler/chat_orchestrator_feedback.go:366.16,372.3 2 0
github.com/sparkle/gateway/internal/handler/chat_orchestrator_feedback.go:373.2,377.16 4 0
github.com/sparkle/gateway/internal/handler/chat_orchestrator_feedback.go:377.16,383.3 2 0
github.com/sparkle/gateway/internal/handler/chat_orchestrator_feedback.go:384.2,387.68 3 0
github.com/sparkle/gateway/internal/handler/chat_orchestrator_feedback.go:387.68,393.3 2 0
github.com/sparkle/gateway/internal/handler/chat_orchestrator_feedback.go:394.2,394.28 1 0
github.com/sparkle/gateway/internal/handler/chat_orchestrator_feedback.go:394.28,396.20 2 0
github.com/sparkle/gateway/internal/handler/chat_orchestrator_feedback.go:396.20,398.4 1 0
github.com/sparkle/gateway/internal/handler/chat_orchestrator_feedback.go:399.3,403.9 2 0
github.com/sparkle/gateway/internal/handler/chat_orchestrator_feedback.go:406.2,408.42 3 0
github.com/sparkle/gateway/internal/handler/chat_orchestrator_feedback.go:408.42,411.3 2 0
github.com/sparkle/gateway/internal/handler/chat_orchestrator_feedback.go:412.2,416.77 2 0
github.com/sparkle/gateway/internal/handler/chat_orchestrator_feedback.go:419.120,431.26 11 1
github.com/sparkle/gateway/internal/handler/chat_orchestrator_feedback.go:431.26,434.3 2 0
github.com/sparkle/gateway/internal/handler/chat_orchestrator_feedback.go:434.8,434.96 1 1
github.com/sparkle/gateway/internal/handler/chat_orchestrator_feedback.go:434.96,437.3 2 0
github.com/sparkle/gateway/internal/handler/chat_orchestrator_feedback.go:439.2,469.3 1 1
github.com/sparkle/gateway/internal/handler/chat_orchestrator_feedback.go:472.121,473.24 1 1
github.com/sparkle/gateway/internal/handler/chat_orchestrator_feedback.go:473.24,475.3 1 0
github.com/sparkle/gateway/internal/handler/chat_orchestrator_feedback.go:476.2,476.26 1 1
github.com/sparkle/gateway/internal/handler/chat_orchestrator_feedback.go:476.26,477.95 1 1
github.com/sparkle/gateway/internal/handler/chat_orchestrator_feedback.go:477.95,479.4 1 1
github.com/sparkle/gateway/internal/handler/chat_orchestrator_feedback.go:480.3,480.86 1 0
github.com/sparkle/gateway/internal/handler/chat_orchestrator_feedback.go:480.86,482.4 1 0
github.com/sparkle/gateway/internal/handler/chat_orchestrator_feedback.go:483.3,483.95 1 0
github.com/sparkle/gateway/internal/handler/chat_orchestrator_feedback.go:483.95,485.4 1 0
github.com/sparkle/gateway/internal/handler/chat_orchestrator_feedback.go:487.2,487.59 1 0
github.com/sparkle/gateway/internal/handler/chat_orchestrator_feedback.go:490.65,491.50 1 1
github.com/sparkle/gateway/internal/handler/chat_orchestrator_feedback.go:491.50,493.3 1 1
github.com/sparkle/gateway/internal/handler/chat_orchestrator_feedback.go:494.2,494.68 1 0
github.com/sparkle/gateway/internal/handler/chat_orchestrator_feedback.go:494.68,495.55 1 0
github.com/sparkle/gateway/internal/handler/chat_orchestrator_feedback.go:495.55,497.4 1 0
github.com/sparkle/gateway/internal/handler/chat_orchestrator_feedback.go:499.2,499.11 1 0
github.com/sparkle/gateway/internal/handler/chat_orchestrator_feedback.go:502.108,503.65 1 0
github.com/sparkle/gateway/internal/handler/chat_orchestrator_feedback.go:503.65,505.3 1 0
github.com/sparkle/gateway/internal/handler/chat_orchestrator_feedback.go:507.2,518.16 3 0
github.com/sparkle/gateway/internal/handler/chat_orchestrator_feedback.go:518.16,520.3 1 0
github.com/sparkle/gateway/internal/handler/chat_orchestrator_feedback.go:522.2,524.16 3 0
github.com/sparkle/gateway/internal/handler/chat_orchestrator_feedback.go:524.16,526.3 1 0
github.com/sparkle/gateway/internal/handler/chat_orchestrator_feedback.go:527.2,531.16 4 0
github.com/sparkle/gateway/internal/handler/chat_orchestrator_feedback.go:531.16,533.3 1 0
github.com/sparkle/gateway/internal/handler/chat_orchestrator_feedback.go:534.2,536.28 2 0
github.com/sparkle/gateway/internal/handler/chat_orchestrator_feedback.go:536.28,538.3 1 0
github.com/sparkle/gateway/internal/handler/chat_orchestrator_feedback.go:539.2,539.12 1 0
github.com/sparkle/gateway/internal/handler/chat_orchestrator_feedback.go:542.142,544.9 2 0
github.com/sparkle/gateway/internal/handler/chat_orchestrator_feedback.go:544.9,547.3 2 0
github.com/sparkle/gateway/internal/handler/chat_orchestrator_feedback.go:549.2,551.47 3 0
github.com/sparkle/gateway/internal/handler/chat_orchestrator_feedback.go:551.47,553.3 1 0
github.com/sparkle/gateway/internal/handler/chat_orchestrator_feedback.go:554.2,556.38 2 0
github.com/sparkle/gateway/internal/handler/chat_orchestrator_feedback.go:556.38,560.3 3 0
github.com/sparkle/gateway/internal/handler/chat_orchestrator_feedback.go:563.2,574.28 4 0
github.com/sparkle/gateway/internal/handler/chat_orchestrator_feedback.go:574.28,576.17 2 0
github.com/sparkle/gateway/internal/handler/chat_orchestrator_feedback.go:576.17,577.9 1 0
github.com/sparkle/gateway/internal/handler/chat_orchestrator_feedback.go:581.2,581.16 1 0
github.com/sparkle/gateway/internal/handler/chat_orchestrator_feedback.go:581.16,585.3 3 0
github.com/sparkle/gateway/internal/handler/chat_orchestrator_feedback.go:587.2,590.27 2 0
github.com/sparkle/gateway/internal/handler/chat_orchestrator_feedback.go:590.27,594.3 3 0
github.com/sparkle/gateway/internal/handler/chat_orchestrator_feedback.go:596.2,601.16 4 0
github.com/sparkle/gateway/internal/handler/chat_orchestrator_feedback.go:601.16,605.3 3 0
github.com/sparkle/gateway/internal/handler/chat_orchestrator_feedback.go:607.2,607.18 1 0
github.com/sparkle/gateway/internal/handler/chat_orchestrator_feedback.go:607.18,609.3 1 0
github.com/sparkle/gateway/internal/handler/chat_orchestrator_feedback.go:609.8,611.3 1 0
github.com/sparkle/gateway/internal/handler/chat_orchestrator_feedback.go:614.158,616.28 2 0
github.com/sparkle/gateway/internal/handler/chat_orchestrator_feedback.go:616.28,620.3 3 0
github.com/sparkle/gateway/internal/handler/chat_orchestrator_feedback.go:622.2,623.31 2 0
github.com/sparkle/gateway/internal/handler/chat_orchestrator_feedback.go:623.31,627.3 3 0
github.com/sparkle/gateway/internal/handler/chat_orchestrator_feedback.go:629.2,630.66 2 0
github.com/sparkle/gateway/internal/handler/chat_orchestrator_feedback.go:630.66,632.3 1 0
github.com/sparkle/gateway/internal/handler/chat_orchestrator_feedback.go:634.2,634.43 1 0
github.com/sparkle/gateway/internal/handler/chat_orchestrator_feedback.go:634.43,638.3 3 0
github.com/sparkle/gateway/internal/handler/chat_orchestrator_feedback.go:640.2,645.16 3 0
github.com/sparkle/gateway/internal/handler/chat_orchestrator_feedback.go:645.16,649.3 3 0
github.com/sparkle/gateway/internal/handler/chat_orchestrator_feedback.go:651.2,653.16 3 0
github.com/sparkle/gateway/internal/handler/chat_orchestrator_feedback.go:653.16,657.3 3 0
github.com/sparkle/gateway/internal/handler/chat_orchestrator_feedback.go:658.2,662.16 4 0
github.com/sparkle/gateway/internal/handler/chat_orchestrator_feedback.go:662.16,666.3 3 0
github.com/sparkle/gateway/internal/handler/chat_orchestrator_feedback.go:667.2,669.28 2 0
github.com/sparkle/gateway/internal/handler/chat_orchestrator_feedback.go:669.28,673.3 3 0
github.com/sparkle/gateway/internal/handler/chat_orchestrator_feedback.go:675.2,675.52 1 0
github.com/sparkle/gateway/internal/handler/chat_orchestrator_feedback.go:678.168,680.29 2 0
github.com/sparkle/gateway/internal/handler/chat_orchestrator_feedback.go:680.29,684.3 3 0
github.com/sparkle/gateway/internal/handler/chat_orchestrator_feedback.go:686.2,687.34 2 0
github.com/sparkle/gateway/internal/handler/chat_orchestrator_feedback.go:687.34,691.3 3 0
github.com/sparkle/gateway/internal/handler/chat_orchestrator_feedback.go:693.2,694.42 2 0
github.com/sparkle/gateway/internal/handler/chat_orchestrator_feedback.go:695.33,696.55 1 0
github.com/sparkle/gateway/internal/handler/chat_orchestrator_feedback.go:697.40,698.57 1 0
github.com/sparkle/gateway/internal/handler/chat_orchestrator_feedback.go:699.10,702.9 3 0
github.com/sparkle/gateway/internal/handler/chat_orchestrator_feedback.go:705.2,706.19 2 0
github.com/sparkle/gateway/internal/handler/chat_orchestrator_feedback.go:706.19,707.71 1 0
github.com/sparkle/gateway/internal/handler/chat_orchestrator_feedback.go:707.71,709.4 1 0
github.com/sparkle/gateway/internal/handler/chat_orchestrator_feedback.go:712.2,731.54 3 0
github.com/sparkle/gateway/internal/handler/chat_orchestrator_feedback.go:731.54,732.28 1 0
github.com/sparkle/gateway/internal/handler/chat_orchestrator_feedback.go:732.28,733.37 1 0
github.com/sparkle/gateway/internal/handler/chat_orchestrator_feedback.go:733.37,734.59 1 0
github.com/sparkle/gateway/internal/handler/chat_orchestrator_feedback.go:734.59,736.6 1 0
github.com/sparkle/gateway/internal/handler/chat_orchestrator_feedback.go:741.2,746.60 5 0
github.com/sparkle/gateway/internal/handler/chat_orchestrator_feedback.go:746.60,747.29 1 0
github.com/sparkle/gateway/internal/handler/chat_orchestrator_feedback.go:747.29,749.4 1 0
github.com/sparkle/gateway/internal/handler/chat_orchestrator_feedback.go:752.2,752.26 1 0
github.com/sparkle/gateway/internal/handler/chat_orchestrator_feedback.go:752.26,756.3 3 0
github.com/sparkle/gateway/internal/handler/chat_orchestrator_feedback.go:758.2,776.48 6 0
github.com/sparkle/gateway/internal/handler/chat_orchestrator_feedback.go:776.48,780.3 3 0
github.com/sparkle/gateway/internal/handler/chat_orchestrator_feedback.go:782.2,782.57 1 0
github.com/sparkle/gateway/internal/handler/chat_orchestrator_feedback.go:786.149,788.2 1 0
github.com/sparkle/gateway/internal/handler/chat_orchestrator_feedback.go:791.121,801.25 2 0
github.com/sparkle/gateway/internal/handler/chat_orchestrator_feedback.go:801.25,803.3 1 0
github.com/sparkle/gateway/internal/handler/chat_orchestrator_feedback.go:806.2,806.52 1 0
github.com/sparkle/gateway/internal/handler/chat_orchestrator_feedback.go:806.52,808.3 1 0
github.com/sparkle/gateway/internal/handler/chat_orchestrator_feedback.go:808.8,810.3 1 0
github.com/sparkle/gateway/internal/handler/chat_orchestrator_feedback.go:813.134,815.2 1 0
github.com/sparkle/gateway/internal/handler/chat_orchestrator_feedback.go:817.105,824.19 2 0
github.com/sparkle/gateway/internal/handler/chat_orchestrator_feedback.go:824.19,826.3 1 0
github.com/sparkle/gateway/internal/handler/chat_orchestrator_feedback.go:827.2,827.50 1 0
github.com/sparkle/gateway/internal/handler/chat_orchestrator_feedback.go:827.50,829.3 1 0
github.com/sparkle/gateway/internal/handler/chat_orchestrator_feedback.go:832.140,834.2 1 0
github.com/sparkle/gateway/internal/handler/chat_orchestrator_feedback.go:837.142,839.2 1 0
github.com/sparkle/gateway/internal/handler/chat_orchestrator_feedback.go:843.164,845.9 2 0
github.com/sparkle/gateway/internal/handler/chat_orchestrator_feedback.go:845.9,848.3 2 0
github.com/sparkle/gateway/internal/handler/chat_orchestrator_feedback.go:850.2,851.9 2 0
github.com/sparkle/gateway/internal/handler/chat_orchestrator_feedback.go:851.9,854.3 2 0
github.com/sparkle/gateway/internal/handler/chat_orchestrator_feedback.go:856.2,866.22 6 0
github.com/sparkle/gateway/internal/handler/chat_orchestrator_feedback.go:867.17,870.57 3 0
github.com/sparkle/gateway/internal/handler/chat_orchestrator_feedback.go:871.16,874.57 3 0
github.com/sparkle/gateway/internal/handler/chat_orchestrator_feedback.go:875.16,878.65 3 0
github.com/sparkle/gateway/internal/handler/chat_orchestrator_feedback.go:879.10,882.61 3 0
github.com/sparkle/gateway/internal/handler/chat_orchestrator_feedback.go:886.2,887.60 2 0
github.com/sparkle/gateway/internal/handler/chat_orchestrator_feedback.go:887.60,888.29 1 0
github.com/sparkle/gateway/internal/handler/chat_orchestrator_feedback.go:888.29,890.4 1 0
github.com/sparkle/gateway/internal/handler/chat_orchestrator_feedback.go:893.2,893.26 1 0
github.com/sparkle/gateway/internal/handler/chat_orchestrator_feedback.go:893.26,900.3 3 0
github.com/sparkle/gateway/internal/handler/chat_orchestrator_feedback.go:902.2,915.48 5 0
github.com/sparkle/gateway/internal/handler/chat_orchestrator_feedback.go:915.48,923.3 3 0
github.com/sparkle/gateway/internal/handler/chat_orchestrator_feedback.go:926.2,926.24 1 0
github.com/sparkle/gateway/internal/handler/chat_orchestrator_feedback.go:926.24,928.3 1 0
github.com/sparkle/gateway/internal/handler/chat_orchestrator_feedback.go:930.2,934.4 1 0
github.com/sparkle/gateway/internal/handler/chat_orchestrator_feedback.go:938.106,940.9 2 0
github.com/sparkle/gateway/internal/handler/chat_orchestrator_feedback.go:940.9,943.3 2 0
github.com/sparkle/gateway/internal/handler/chat_orchestrator_feedback.go:945.2,946.9 2 0
github.com/sparkle/gateway/internal/handler/chat_orchestrator_feedback.go:946.9,949.3 2 0
github.com/sparkle/gateway/internal/handler/chat_orchestrator_feedback.go:951.2,952.64 2 0
github.com/sparkle/gateway/internal/handler/chat_orchestrator_feedback.go:952.64,953.27 1 0
github.com/sparkle/gateway/internal/handler/chat_orchestrator_feedback.go:953.27,954.36 1 0
github.com/sparkle/gateway/internal/handler/chat_orchestrator_feedback.go:954.36,956.5 1 0
github.com/sparkle/gateway/internal/handler/chat_orchestrator_feedback.go:960.2,963.43 2 0
github.com/sparkle/gateway/internal/handler/chat_orchestrator_feedback.go:963.43,966.3 2 0
github.com/sparkle/gateway/internal/handler/chat_orchestrator_feedback.go:968.2,969.19 2 0
github.com/sparkle/gateway/internal/handler/chat_orchestrator_feedback.go:969.19,972.3 2 0
github.com/sparkle/gateway/internal/handler/chat_orchestrator_feedback.go:974.2,984.71 4 0
github.com/sparkle/gateway/internal/handler/chat_orchestrator_feedback.go:984.71,986.3 1 0
github.com/sparkle/gateway/internal/handler/chat_orchestrator_feedback.go:988.2,988.42 1 0
github.com/sparkle/gateway/internal/handler/chat_orchestrator_feedback.go:988.42,989.47 1 0
github.com/sparkle/gateway/internal/handler/chat_orchestrator_feedback.go:989.47,991.9 2 0
github.com/sparkle/gateway/internal/handler/chat_orchestrator_feedback.go:995.2,996.16 2 0
github.com/sparkle/gateway/internal/handler/chat_orchestrator_feedback.go:996.16,999.3 2 0
github.com/sparkle/gateway/internal/handler/chat_orchestrator_feedback.go:1001.2,1003.16 3 0
github.com/sparkle/gateway/internal/handler/chat_orchestrator_feedback.go:1003.16,1006.3 2 0
github.com/sparkle/gateway/internal/handler/chat_orchestrator_feedback.go:1007.2,1011.16 4 0
github.com/sparkle/gateway/internal/handler/chat_orchestrator_feedback.go:1011.16,1014.3 2 0
github.com/sparkle/gateway/internal/handler/chat_orchestrator_feedback.go:1015.2,1017.28 2 0
github.com/sparkle/gateway/internal/handler/chat_orchestrator_feedback.go:1017.28,1020.3 2 0
github.com/sparkle/gateway/internal/handler/chat_orchestrator_feedback.go:1022.2,1022.68 1 0
github.com/sparkle/gateway/internal/handler/chat_orchestrator_feedback.go:1026.120,1028.2 1 0
github.com/sparkle/gateway/internal/handler/chat_orchestrator_feedback.go:1030.101,1038.17 1 0
github.com/sparkle/gateway/internal/handler/chat_orchestrator_feedback.go:1038.17,1040.3 1 0
github.com/sparkle/gateway/internal/handler/chat_orchestrator_protocol.go:53.63,55.2 1 1
github.com/sparkle/gateway/internal/handler/chat_orchestrator_protocol.go:57.63,58.17 1 0
github.com/sparkle/gateway/internal/handler/chat_orchestrator_protocol.go:58.17,60.3 1 0
github.com/sparkle/gateway/internal/handler/chat_orchestrator_protocol.go:61.2,61.94 1 0
github.com/sparkle/gateway/internal/handler/chat_orchestrator_protocol.go:64.88,65.23 1 1
github.com/sparkle/gateway/internal/handler/chat_orchestrator_protocol.go:65.23,67.3 1 1
github.com/sparkle/gateway/internal/handler/chat_orchestrator_protocol.go:68.2,68.33 1 1
github.com/sparkle/gateway/internal/handler/chat_orchestrator_protocol.go:72.100,74.40 2 1
github.com/sparkle/gateway/internal/handler/chat_orchestrator_protocol.go:74.40,75.28 1 1
github.com/sparkle/gateway/internal/handler/chat_orchestrator_protocol.go:75.28,77.21 2 1
github.com/sparkle/gateway/internal/handler/chat_orchestrator_protocol.go:77.21,79.13 2 1
github.com/sparkle/gateway/internal/handler/chat_orchestrator_protocol.go:81.4,81.76 1 1
github.com/sparkle/gateway/internal/handler/chat_orchestrator_protocol.go:81.76,83.13 2 1
github.com/sparkle/gateway/internal/handler/chat_orchestrator_protocol.go:85.4,86.66 2 1
github.com/sparkle/gateway/internal/handler/chat_orchestrator_protocol.go:86.66,88.5 1 1
github.com/sparkle/gateway/internal/handler/chat_orchestrator_protocol.go:88.10,91.5 2 0
github.com/sparkle/gateway/internal/handler/chat_orchestrator_protocol.go:92.4,92.12 1 1
github.com/sparkle/gateway/internal/handler/chat_orchestrator_protocol.go:94.3,94.24 1 1
github.com/sparkle/gateway/internal/handler/chat_orchestrator_protocol.go:97.2,107.49 2 1
github.com/sparkle/gateway/internal/handler/chat_orchestrator_protocol.go:107.49,110.3 2 1
github.com/sparkle/gateway/internal/handler/chat_orchestrator_protocol.go:113.2,113.40 1 1
github.com/sparkle/gateway/internal/handler/chat_orchestrator_protocol.go:114.35,116.54 2 0
github.com/sparkle/gateway/internal/handler/chat_orchestrator_protocol.go:117.38,123.4 2 0
github.com/sparkle/gateway/internal/handler/chat_orchestrator_protocol.go:124.42,126.44 2 1
github.com/sparkle/gateway/internal/handler/chat_orchestrator_protocol.go:126.44,128.4 1 1
github.com/sparkle/gateway/internal/handler/chat_orchestrator_protocol.go:129.3,134.4 1 1
github.com/sparkle/gateway/internal/handler/chat_orchestrator_protocol.go:135.38,137.61 2 1
github.com/sparkle/gateway/internal/handler/chat_orchestrator_protocol.go:138.35,141.21 3 1
github.com/sparkle/gateway/internal/handler/chat_orchestrator_protocol.go:141.21,143.4 1 0
github.com/sparkle/gateway/internal/handler/chat_orchestrator_protocol.go:144.3,149.30 2 1
github.com/sparkle/gateway/internal/handler/chat_orchestrator_protocol.go:150.35,157.4 2 0
github.com/sparkle/gateway/internal/handler/chat_orchestrator_protocol.go:158.39,161.49 3 1
github.com/sparkle/gateway/internal/handler/chat_orchestrator_protocol.go:161.49,174.4 1 1
github.com/sparkle/gateway/internal/handler/chat_orchestrator_protocol.go:175.3,176.43 2 1
github.com/sparkle/gateway/internal/handler/chat_orchestrator_protocol.go:176.43,178.4 1 1
github.com/sparkle/gateway/internal/handler/chat_orchestrator_protocol.go:179.40,183.23 4 1
github.com/sparkle/gateway/internal/handler/chat_orchestrator_protocol.go:183.23,185.4 1 1
github.com/sparkle/gateway/internal/handler/chat_orchestrator_protocol.go:186.3,187.29 2 1
github.com/sparkle/gateway/internal/handler/chat_orchestrator_protocol.go:187.29,189.4 1 0
github.com/sparkle/gateway/internal/handler/chat_orchestrator_protocol.go:190.3,191.23 2 1
github.com/sparkle/gateway/internal/handler/chat_orchestrator_protocol.go:191.23,193.4 1 1
github.com/sparkle/gateway/internal/handler/chat_orchestrator_protocol.go:194.3,194.27 1 1
github.com/sparkle/gateway/internal/handler/chat_orchestrator_protocol.go:194.27,196.4 1 1
github.com/sparkle/gateway/internal/handler/chat_orchestrator_protocol.go:196.9,196.47 1 0
github.com/sparkle/gateway/internal/handler/chat_orchestrator_protocol.go:196.47,198.33 2 0
github.com/sparkle/gateway/internal/handler/chat_orchestrator_protocol.go:198.33,200.5 1 0
github.com/sparkle/gateway/internal/handler/chat_orchestrator_protocol.go:201.4,201.23 1 0
github.com/sparkle/gateway/internal/handler/chat_orchestrator_protocol.go:203.3,212.4 1 1
github.com/sparkle/gateway/internal/handler/chat_orchestrator_protocol.go:213.42,218.17 5 1
github.com/sparkle/gateway/internal/handler/chat_orchestrator_protocol.go:218.17,220.25 2 1
github.com/sparkle/gateway/internal/handler/chat_orchestrator_protocol.go:220.25,222.49 2 1
github.com/sparkle/gateway/internal/handler/chat_orchestrator_protocol.go:222.49,229.6 1 1
github.com/sparkle/gateway/internal/handler/chat_orchestrator_protocol.go:230.5,236.6 1 1
github.com/sparkle/gateway/internal/handler/chat_orchestrator_protocol.go:238.4,239.26 2 1
github.com/sparkle/gateway/internal/handler/chat_orchestrator_protocol.go:239.26,241.5 1 1
github.com/sparkle/gateway/internal/handler/chat_orchestrator_protocol.go:242.4,243.27 2 1
github.com/sparkle/gateway/internal/handler/chat_orchestrator_protocol.go:243.27,248.5 1 0
github.com/sparkle/gateway/internal/handler/chat_orchestrator_protocol.go:249.4,268.5 1 1
github.com/sparkle/gateway/internal/handler/chat_orchestrator_protocol.go:270.3,270.40 1 1
github.com/sparkle/gateway/internal/handler/chat_orchestrator_protocol.go:271.10,273.48 1 1
github.com/sparkle/gateway/internal/handler/chat_orchestrator_protocol.go:273.48,275.4 1 1
github.com/sparkle/gateway/internal/handler/chat_orchestrator_protocol.go:275.9,275.52 1 1
github.com/sparkle/gateway/internal/handler/chat_orchestrator_protocol.go:275.52,278.4 1 1
github.com/sparkle/gateway/internal/handler/chat_orchestrator_protocol.go:281.2,281.52 1 1
github.com/sparkle/gateway/internal/handler/chat_orchestrator_protocol.go:281.52,283.48 2 1
github.com/sparkle/gateway/internal/handler/chat_orchestrator_protocol.go:283.48,285.4 1 1
github.com/sparkle/gateway/internal/handler/chat_orchestrator_protocol.go:288.2,288.15 1 1
github.com/sparkle/gateway/internal/handler/chat_orchestrator_protocol.go:291.97,296.15 4 1
github.com/sparkle/gateway/internal/handler/chat_orchestrator_protocol.go:297.18,299.42 2 0
github.com/sparkle/gateway/internal/handler/chat_orchestrator_protocol.go:300.19,302.44 2 0
github.com/sparkle/gateway/internal/handler/chat_orchestrator_protocol.go:303.24,305.43 2 1
github.com/sparkle/gateway/internal/handler/chat_orchestrator_protocol.go:306.20,308.43 2 0
github.com/sparkle/gateway/internal/handler/chat_orchestrator_protocol.go:309.14,311.48 2 0
github.com/sparkle/gateway/internal/handler/chat_orchestrator_protocol.go:314.2,314.31 1 1
github.com/sparkle/gateway/internal/handler/chat_orchestrator_protocol.go:314.31,316.3 1 0
github.com/sparkle/gateway/internal/handler/chat_orchestrator_protocol.go:318.2,323.3 1 1
github.com/sparkle/gateway/internal/handler/chat_orchestrator_protocol.go:335.44,337.44 2 1
github.com/sparkle/gateway/internal/handler/chat_orchestrator_protocol.go:337.44,338.34 1 1
github.com/sparkle/gateway/internal/handler/chat_orchestrator_protocol.go:338.34,340.4 1 0
github.com/sparkle/gateway/internal/handler/chat_orchestrator_protocol.go:342.2,342.14 1 1
github.com/sparkle/gateway/internal/handler/chat_orchestrator_protocol.go:345.197,349.14 4 1
github.com/sparkle/gateway/internal/handler/chat_orchestrator_protocol.go:349.14,353.3 3 0
github.com/sparkle/gateway/internal/handler/chat_orchestrator_protocol.go:353.8,353.27 1 1
github.com/sparkle/gateway/internal/handler/chat_orchestrator_protocol.go:353.27,356.3 2 0
github.com/sparkle/gateway/internal/handler/chat_orchestrator_protocol.go:358.2,359.24 2 1
github.com/sparkle/gateway/internal/handler/chat_orchestrator_protocol.go:359.24,361.25 2 1
github.com/sparkle/gateway/internal/handler/chat_orchestrator_protocol.go:361.25,362.9 1 0
github.com/sparkle/gateway/internal/handler/chat_orchestrator_protocol.go:366.2,367.14 2 1
github.com/sparkle/gateway/internal/handler/chat_orchestrator_protocol.go:367.14,369.3 1 0
github.com/sparkle/gateway/internal/handler/chat_orchestrator_protocol.go:369.8,369.29 1 1
github.com/sparkle/gateway/internal/handler/chat_orchestrator_protocol.go:369.29,371.3 1 1
github.com/sparkle/gateway/internal/handler/chat_orchestrator_protocol.go:373.2,383.3 1 1
github.com/sparkle/gateway/internal/handler/chat_orchestrator_protocol.go:386.105,388.25 2 1
github.com/sparkle/gateway/internal/handler/chat_orchestrator_protocol.go:388.25,390.3 1 0
github.com/sparkle/gateway/internal/handler/chat_orchestrator_protocol.go:391.2,391.24 1 1
github.com/sparkle/gateway/internal/handler/chat_orchestrator_protocol.go:391.24,393.34 2 1
github.com/sparkle/gateway/internal/handler/chat_orchestrator_protocol.go:393.34,394.55 1 1
github.com/sparkle/gateway/internal/handler/chat_orchestrator_protocol.go:394.55,396.10 2 0
github.com/sparkle/gateway/internal/handler/chat_orchestrator_protocol.go:399.3,399.15 1 1
github.com/sparkle/gateway/internal/handler/chat_orchestrator_protocol.go:399.15,401.4 1 1
github.com/sparkle/gateway/internal/handler/chat_orchestrator_protocol.go:404.2,405.25 2 1
github.com/sparkle/gateway/internal/handler/chat_orchestrator_protocol.go:405.25,407.3 1 0
github.com/sparkle/gateway/internal/handler/chat_orchestrator_protocol.go:409.2,414.3 1 1
github.com/sparkle/gateway/internal/handler/chat_orchestrator_protocol.go:417.31,418.11 1 1
github.com/sparkle/gateway/internal/handler/chat_orchestrator_protocol.go:418.11,420.3 1 0
github.com/sparkle/gateway/internal/handler/chat_orchestrator_protocol.go:421.2,421.10 1 1
github.com/sparkle/gateway/internal/handler/chat_orchestrator_protocol.go:424.58,426.50 2 1
github.com/sparkle/gateway/internal/handler/chat_orchestrator_protocol.go:426.50,428.3 1 0
github.com/sparkle/gateway/internal/handler/chat_orchestrator_protocol.go:429.2,430.9 2 1
github.com/sparkle/gateway/internal/handler/chat_orchestrator_protocol.go:430.9,432.3 1 1
github.com/sparkle/gateway/internal/handler/chat_orchestrator_protocol.go:433.2,434.61 2 1
github.com/sparkle/gateway/internal/handler/chat_orchestrator_protocol.go:434.61,436.3 1 0
github.com/sparkle/gateway/internal/handler/chat_orchestrator_protocol.go:437.2,437.23 1 1
github.com/sparkle/gateway/internal/handler/chat_orchestrator_protocol.go:437.23,439.3 1 0
github.com/sparkle/gateway/internal/handler/chat_orchestrator_protocol.go:440.2,441.49 2 1
github.com/sparkle/gateway/internal/handler/chat_orchestrator_protocol.go:441.49,443.3 1 0
github.com/sparkle/gateway/internal/handler/chat_orchestrator_protocol.go:444.2,446.18 3 1
github.com/sparkle/gateway/internal/handler/chat_orchestrator_protocol.go:449.69,450.9 1 1
github.com/sparkle/gateway/internal/handler/chat_orchestrator_protocol.go:451.38,452.24 1 1
github.com/sparkle/gateway/internal/handler/chat_orchestrator_protocol.go:453.37,454.23 1 1
github.com/sparkle/gateway/internal/handler/chat_orchestrator_protocol.go:455.41,456.27 1 0
github.com/sparkle/gateway/internal/handler/chat_orchestrator_protocol.go:457.41,458.27 1 0
github.com/sparkle/gateway/internal/handler/chat_orchestrator_protocol.go:459.45,460.31 1 0
github.com/sparkle/gateway/internal/handler/chat_orchestrator_protocol.go:461.47,462.33 1 0
github.com/sparkle/gateway/internal/handler/chat_orchestrator_protocol.go:463.43,464.29 1 0
github.com/sparkle/gateway/internal/handler/chat_orchestrator_protocol.go:465.46,466.32 1 1
github.com/sparkle/gateway/internal/handler/chat_orchestrator_protocol.go:467.10,468.12 1 0
github.com/sparkle/gateway/internal/handler/chat_orchestrator_protocol.go:472.76,474.53 2 1
github.com/sparkle/gateway/internal/handler/chat_orchestrator_protocol.go:474.53,476.3 1 1
github.com/sparkle/gateway/internal/handler/chat_orchestrator_protocol.go:477.2,477.20 1 1
github.com/sparkle/gateway/internal/handler/chat_orchestrator_protocol.go:480.77,482.55 2 1
github.com/sparkle/gateway/internal/handler/chat_orchestrator_protocol.go:482.55,484.3 1 1
github.com/sparkle/gateway/internal/handler/chat_orchestrator_protocol.go:485.2,485.42 1 1
github.com/sparkle/gateway/internal/handler/chat_orchestrator_protocol.go:486.36,487.34 1 1
github.com/sparkle/gateway/internal/handler/chat_orchestrator_protocol.go:488.39,489.32 1 1
github.com/sparkle/gateway/internal/handler/chat_orchestrator_protocol.go:489.32,497.4 7 1
github.com/sparkle/gateway/internal/handler/chat_orchestrator_protocol.go:498.10,499.54 1 0
github.com/sparkle/gateway/internal/handler/chat_orchestrator_protocol.go:501.2,506.35 6 1
github.com/sparkle/gateway/internal/handler/chat_orchestrator_protocol.go:506.35,509.3 2 1
github.com/sparkle/gateway/internal/handler/chat_orchestrator_protocol.go:510.2,513.50 4 1
github.com/sparkle/gateway/internal/handler/chat_orchestrator_protocol.go:513.50,515.3 1 1
github.com/sparkle/gateway/internal/handler/chat_orchestrator_protocol.go:516.2,516.12 1 1
github.com/sparkle/gateway/internal/handler/chat_orchestrator_protocol.go:519.94,520.27 1 1
github.com/sparkle/gateway/internal/handler/chat_orchestrator_protocol.go:520.27,522.3 1 0
github.com/sparkle/gateway/internal/handler/chat_orchestrator_protocol.go:523.2,523.88 1 1
github.com/sparkle/gateway/internal/handler/chat_orchestrator_protocol.go:523.88,525.3 1 1
github.com/sparkle/gateway/internal/handler/chat_orchestrator_protocol.go:526.2,529.26 2 0
github.com/sparkle/gateway/internal/handler/chat_orchestrator_protocol.go:529.26,531.3 1 0
github.com/sparkle/gateway/internal/handler/chat_orchestrator_protocol.go:532.2,532.58 1 0
github.com/sparkle/gateway/internal/handler/chat_orchestrator_protocol.go:535.57,539.2 3 0
github.com/sparkle/gateway/internal/handler/chat_orchestrator_protocol.go:541.33,544.2 2 0
github.com/sparkle/gateway/internal/handler/chat_orchestrator_protocol.go:546.33,549.2 2 0
github.com/sparkle/gateway/internal/handler/chat_orchestrator_protocol.go:551.145,553.52 2 0
github.com/sparkle/gateway/internal/handler/chat_orchestrator_protocol.go:553.52,556.3 2 0
github.com/sparkle/gateway/internal/handler/chat_orchestrator_protocol.go:560.2,571.20 6 0
github.com/sparkle/gateway/internal/handler/chat_orchestrator_protocol.go:572.14,574.65 2 0
github.com/sparkle/gateway/internal/handler/chat_orchestrator_protocol.go:574.65,578.4 3 0
github.com/sparkle/gateway/internal/handler/chat_orchestrator_protocol.go:580.3,582.16 3 0
github.com/sparkle/gateway/internal/handler/chat_orchestrator_protocol.go:582.16,585.4 2 0
github.com/sparkle/gateway/internal/handler/chat_orchestrator_protocol.go:587.3,589.40 3 0
github.com/sparkle/gateway/internal/handler/chat_orchestrator_protocol.go:589.40,592.4 2 0
github.com/sparkle/gateway/internal/handler/chat_orchestrator_protocol.go:593.3,595.44 2 0
github.com/sparkle/gateway/internal/handler/chat_orchestrator_protocol.go:595.44,599.4 2 0
github.com/sparkle/gateway/internal/handler/chat_orchestrator_protocol.go:601.3,601.70 1 0
github.com/sparkle/gateway/internal/handler/chat_orchestrator_protocol.go:603.29,605.61 2 0
github.com/sparkle/gateway/internal/handler/chat_orchestrator_protocol.go:605.61,609.4 3 0
github.com/sparkle/gateway/internal/handler/chat_orchestrator_protocol.go:610.3,610.62 1 0
github.com/sparkle/gateway/internal/handler/chat_orchestrator_protocol.go:612.10,614.73 2 0
github.com/sparkle/gateway/internal/handler/chat_orchestrator_protocol.go:618.159,621.27 2 0
github.com/sparkle/gateway/internal/handler/chat_orchestrator_protocol.go:621.27,625.3 3 0
github.com/sparkle/gateway/internal/handler/chat_orchestrator_protocol.go:627.2,635.16 6 0
github.com/sparkle/gateway/internal/handler/chat_orchestrator_protocol.go:635.16,639.3 3 0
github.com/sparkle/gateway/internal/handler/chat_orchestrator_protocol.go:641.2,641.18 1 0
github.com/sparkle/gateway/internal/handler/chat_orchestrator_protocol.go:641.18,643.3 1 0
github.com/sparkle/gateway/internal/handler/chat_orchestrator_protocol.go:643.8,645.3 1 0
github.com/sparkle/gateway/internal/handler/chat_orchestrator_protocol.go:648.52,650.15 2 1
github.com/sparkle/gateway/internal/handler/chat_orchestrator_protocol.go:650.15,652.3 1 1
github.com/sparkle/gateway/internal/handler/chat_orchestrator_protocol.go:653.2,654.16 2 1
github.com/sparkle/gateway/internal/handler/chat_orchestrator_protocol.go:654.16,656.3 1 1
github.com/sparkle/gateway/internal/handler/chat_orchestrator_protocol.go:657.2,657.12 1 1
github.com/sparkle/gateway/internal/handler/chat_orchestrator_protocol.go:660.67,661.45 1 0
github.com/sparkle/gateway/internal/handler/chat_orchestrator_protocol.go:661.45,664.3 2 0
github.com/sparkle/gateway/internal/handler/chat_orchestrator_protocol.go:665.2,665.19 1 0
github.com/sparkle/gateway/internal/handler/chat_orchestrator_protocol.go:668.64,669.17 1 1
github.com/sparkle/gateway/internal/handler/chat_orchestrator_protocol.go:669.17,671.3 1 0
github.com/sparkle/gateway/internal/handler/chat_orchestrator_protocol.go:672.2,672.55 1 1
github.com/sparkle/gateway/internal/handler/chat_orchestrator_protocol.go:672.55,675.3 2 1
github.com/sparkle/gateway/internal/handler/chat_orchestrator_protocol.go:676.2,676.10 1 1
github.com/sparkle/gateway/internal/handler/chat_orchestrator_protocol.go:679.62,681.39 2 1
github.com/sparkle/gateway/internal/handler/chat_orchestrator_protocol.go:681.39,683.3 1 0
github.com/sparkle/gateway/internal/handler/chat_orchestrator_protocol.go:684.2,684.29 1 1
github.com/sparkle/gateway/internal/handler/chat_orchestrator_protocol.go:687.52,688.50 1 1
github.com/sparkle/gateway/internal/handler/chat_orchestrator_protocol.go:689.46,690.55 1 0
github.com/sparkle/gateway/internal/handler/chat_orchestrator_protocol.go:691.22,692.51 1 0
github.com/sparkle/gateway/internal/handler/chat_orchestrator_protocol.go:693.19,694.48 1 0
github.com/sparkle/gateway/internal/handler/chat_orchestrator_protocol.go:695.19,696.48 1 0
github.com/sparkle/gateway/internal/handler/chat_orchestrator_protocol.go:697.39,698.47 1 0
github.com/sparkle/gateway/internal/handler/chat_orchestrator_protocol.go:699.58,700.51 1 1
github.com/sparkle/gateway/internal/handler/chat_orchestrator_protocol.go:701.45,702.50 1 0
github.com/sparkle/gateway/internal/handler/chat_orchestrator_protocol.go:703.38,704.46 1 0
github.com/sparkle/gateway/internal/handler/chat_orchestrator_protocol.go:705.57,706.47 1 1
github.com/sparkle/gateway/internal/handler/chat_orchestrator_protocol.go:707.17,708.46 1 0
github.com/sparkle/gateway/internal/handler/chat_orchestrator_protocol.go:709.10,711.50 2 1
github.com/sparkle/gateway/internal/handler/chat_orchestrator_responder.go:23.108,29.2 1 0
github.com/sparkle/gateway/internal/handler/chat_orchestrator_responder.go:31.39,42.16 5 0
github.com/sparkle/gateway/internal/handler/chat_orchestrator_responder.go:42.16,45.3 2 0
github.com/sparkle/gateway/internal/handler/chat_orchestrator_responder.go:46.2,47.62 2 0
github.com/sparkle/gateway/internal/handler/chat_orchestrator_responder.go:47.62,49.3 1 0
github.com/sparkle/gateway/internal/handler/chat_orchestrator_responder.go:52.77,61.16 5 0
github.com/sparkle/gateway/internal/handler/chat_orchestrator_responder.go:61.16,64.3 2 0
github.com/sparkle/gateway/internal/handler/chat_orchestrator_responder.go:65.2,66.80 2 0
github.com/sparkle/gateway/internal/handler/chat_orchestrator_responder.go:66.80,68.3 1 0
github.com/sparkle/gateway/internal/handler/chat_orchestrator_responder.go:71.100,78.25 3 0
github.com/sparkle/gateway/internal/handler/chat_orchestrator_responder.go:78.25,80.3 1 0
github.com/sparkle/gateway/internal/handler/chat_orchestrator_responder.go:81.2,82.16 2 0
github.com/sparkle/gateway/internal/handler/chat_orchestrator_responder.go:82.16,85.3 2 0
github.com/sparkle/gateway/internal/handler/chat_orchestrator_responder.go:86.2,87.80 2 0
github.com/sparkle/gateway/internal/handler/chat_orchestrator_responder.go:87.80,89.3 1 0
github.com/sparkle/gateway/internal/handler/chat_orchestrator_responder.go:92.76,94.16 2 0
github.com/sparkle/gateway/internal/handler/chat_orchestrator_responder.go:94.16,97.3 2 0
github.com/sparkle/gateway/internal/handler/chat_orchestrator_responder.go:98.2,101.88 2 0
github.com/sparkle/gateway/internal/handler/chat_orchestrator_responder.go:101.88,103.3 1 0
github.com/sparkle/gateway/internal/handler/chat_orchestrator_responder.go:106.84,113.19 3 0
github.com/sparkle/gateway/internal/handler/chat_orchestrator_responder.go:113.19,115.3 1 0
github.com/sparkle/gateway/internal/handler/chat_orchestrator_responder.go:116.2,117.16 2 0
github.com/sparkle/gateway/internal/handler/chat_orchestrator_responder.go:117.16,120.3 2 0
github.com/sparkle/gateway/internal/handler/chat_orchestrator_responder.go:121.2,122.80 2 0
github.com/sparkle/gateway/internal/handler/chat_orchestrator_responder.go:122.80,124.3 1 0
github.com/sparkle/gateway/internal/handler/chat_orchestrator_responder.go:127.89,134.19 3 0
github.com/sparkle/gateway/internal/handler/chat_orchestrator_responder.go:134.19,136.3 1 0
github.com/sparkle/gateway/internal/handler/chat_orchestrator_responder.go:137.2,138.16 2 0
github.com/sparkle/gateway/internal/handler/chat_orchestrator_responder.go:138.16,141.3 2 0
github.com/sparkle/gateway/internal/handler/chat_orchestrator_responder.go:142.2,143.80 2 0
github.com/sparkle/gateway/internal/handler/chat_orchestrator_responder.go:143.80,145.3 1 0
github.com/sparkle/gateway/internal/handler/chat_orchestrator_responder.go:148.92,157.16 4 0
github.com/sparkle/gateway/internal/handler/chat_orchestrator_responder.go:157.16,160.3 2 0
github.com/sparkle/gateway/internal/handler/chat_orchestrator_responder.go:161.2,162.80 2 0
github.com/sparkle/gateway/internal/handler/chat_orchestrator_responder.go:162.80,164.3 1 0
github.com/sparkle/gateway/internal/handler/chat_orchestrator_responder.go:167.82,175.16 4 0
github.com/sparkle/gateway/internal/handler/chat_orchestrator_responder.go:175.16,178.3 2 0
github.com/sparkle/gateway/internal/handler/chat_orchestrator_responder.go:179.2,180.80 2 0
github.com/sparkle/gateway/internal/handler/chat_orchestrator_responder.go:180.80,182.3 1 0
github.com/sparkle/gateway/internal/handler/chat_orchestrator_responder.go:185.80,187.16 2 0
github.com/sparkle/gateway/internal/handler/chat_orchestrator_responder.go:187.16,189.3 1 0
github.com/sparkle/gateway/internal/handler/chat_orchestrator_responder.go:190.2,193.64 2 0
github.com/sparkle/gateway/internal/handler/chat_orchestrator_responder.go:196.73,198.16 2 0
github.com/sparkle/gateway/internal/handler/chat_orchestrator_responder.go:198.16,200.3 1 0
github.com/sparkle/gateway/internal/handler/chat_orchestrator_responder.go:201.2,204.64 2 0
github.com/sparkle/gateway/internal/handler/chat_orchestrator_responder.go:207.104,213.25 2 0
github.com/sparkle/gateway/internal/handler/chat_orchestrator_responder.go:213.25,215.3 1 0
github.com/sparkle/gateway/internal/handler/chat_orchestrator_responder.go:216.2,220.80 3 0
github.com/sparkle/gateway/internal/handler/chat_orchestrator_responder.go:220.80,222.3 1 0
github.com/sparkle/gateway/internal/handler/chat_orchestrator_responder.go:222.8,224.3 1 0
github.com/sparkle/gateway/internal/handler/chat_orchestrator_responder.go:227.105,235.16 3 0
github.com/sparkle/gateway/internal/handler/chat_orchestrator_responder.go:235.16,237.3 1 0
github.com/sparkle/gateway/internal/handler/chat_orchestrator_responder.go:238.2,238.59 1 0
github.com/sparkle/gateway/internal/handler/chat_orchestrator_responder.go:248.117,254.2 1 0
github.com/sparkle/gateway/internal/handler/chat_orchestrator_responder.go:256.39,261.2 1 0
github.com/sparkle/gateway/internal/handler/chat_orchestrator_responder.go:263.77,274.2 4 0
github.com/sparkle/gateway/internal/handler/chat_orchestrator_responder.go:276.100,282.25 2 0
github.com/sparkle/gateway/internal/handler/chat_orchestrator_responder.go:282.25,284.3 1 0
github.com/sparkle/gateway/internal/handler/chat_orchestrator_responder.go:285.2,286.35 2 0
github.com/sparkle/gateway/internal/handler/chat_orchestrator_responder.go:289.76,292.2 2 0
github.com/sparkle/gateway/internal/handler/chat_orchestrator_responder.go:294.84,300.19 2 0
github.com/sparkle/gateway/internal/handler/chat_orchestrator_responder.go:300.19,302.3 1 0
github.com/sparkle/gateway/internal/handler/chat_orchestrator_responder.go:303.2,304.47 2 0
github.com/sparkle/gateway/internal/handler/chat_orchestrator_responder.go:307.89,313.19 2 0
github.com/sparkle/gateway/internal/handler/chat_orchestrator_responder.go:313.19,315.3 1 0
github.com/sparkle/gateway/internal/handler/chat_orchestrator_responder.go:316.2,317.43 2 0
github.com/sparkle/gateway/internal/handler/chat_orchestrator_responder.go:320.92,329.2 3 0
github.com/sparkle/gateway/internal/handler/chat_orchestrator_responder.go:331.82,339.2 3 0
github.com/sparkle/gateway/internal/handler/chat_orchestrator_responder.go:341.80,344.16 2 0
github.com/sparkle/gateway/internal/handler/chat_orchestrator_responder.go:344.16,346.3 1 0
github.com/sparkle/gateway/internal/handler/chat_orchestrator_responder.go:347.2,347.46 1 0
github.com/sparkle/gateway/internal/handler/chat_orchestrator_responder.go:350.73,352.16 2 0
github.com/sparkle/gateway/internal/handler/chat_orchestrator_responder.go:352.16,354.3 1 0
github.com/sparkle/gateway/internal/handler/chat_orchestrator_responder.go:355.2,355.33 1 0
github.com/sparkle/gateway/internal/handler/chat_orchestrator_responder.go:358.77,369.16 4 0
github.com/sparkle/gateway/internal/handler/chat_orchestrator_responder.go:369.16,371.3 1 0
github.com/sparkle/gateway/internal/handler/chat_orchestrator_responder.go:372.2,372.61 1 0
github.com/sparkle/gateway/internal/handler/data_consistency_handler.go:29.27,35.2 1 0
github.com/sparkle/gateway/internal/handler/data_consistency_handler.go:38.103,43.2 2 0
github.com/sparkle/gateway/internal/handler/data_consistency_handler.go:46.61,50.45 3 0
github.com/sparkle/gateway/internal/handler/data_consistency_handler.go:50.45,55.3 2 0
github.com/sparkle/gateway/internal/handler/data_consistency_handler.go:57.2,63.16 5 0
github.com/sparkle/gateway/internal/handler/data_consistency_handler.go:63.16,68.3 2 0
github.com/sparkle/gateway/internal/handler/data_consistency_handler.go:71.2,72.29 2 0
github.com/sparkle/gateway/internal/handler/data_consistency_handler.go:72.29,74.63 2 0
github.com/sparkle/gateway/internal/handler/data_consistency_handler.go:74.63,75.12 1 0
github.com/sparkle/gateway/internal/handler/data_consistency_handler.go:78.3,78.68 1 0
github.com/sparkle/gateway/internal/handler/data_consistency_handler.go:78.68,80.9 2 0
github.com/sparkle/gateway/internal/handler/data_consistency_handler.go:84.2,84.25 1 0
github.com/sparkle/gateway/internal/handler/data_consistency_handler.go:84.25,89.3 2 0
github.com/sparkle/gateway/internal/handler/data_consistency_handler.go:91.2,94.4 1 0
github.com/sparkle/gateway/internal/handler/data_consistency_handler.go:98.64,102.51 3 0
github.com/sparkle/gateway/internal/handler/data_consistency_handler.go:102.51,107.3 2 0
github.com/sparkle/gateway/internal/handler/data_consistency_handler.go:110.2,111.16 2 0
github.com/sparkle/gateway/internal/handler/data_consistency_handler.go:111.16,116.3 2 0
github.com/sparkle/gateway/internal/handler/data_consistency_handler.go:118.2,119.16 2 0
github.com/sparkle/gateway/internal/handler/data_consistency_handler.go:119.16,124.3 2 0
github.com/sparkle/gateway/internal/handler/data_consistency_handler.go:126.2,143.16 10 0
github.com/sparkle/gateway/internal/handler/data_consistency_handler.go:143.16,149.3 2 0
github.com/sparkle/gateway/internal/handler/data_consistency_handler.go:152.2,163.4 2 0
github.com/sparkle/gateway/internal/handler/error_book.go:22.71,24.2 1 1
github.com/sparkle/gateway/internal/handler/error_book.go:26.40,28.17 2 1
github.com/sparkle/gateway/internal/handler/error_book.go:28.17,30.3 1 1
github.com/sparkle/gateway/internal/handler/error_book.go:31.2,32.40 2 1
github.com/sparkle/gateway/internal/handler/error_book.go:35.76,41.16 3 0
github.com/sparkle/gateway/internal/handler/error_book.go:41.16,44.3 2 0
github.com/sparkle/gateway/internal/handler/error_book.go:45.2,45.64 1 0
github.com/sparkle/gateway/internal/handler/error_book.go:48.48,50.9 2 1
github.com/sparkle/gateway/internal/handler/error_book.go:50.9,53.3 2 1
github.com/sparkle/gateway/internal/handler/error_book.go:55.2,56.23 2 1
github.com/sparkle/gateway/internal/handler/error_book.go:57.29,58.37 1 1
github.com/sparkle/gateway/internal/handler/error_book.go:59.22,60.35 1 1
github.com/sparkle/gateway/internal/handler/error_book.go:61.29,62.39 1 1
github.com/sparkle/gateway/internal/handler/error_book.go:63.30,64.36 1 1
github.com/sparkle/gateway/internal/handler/error_book.go:67.2,67.54 1 1
github.com/sparkle/gateway/internal/handler/error_book.go:70.95,72.2 2 0
github.com/sparkle/gateway/internal/handler/error_book.go:72.2,83.3 10 0
github.com/sparkle/gateway/internal/handler/error_book.go:86.56,89.47 3 1
github.com/sparkle/gateway/internal/handler/error_book.go:89.47,92.3 2 1
github.com/sparkle/gateway/internal/handler/error_book.go:93.2,93.39 1 0
github.com/sparkle/gateway/internal/handler/error_book.go:93.39,94.40 1 0
github.com/sparkle/gateway/internal/handler/error_book.go:94.40,96.4 1 0
github.com/sparkle/gateway/internal/handler/error_book.go:98.2,101.16 3 0
github.com/sparkle/gateway/internal/handler/error_book.go:101.16,104.3 2 0
github.com/sparkle/gateway/internal/handler/error_book.go:106.2,107.54 2 0
github.com/sparkle/gateway/internal/handler/error_book.go:107.54,110.3 2 0
github.com/sparkle/gateway/internal/handler/error_book.go:113.2,117.16 4 0
github.com/sparkle/gateway/internal/handler/error_book.go:117.16,120.3 2 0
github.com/sparkle/gateway/internal/handler/error_book.go:122.2,122.45 1 0
github.com/sparkle/gateway/internal/handler/error_book.go:125.55,133.23 6 0
github.com/sparkle/gateway/internal/handler/error_book.go:133.23,135.3 1 0
github.com/sparkle/gateway/internal/handler/error_book.go:137.2,148.46 2 0
github.com/sparkle/gateway/internal/handler/error_book.go:148.46,151.3 2 0
github.com/sparkle/gateway/internal/handler/error_book.go:152.2,152.46 1 0
github.com/sparkle/gateway/internal/handler/error_book.go:152.46,155.3 2 0
github.com/sparkle/gateway/internal/handler/error_book.go:156.2,156.46 1 0
github.com/sparkle/gateway/internal/handler/error_book.go:156.46,159.3 2 0
github.com/sparkle/gateway/internal/handler/error_book.go:161.2,162.16 2 0
github.com/sparkle/gateway/internal/handler/error_book.go:162.16,165.3 2 0
github.com/sparkle/gateway/internal/handler/error_book.go:167.2,167.40 1 0
github.com/sparkle/gateway/internal/handler/error_book.go:170.53,181.16 6 0
github.com/sparkle/gateway/internal/handler/error_book.go:181.16,184.3 2 0
github.com/sparkle/gateway/internal/handler/error_book.go:186.2,186.40 1 0
github.com/sparkle/gateway/internal/handler/error_book.go:189.63,200.16 6 0
github.com/sparkle/gateway/internal/handler/error_book.go:200.16,203.3 2 0
github.com/sparkle/gateway/internal/handler/error_book.go:205.2,205.40 1 0
github.com/sparkle/gateway/internal/handler/error_book.go:208.56,214.47 5 0
github.com/sparkle/gateway/internal/handler/error_book.go:214.47,217.3 2 0
github.com/sparkle/gateway/internal/handler/error_book.go:219.2,223.16 4 0
github.com/sparkle/gateway/internal/handler/error_book.go:223.16,226.3 2 0
github.com/sparkle/gateway/internal/handler/error_book.go:228.2,228.40 1 0
github.com/sparkle/gateway/internal/handler/error_book.go:231.56,242.16 6 0
github.com/sparkle/gateway/internal/handler/error_book.go:242.16,245.3 2 0
github.com/sparkle/gateway/internal/handler/error_book.go:247.2,247.32 1 0
github.com/sparkle/gateway/internal/handler/error_book.go:250.57,261.16 6 0
github.com/sparkle/gateway/internal/handler/error_book.go:261.16,264.3 2 0
github.com/sparkle/gateway/internal/handler/error_book.go:266.2,266.40 1 0
github.com/sparkle/gateway/internal/handler/error_book.go:269.57,275.47 5 0
github.com/sparkle/gateway/internal/handler/error_book.go:275.47,278.3 2 0
github.com/sparkle/gateway/internal/handler/error_book.go:280.2,284.16 4 0
github.com/sparkle/gateway/internal/handler/error_book.go:284.16,287.3 2 0
github.com/sparkle/gateway/internal/handler/error_book.go:289.2,289.40 1 0
github.com/sparkle/gateway/internal/handler/error_book.go:292.53,301.16 5 0
github.com/sparkle/gateway/internal/handler/error_book.go:301.16,304.3 2 0
github.com/sparkle/gateway/internal/handler/error_book.go:306.2,306.40 1 0
github.com/sparkle/gateway/internal/handler/error_book.go:309.60,323.16 7 0
github.com/sparkle/gateway/internal/handler/error_book.go:323.16,326.3 2 0
github.com/sparkle/gateway/internal/handler/error_book.go:328.2,328.40 1 0
github.com/sparkle/gateway/internal/handler/file_events.go:21.120,27.2 1 0
github.com/sparkle/gateway/internal/handler/file_events.go:29.60,31.24 2 0
github.com/sparkle/gateway/internal/handler/file_events.go:31.24,33.3 1 0
github.com/sparkle/gateway/internal/handler/file_events.go:33.8,34.26 1 0
github.com/sparkle/gateway/internal/handler/file_events.go:34.26,38.4 3 0
github.com/sparkle/gateway/internal/handler/file_events.go:39.3,39.31 1 0
github.com/sparkle/gateway/internal/handler/file_events.go:41.2,41.71 1 0
github.com/sparkle/gateway/internal/handler/file_events.go:41.71,43.3 1 0
github.com/sparkle/gateway/internal/handler/file_events.go:45.2,46.16 2 0
github.com/sparkle/gateway/internal/handler/file_events.go:46.16,49.3 2 0
github.com/sparkle/gateway/internal/handler/file_events.go:50.2,53.18 3 0
github.com/sparkle/gateway/internal/handler/file_events.go:53.18,57.3 3 0
github.com/sparkle/gateway/internal/handler/file_events.go:58.2,59.22 2 0
github.com/sparkle/gateway/internal/handler/file_events.go:59.22,61.3 1 0
github.com/sparkle/gateway/internal/handler/file_events.go:62.2,65.18 3 0
github.com/sparkle/gateway/internal/handler/file_events.go:65.18,67.3 1 0
github.com/sparkle/gateway/internal/handler/file_events.go:68.2,68.53 1 0
github.com/sparkle/gateway/internal/handler/file_events.go:68.53,72.3 3 0
github.com/sparkle/gateway/internal/handler/file_events.go:73.2,79.18 6 0
github.com/sparkle/gateway/internal/handler/file_events.go:79.18,83.3 3 0
github.com/sparkle/gateway/internal/handler/file_events.go:84.2,84.19 1 0
github.com/sparkle/gateway/internal/handler/file_events.go:84.19,86.3 1 0
github.com/sparkle/gateway/internal/handler/file_events.go:87.2,87.18 1 0
github.com/sparkle/gateway/internal/handler/file_events.go:87.18,89.3 1 0
github.com/sparkle/gateway/internal/handler/file_events.go:90.2,90.19 1 0
github.com/sparkle/gateway/internal/handler/file_events.go:90.19,92.3 1 0
github.com/sparkle/gateway/internal/handler/file_events.go:93.2,95.6 2 0
github.com/sparkle/gateway/internal/handler/file_events.go:95.6,96.50 1 0
github.com/sparkle/gateway/internal/handler/file_events.go:96.50,97.9 1 0
github.com/sparkle/gateway/internal/handler/file_events.go:99.3,99.26 1 0
github.com/sparkle/gateway/internal/handler/file_events.go:99.26,101.9 2 0
github.com/sparkle/gateway/internal/handler/file_handler.go:26.40,29.2 2 1
github.com/sparkle/gateway/internal/handler/file_handler.go:33.55,34.16 1 1
github.com/sparkle/gateway/internal/handler/file_handler.go:34.16,36.3 1 0
github.com/sparkle/gateway/internal/handler/file_handler.go:37.2,37.34 1 1
github.com/sparkle/gateway/internal/handler/file_handler.go:37.34,39.3 1 1
github.com/sparkle/gateway/internal/handler/file_handler.go:41.2,42.17 2 0
github.com/sparkle/gateway/internal/handler/file_handler.go:46.79,47.16 1 0
github.com/sparkle/gateway/internal/handler/file_handler.go:47.16,49.3 1 0
github.com/sparkle/gateway/internal/handler/file_handler.go:50.2,50.34 1 0
github.com/sparkle/gateway/internal/handler/file_handler.go:50.34,52.3 1 0
github.com/sparkle/gateway/internal/handler/file_handler.go:54.2,55.33 2 0
github.com/sparkle/gateway/internal/handler/file_handler.go:92.16,100.2 1 1
github.com/sparkle/gateway/internal/handler/file_handler.go:102.95,104.2 2 1
github.com/sparkle/gateway/internal/handler/file_handler.go:104.2,110.3 5 1
github.com/sparkle/gateway/internal/handler/file_handler.go:112.2,113.2 2 1
github.com/sparkle/gateway/internal/handler/file_handler.go:113.2,117.3 3 1
github.com/sparkle/gateway/internal/handler/file_handler.go:146.53,148.16 2 1
github.com/sparkle/gateway/internal/handler/file_handler.go:148.16,151.3 2 0
github.com/sparkle/gateway/internal/handler/file_handler.go:154.2,155.22 2 1
github.com/sparkle/gateway/internal/handler/file_handler.go:155.22,158.3 2 0
github.com/sparkle/gateway/internal/handler/file_handler.go:160.2,161.47 2 1
github.com/sparkle/gateway/internal/handler/file_handler.go:161.47,164.3 2 1
github.com/sparkle/gateway/internal/handler/file_handler.go:165.2,165.23 1 1
github.com/sparkle/gateway/internal/handler/file_handler.go:165.23,168.3 2 0
github.com/sparkle/gateway/internal/handler/file_handler.go:169.2,169.46 1 1
github.com/sparkle/gateway/internal/handler/file_handler.go:169.46,172.3 2 1
github.com/sparkle/gateway/internal/handler/file_handler.go:174.2,175.16 2 1
github.com/sparkle/gateway/internal/handler/file_handler.go:175.16,178.3 2 1
github.com/sparkle/gateway/internal/handler/file_handler.go:180.2,182.15 3 1
github.com/sparkle/gateway/internal/handler/file_handler.go:182.15,184.10 2 1
github.com/sparkle/gateway/internal/handler/file_handler.go:184.10,187.4 2 0
github.com/sparkle/gateway/internal/handler/file_handler.go:188.3,188.20 1 1
github.com/sparkle/gateway/internal/handler/file_handler.go:190.2,190.39 1 1
github.com/sparkle/gateway/internal/handler/file_handler.go:190.39,193.3 2 1
github.com/sparkle/gateway/internal/handler/file_handler.go:194.2,207.16 4 1
github.com/sparkle/gateway/internal/handler/file_handler.go:207.16,210.3 2 0
github.com/sparkle/gateway/internal/handler/file_handler.go:212.2,219.16 2 1
github.com/sparkle/gateway/internal/handler/file_handler.go:219.16,222.3 2 0
github.com/sparkle/gateway/internal/handler/file_handler.go:224.2,232.4 1 1
github.com/sparkle/gateway/internal/handler/file_handler.go:235.54,237.16 2 1
github.com/sparkle/gateway/internal/handler/file_handler.go:237.16,240.3 2 0
github.com/sparkle/gateway/internal/handler/file_handler.go:242.2,243.47 2 1
github.com/sparkle/gateway/internal/handler/file_handler.go:243.47,246.3 2 0
github.com/sparkle/gateway/internal/handler/file_handler.go:248.2,249.16 2 1
github.com/sparkle/gateway/internal/handler/file_handler.go:249.16,252.3 2 1
github.com/sparkle/gateway/internal/handler/file_handler.go:253.2,254.22 2 1
github.com/sparkle/gateway/internal/handler/file_handler.go:254.22,256.3 1 1
github.com/sparkle/gateway/internal/handler/file_handler.go:258.2,259.16 2 1
github.com/sparkle/gateway/internal/handler/file_handler.go:259.16,262.3 2 0
github.com/sparkle/gateway/internal/handler/file_handler.go:264.2,264.24 1 1
github.com/sparkle/gateway/internal/handler/file_handler.go:264.24,266.17 2 1
github.com/sparkle/gateway/internal/handler/file_handler.go:266.17,269.23 3 1
github.com/sparkle/gateway/internal/handler/file_handler.go:269.23,271.5 1 0
github.com/sparkle/gateway/internal/handler/file_handler.go:272.4,280.14 2 1
github.com/sparkle/gateway/internal/handler/file_handler.go:280.14,281.88 1 1
github.com/sparkle/gateway/internal/handler/file_handler.go:281.88,283.6 1 0
github.com/sparkle/gateway/internal/handler/file_handler.go:288.2,288.47 1 1
github.com/sparkle/gateway/internal/handler/file_handler.go:291.47,293.16 2 1
github.com/sparkle/gateway/internal/handler/file_handler.go:293.16,296.3 2 0
github.com/sparkle/gateway/internal/handler/file_handler.go:297.2,298.16 2 1
github.com/sparkle/gateway/internal/handler/file_handler.go:298.16,301.3 2 0
github.com/sparkle/gateway/internal/handler/file_handler.go:302.2,304.24 3 1
github.com/sparkle/gateway/internal/handler/file_handler.go:304.24,306.22 2 0
github.com/sparkle/gateway/internal/handler/file_handler.go:306.22,309.4 2 0
github.com/sparkle/gateway/internal/handler/file_handler.go:310.3,310.93 1 0
github.com/sparkle/gateway/internal/handler/file_handler.go:311.8,313.3 1 1
github.com/sparkle/gateway/internal/handler/file_handler.go:314.2,314.16 1 1
github.com/sparkle/gateway/internal/handler/file_handler.go:314.16,317.3 2 1
github.com/sparkle/gateway/internal/handler/file_handler.go:319.2,319.47 1 1
github.com/sparkle/gateway/internal/handler/file_handler.go:322.54,324.16 2 0
github.com/sparkle/gateway/internal/handler/file_handler.go:324.16,327.3 2 0
github.com/sparkle/gateway/internal/handler/file_handler.go:328.2,329.16 2 0
github.com/sparkle/gateway/internal/handler/file_handler.go:329.16,332.3 2 0
github.com/sparkle/gateway/internal/handler/file_handler.go:334.2,336.24 3 0
github.com/sparkle/gateway/internal/handler/file_handler.go:336.24,338.22 2 0
github.com/sparkle/gateway/internal/handler/file_handler.go:338.22,341.4 2 0
github.com/sparkle/gateway/internal/handler/file_handler.go:342.3,342.97 1 0
github.com/sparkle/gateway/internal/handler/file_handler.go:343.8,345.3 1 0
github.com/sparkle/gateway/internal/handler/file_handler.go:346.2,346.16 1 0
github.com/sparkle/gateway/internal/handler/file_handler.go:346.16,349.3 2 0
github.com/sparkle/gateway/internal/handler/file_handler.go:351.2,352.16 2 0
github.com/sparkle/gateway/internal/handler/file_handler.go:352.16,355.3 2 0
github.com/sparkle/gateway/internal/handler/file_handler.go:356.2,359.4 1 0
github.com/sparkle/gateway/internal/handler/file_handler.go:362.62,364.16 2 0
github.com/sparkle/gateway/internal/handler/file_handler.go:364.16,367.3 2 0
github.com/sparkle/gateway/internal/handler/file_handler.go:369.2,372.9 2 0
github.com/sparkle/gateway/internal/handler/file_handler.go:372.9,375.3 2 0
github.com/sparkle/gateway/internal/handler/file_handler.go:377.2,378.16 2 0
github.com/sparkle/gateway/internal/handler/file_handler.go:378.16,381.3 2 0
github.com/sparkle/gateway/internal/handler/file_handler.go:383.2,384.16 2 0
github.com/sparkle/gateway/internal/handler/file_handler.go:384.16,387.3 2 0
github.com/sparkle/gateway/internal/handler/file_handler.go:389.2,392.4 1 0
github.com/sparkle/gateway/internal/handler/file_handler.go:395.55,397.16 2 0
github.com/sparkle/gateway/internal/handler/file_handler.go:397.16,400.3 2 0
github.com/sparkle/gateway/internal/handler/file_handler.go:401.2,402.16 2 0
github.com/sparkle/gateway/internal/handler/file_handler.go:402.16,405.3 2 0
github.com/sparkle/gateway/internal/handler/file_handler.go:407.2,408.24 2 0
github.com/sparkle/gateway/internal/handler/file_handler.go:408.24,410.22 2 0
github.com/sparkle/gateway/internal/handler/file_handler.go:410.22,413.4 2 0
github.com/sparkle/gateway/internal/handler/file_handler.go:414.3,414.88 1 0
github.com/sparkle/gateway/internal/handler/file_handler.go:415.8,417.3 1 0
github.com/sparkle/gateway/internal/handler/file_handler.go:418.2,418.16 1 0
github.com/sparkle/gateway/internal/handler/file_handler.go:418.16,421.3 2 0
github.com/sparkle/gateway/internal/handler/file_handler.go:423.2,425.16 3 0
github.com/sparkle/gateway/internal/handler/file_handler.go:425.16,428.3 2 0
github.com/sparkle/gateway/internal/handler/file_handler.go:429.2,432.4 1 0
github.com/sparkle/gateway/internal/handler/file_handler.go:435.51,437.16 2 0
github.com/sparkle/gateway/internal/handler/file_handler.go:437.16,440.3 2 0
github.com/sparkle/gateway/internal/handler/file_handler.go:442.2,447.16 5 0
github.com/sparkle/gateway/internal/handler/file_handler.go:447.16,450.3 2 0
github.com/sparkle/gateway/internal/handler/file_handler.go:452.2,453.29 2 0
github.com/sparkle/gateway/internal/handler/file_handler.go:453.29,455.3 1 0
github.com/sparkle/gateway/internal/handler/file_handler.go:456.2,456.29 1 0
github.com/sparkle/gateway/internal/handler/file_handler.go:459.52,461.16 2 0
github.com/sparkle/gateway/internal/handler/file_handler.go:461.16,464.3 2 0
github.com/sparkle/gateway/internal/handler/file_handler.go:465.2,466.16 2 0
github.com/sparkle/gateway/internal/handler/file_handler.go:466.16,469.3 2 0
github.com/sparkle/gateway/internal/handler/file_handler.go:471.2,472.16 2 0
github.com/sparkle/gateway/internal/handler/file_handler.go:472.16,475.3 2 0
github.com/sparkle/gateway/internal/handler/file_handler.go:477.2,477.101 1 0
github.com/sparkle/gateway/internal/handler/file_handler.go:477.101,480.3 2 0
github.com/sparkle/gateway/internal/handler/file_handler.go:482.2,482.47 1 0
github.com/sparkle/gateway/internal/handler/file_handler.go:485.53,487.16 2 0
github.com/sparkle/gateway/internal/handler/file_handler.go:487.16,490.3 2 0
github.com/sparkle/gateway/internal/handler/file_handler.go:491.2,492.17 2 0
github.com/sparkle/gateway/internal/handler/file_handler.go:492.17,495.3 2 0
github.com/sparkle/gateway/internal/handler/file_handler.go:496.2,499.16 3 0
github.com/sparkle/gateway/internal/handler/file_handler.go:499.16,502.3 2 0
github.com/sparkle/gateway/internal/handler/file_handler.go:504.2,505.29 2 0
github.com/sparkle/gateway/internal/handler/file_handler.go:505.29,507.3 1 0
github.com/sparkle/gateway/internal/handler/file_handler.go:508.2,508.29 1 0
github.com/sparkle/gateway/internal/handler/file_handler.go:511.59,525.2 1 1
github.com/sparkle/gateway/internal/handler/file_handler.go:527.51,529.13 2 1
github.com/sparkle/gateway/internal/handler/file_handler.go:529.13,531.3 1 0
github.com/sparkle/gateway/internal/handler/file_handler.go:532.2,533.9 2 1
github.com/sparkle/gateway/internal/handler/file_handler.go:533.9,535.3 1 0
github.com/sparkle/gateway/internal/handler/file_handler.go:536.2,536.27 1 1
github.com/sparkle/gateway/internal/handler/file_handler.go:539.43,541.46 2 1
github.com/sparkle/gateway/internal/handler/file_handler.go:541.46,543.3 1 1
github.com/sparkle/gateway/internal/handler/file_handler.go:544.2,544.13 1 1
github.com/sparkle/gateway/internal/handler/file_handler.go:547.52,549.16 2 1
github.com/sparkle/gateway/internal/handler/file_handler.go:549.16,551.3 1 0
github.com/sparkle/gateway/internal/handler/file_handler.go:552.2,552.39 1 1
github.com/sparkle/gateway/internal/handler/file_handler.go:552.39,554.3 1 1
github.com/sparkle/gateway/internal/handler/file_handler.go:555.2,555.40 1 1
github.com/sparkle/gateway/internal/handler/file_handler.go:558.65,559.50 1 1
github.com/sparkle/gateway/internal/handler/file_handler.go:559.50,560.24 1 1
github.com/sparkle/gateway/internal/handler/file_handler.go:560.24,562.4 1 1
github.com/sparkle/gateway/internal/handler/file_handler.go:564.2,564.18 1 0
github.com/sparkle/gateway/internal/handler/file_handler.go:567.58,569.9 2 1
github.com/sparkle/gateway/internal/handler/file_handler.go:569.9,571.3 1 0
github.com/sparkle/gateway/internal/handler/file_handler.go:572.2,572.26 1 1
github.com/sparkle/gateway/internal/handler/file_handler.go:575.66,577.17 2 0
github.com/sparkle/gateway/internal/handler/file_handler.go:577.17,579.3 1 0
github.com/sparkle/gateway/internal/handler/file_handler.go:580.2,581.16 2 0
github.com/sparkle/gateway/internal/handler/file_handler.go:581.16,583.3 1 0
github.com/sparkle/gateway/internal/handler/file_handler.go:584.2,584.15 1 0
github.com/sparkle/gateway/internal/handler/file_handler.go:587.63,593.13 4 1
github.com/sparkle/gateway/internal/handler/file_handler.go:593.13,597.3 2 1
github.com/sparkle/gateway/internal/handler/file_handler.go:598.2,598.16 1 1
github.com/sparkle/gateway/internal/handler/file_handler.go:603.74,607.63 3 1
github.com/sparkle/gateway/internal/handler/file_handler.go:607.63,609.3 1 0
github.com/sparkle/gateway/internal/handler/file_handler.go:610.2,613.30 2 1
github.com/sparkle/gateway/internal/handler/file_handler.go:614.14,616.48 1 1
github.com/sparkle/gateway/internal/handler/file_handler.go:616.48,618.4 1 1
github.com/sparkle/gateway/internal/handler/file_handler.go:619.15,621.14 1 1
github.com/sparkle/gateway/internal/handler/file_handler.go:622.15,623.14 1 1
github.com/sparkle/gateway/internal/handler/file_handler.go:624.15,625.63 1 1
github.com/sparkle/gateway/internal/handler/file_handler.go:625.63,627.4 1 1
github.com/sparkle/gateway/internal/handler/file_handler.go:628.14,630.87 1 1
github.com/sparkle/gateway/internal/handler/file_handler.go:630.87,632.4 1 1
github.com/sparkle/gateway/internal/handler/file_handler.go:633.23,635.57 1 1
github.com/sparkle/gateway/internal/handler/file_handler.go:635.57,637.4 1 1
github.com/sparkle/gateway/internal/handler/file_handler.go:638.14,640.96 1 1
github.com/sparkle/gateway/internal/handler/file_handler.go:640.96,642.4 1 1
github.com/sparkle/gateway/internal/handler/file_handler.go:643.15,645.67 1 1
github.com/sparkle/gateway/internal/handler/file_handler.go:645.67,647.4 1 1
github.com/sparkle/gateway/internal/handler/file_handler.go:648.3,648.49 1 1
github.com/sparkle/gateway/internal/handler/file_handler.go:648.49,650.4 1 0
github.com/sparkle/gateway/internal/handler/file_handler.go:653.2,653.17 1 1
github.com/sparkle/gateway/internal/handler/galaxy_handler.go:35.18,37.16 2 1
github.com/sparkle/gateway/internal/handler/galaxy_handler.go:37.16,40.3 2 0
github.com/sparkle/gateway/internal/handler/galaxy_handler.go:42.2,44.43 3 1
github.com/sparkle/gateway/internal/handler/galaxy_handler.go:44.43,47.3 2 1
github.com/sparkle/gateway/internal/handler/galaxy_handler.go:49.2,54.3 1 1
github.com/sparkle/gateway/internal/handler/galaxy_handler.go:58.119,62.2 3 1
github.com/sparkle/gateway/internal/handler/galaxy_handler.go:62.2,123.23 51 1
github.com/sparkle/gateway/internal/handler/galaxy_handler.go:123.23,127.4 3 0
github.com/sparkle/gateway/internal/handler/galaxy_handler.go:127.9,131.4 3 1
github.com/sparkle/gateway/internal/handler/galaxy_handler.go:137.51,139.18 2 0
github.com/sparkle/gateway/internal/handler/galaxy_handler.go:139.18,142.3 2 0
github.com/sparkle/gateway/internal/handler/galaxy_handler.go:144.2,145.18 2 0
github.com/sparkle/gateway/internal/handler/galaxy_handler.go:145.18,148.3 2 0
github.com/sparkle/gateway/internal/handler/galaxy_handler.go:150.2,155.16 3 0
github.com/sparkle/gateway/internal/handler/galaxy_handler.go:155.16,158.3 2 0
github.com/sparkle/gateway/internal/handler/galaxy_handler.go:159.2,160.39 2 0
github.com/sparkle/gateway/internal/handler/galaxy_handler.go:160.39,161.55 1 0
github.com/sparkle/gateway/internal/handler/galaxy_handler.go:161.55,164.4 2 0
github.com/sparkle/gateway/internal/handler/galaxy_handler.go:166.2,166.27 1 0
github.com/sparkle/gateway/internal/handler/galaxy_handler.go:166.27,168.3 1 0
github.com/sparkle/gateway/internal/handler/galaxy_handler.go:173.2,174.21 2 0
github.com/sparkle/gateway/internal/handler/galaxy_handler.go:179.55,181.18 2 0
github.com/sparkle/gateway/internal/handler/galaxy_handler.go:181.18,184.3 2 0
github.com/sparkle/gateway/internal/handler/galaxy_handler.go:186.2,187.18 2 0
github.com/sparkle/gateway/internal/handler/galaxy_handler.go:187.18,190.3 2 0
github.com/sparkle/gateway/internal/handler/galaxy_handler.go:192.2,197.16 3 0
github.com/sparkle/gateway/internal/handler/galaxy_handler.go:197.16,200.3 2 0
github.com/sparkle/gateway/internal/handler/galaxy_handler.go:201.2,202.39 2 0
github.com/sparkle/gateway/internal/handler/galaxy_handler.go:202.39,203.55 1 0
github.com/sparkle/gateway/internal/handler/galaxy_handler.go:203.55,206.4 2 0
github.com/sparkle/gateway/internal/handler/galaxy_handler.go:209.2,209.27 1 0
github.com/sparkle/gateway/internal/handler/galaxy_handler.go:209.27,213.3 3 0
github.com/sparkle/gateway/internal/handler/galaxy_handler.go:215.2,226.16 4 0
github.com/sparkle/gateway/internal/handler/galaxy_handler.go:226.16,231.3 4 0
github.com/sparkle/gateway/internal/handler/galaxy_handler.go:233.2,233.19 1 0
github.com/sparkle/gateway/internal/handler/galaxy_handler.go:233.19,240.3 2 0
github.com/sparkle/gateway/internal/handler/galaxy_handler.go:242.2,250.4 2 0
github.com/sparkle/gateway/internal/handler/galaxy_handler.go:253.88,254.36 1 0
github.com/sparkle/gateway/internal/handler/galaxy_handler.go:254.36,256.3 1 0
github.com/sparkle/gateway/internal/handler/galaxy_handler.go:258.2,258.71 1 0
github.com/sparkle/gateway/internal/handler/galaxy_handler.go:258.71,260.3 1 0
github.com/sparkle/gateway/internal/handler/galaxy_handler.go:262.2,265.21 4 0
github.com/sparkle/gateway/internal/handler/galaxy_handler.go:265.21,267.3 1 0
github.com/sparkle/gateway/internal/handler/galaxy_handler.go:268.2,268.35 1 0
github.com/sparkle/gateway/internal/handler/galaxy_handler.go:268.35,271.3 2 0
github.com/sparkle/gateway/internal/handler/galaxy_handler.go:272.2,272.20 1 0
github.com/sparkle/gateway/internal/handler/galaxy_handler.go:272.20,274.3 1 0
github.com/sparkle/gateway/internal/handler/galaxy_handler.go:275.2,275.56 1 0
github.com/sparkle/gateway/internal/handler/galaxy_handler.go:275.56,277.3 1 0
github.com/sparkle/gateway/internal/handler/galaxy_handler.go:281.56,282.20 1 1
github.com/sparkle/gateway/internal/handler/galaxy_handler.go:282.20,285.3 2 0
github.com/sparkle/gateway/internal/handler/galaxy_handler.go:288.2,289.18 2 1
github.com/sparkle/gateway/internal/handler/galaxy_handler.go:289.18,291.3 1 1
github.com/sparkle/gateway/internal/handler/galaxy_handler.go:294.2,294.53 1 1
github.com/sparkle/gateway/internal/handler/galaxy_handler.go:294.53,296.3 1 0
github.com/sparkle/gateway/internal/handler/galaxy_handler.go:296.8,296.61 1 1
github.com/sparkle/gateway/internal/handler/galaxy_handler.go:296.61,299.3 1 0
github.com/sparkle/gateway/internal/handler/galaxy_handler.go:301.2,301.40 1 1
github.com/sparkle/gateway/internal/handler/group_chat.go:16.65,18.2 1 0
github.com/sparkle/gateway/internal/handler/group_chat.go:20.56,23.13 2 0
github.com/sparkle/gateway/internal/handler/group_chat.go:23.13,26.3 2 0
github.com/sparkle/gateway/internal/handler/group_chat.go:28.2,29.56 2 0
github.com/sparkle/gateway/internal/handler/group_chat.go:29.56,32.3 2 0
github.com/sparkle/gateway/internal/handler/group_chat.go:34.2,36.49 3 0
github.com/sparkle/gateway/internal/handler/group_chat.go:36.49,39.3 2 0
github.com/sparkle/gateway/internal/handler/group_chat.go:42.2,46.16 2 0
github.com/sparkle/gateway/internal/handler/group_chat.go:46.16,49.3 2 0
github.com/sparkle/gateway/internal/handler/group_chat.go:51.2,51.15 1 0
github.com/sparkle/gateway/internal/handler/group_chat.go:51.15,54.3 2 0
github.com/sparkle/gateway/internal/handler/group_chat.go:56.2,66.16 6 0
github.com/sparkle/gateway/internal/handler/group_chat.go:66.16,69.3 2 0
github.com/sparkle/gateway/internal/handler/group_chat.go:72.2,73.31 2 0
github.com/sparkle/gateway/internal/handler/group_chat.go:73.31,75.25 2 0
github.com/sparkle/gateway/internal/handler/group_chat.go:75.25,82.4 1 0
github.com/sparkle/gateway/internal/handler/group_chat.go:84.3,85.24 2 0
github.com/sparkle/gateway/internal/handler/group_chat.go:85.24,98.4 3 0
github.com/sparkle/gateway/internal/handler/group_chat.go:100.3,111.29 2 0
github.com/sparkle/gateway/internal/handler/group_chat.go:114.2,114.31 1 0
github.com/sparkle/gateway/internal/handler/health.go:62.120,71.2 1 1
github.com/sparkle/gateway/internal/handler/health.go:74.55,85.2 7 1
github.com/sparkle/gateway/internal/handler/health.go:88.56,93.2 1 1
github.com/sparkle/gateway/internal/handler/health.go:96.57,109.34 9 1
github.com/sparkle/gateway/internal/handler/health.go:109.34,110.82 1 1
github.com/sparkle/gateway/internal/handler/health.go:110.82,112.34 1 1
github.com/sparkle/gateway/internal/handler/health.go:112.34,114.5 1 1
github.com/sparkle/gateway/internal/handler/health.go:116.3,116.32 1 1
github.com/sparkle/gateway/internal/handler/health.go:116.32,118.4 1 0
github.com/sparkle/gateway/internal/handler/health.go:122.2,122.17 1 1
github.com/sparkle/gateway/internal/handler/health.go:122.17,129.3 2 1
github.com/sparkle/gateway/internal/handler/health.go:131.2,132.17 2 0
github.com/sparkle/gateway/internal/handler/health.go:132.17,134.3 1 0
github.com/sparkle/gateway/internal/handler/health.go:136.2,140.4 1 0
github.com/sparkle/gateway/internal/handler/health.go:144.54,147.65 2 1
github.com/sparkle/gateway/internal/handler/health.go:147.65,152.3 4 1
github.com/sparkle/gateway/internal/handler/health.go:153.2,166.34 9 1
github.com/sparkle/gateway/internal/handler/health.go:166.34,167.33 1 1
github.com/sparkle/gateway/internal/handler/health.go:167.33,169.9 2 1
github.com/sparkle/gateway/internal/handler/health.go:171.3,171.32 1 0
github.com/sparkle/gateway/internal/handler/health.go:171.32,173.4 1 0
github.com/sparkle/gateway/internal/handler/health.go:177.2,200.32 8 1
github.com/sparkle/gateway/internal/handler/health.go:203.83,205.34 2 1
github.com/sparkle/gateway/internal/handler/health.go:205.34,207.3 1 1
github.com/sparkle/gateway/internal/handler/health.go:208.2,208.28 1 1
github.com/sparkle/gateway/internal/handler/health.go:211.76,212.17 1 1
github.com/sparkle/gateway/internal/handler/health.go:212.17,214.3 1 1
github.com/sparkle/gateway/internal/handler/health.go:216.2,220.16 4 0
github.com/sparkle/gateway/internal/handler/health.go:220.16,226.3 1 0
github.com/sparkle/gateway/internal/handler/health.go:228.2,229.19 2 0
github.com/sparkle/gateway/internal/handler/health.go:229.19,231.3 1 0
github.com/sparkle/gateway/internal/handler/health.go:233.2,236.3 1 0
github.com/sparkle/gateway/internal/handler/health.go:239.73,240.20 1 1
github.com/sparkle/gateway/internal/handler/health.go:240.20,242.3 1 1
github.com/sparkle/gateway/internal/handler/health.go:244.2,248.16 4 0
github.com/sparkle/gateway/internal/handler/health.go:248.16,254.3 1 0
github.com/sparkle/gateway/internal/handler/health.go:256.2,257.18 2 0
github.com/sparkle/gateway/internal/handler/health.go:257.18,259.3 1 0
github.com/sparkle/gateway/internal/handler/health.go:261.2,264.3 1 0
github.com/sparkle/gateway/internal/handler/health.go:268.77,269.26 1 1
github.com/sparkle/gateway/internal/handler/health.go:269.26,271.3 1 1
github.com/sparkle/gateway/internal/handler/health.go:274.2,275.26 2 0
github.com/sparkle/gateway/internal/handler/health.go:275.26,277.32 1 0
github.com/sparkle/gateway/internal/handler/health.go:277.32,282.4 1 0
github.com/sparkle/gateway/internal/handler/health.go:283.3,286.4 1 0
github.com/sparkle/gateway/internal/handler/health.go:290.2,298.9 3 0
github.com/sparkle/gateway/internal/handler/health.go:299.25,301.30 2 0
github.com/sparkle/gateway/internal/handler/health.go:301.30,303.4 1 0
github.com/sparkle/gateway/internal/handler/health.go:303.9,305.4 1 0
github.com/sparkle/gateway/internal/handler/health.go:306.48,308.46 2 0
github.com/sparkle/gateway/internal/handler/health.go:309.52,311.61 2 0
github.com/sparkle/gateway/internal/handler/health.go:312.27,314.47 2 0
github.com/sparkle/gateway/internal/handler/health.go:315.10,316.32 1 0
github.com/sparkle/gateway/internal/handler/health.go:319.2,319.19 1 0
github.com/sparkle/gateway/internal/handler/health.go:322.44,324.2 1 1
github.com/sparkle/gateway/internal/handler/intervention_push.go:41.90,43.2 1 0
github.com/sparkle/gateway/internal/handler/intervention_push.go:45.62,47.47 2 0
github.com/sparkle/gateway/internal/handler/intervention_push.go:47.47,50.3 2 0
github.com/sparkle/gateway/internal/handler/intervention_push.go:51.2,51.22 1 0
github.com/sparkle/gateway/internal/handler/intervention_push.go:51.22,54.3 2 0
github.com/sparkle/gateway/internal/handler/intervention_push.go:56.2,65.50 3 0
github.com/sparkle/gateway/internal/handler/intervention_push.go:65.50,71.3 1 0
github.com/sparkle/gateway/internal/handler/intervention_push.go:73.2,81.73 2 0
github.com/sparkle/gateway/internal/handler/intervention_push.go:81.73,84.3 2 0
github.com/sparkle/gateway/internal/handler/intervention_push.go:86.2,86.53 1 0
github.com/sparkle/gateway/internal/handler/proxy_routes.go:31.23,37.2 1 1
github.com/sparkle/gateway/internal/handler/proxy_routes.go:43.3,47.2 3 1
github.com/sparkle/gateway/internal/handler/proxy_routes.go:47.2,63.3 15 1
github.com/sparkle/gateway/internal/handler/proxy_routes.go:64.2,69.2 4 1
github.com/sparkle/gateway/internal/handler/proxy_routes.go:69.2,114.3 27 1
github.com/sparkle/gateway/internal/handler/proxy_routes.go:115.2,120.2 4 1
github.com/sparkle/gateway/internal/handler/proxy_routes.go:120.2,146.3 17 1
github.com/sparkle/gateway/internal/handler/proxy_routes.go:147.2,153.2 4 1
github.com/sparkle/gateway/internal/handler/proxy_routes.go:153.2,170.3 7 1
github.com/sparkle/gateway/internal/handler/proxy_routes.go:171.2,176.2 4 1
github.com/sparkle/gateway/internal/handler/proxy_routes.go:176.2,181.3 4 1
github.com/sparkle/gateway/internal/handler/proxy_routes.go:182.2,187.2 4 1
github.com/sparkle/gateway/internal/handler/proxy_routes.go:187.2,192.3 4 1
github.com/sparkle/gateway/internal/handler/proxy_routes.go:193.2,198.2 4 1
github.com/sparkle/gateway/internal/handler/proxy_routes.go:198.2,200.3 1 1
github.com/sparkle/gateway/internal/handler/proxy_routes.go:201.2,206.2 4 1
github.com/sparkle/gateway/internal/handler/proxy_routes.go:206.2,208.3 1 1
github.com/sparkle/gateway/internal/handler/proxy_routes.go:209.2,214.2 4 1
github.com/sparkle/gateway/internal/handler/proxy_routes.go:214.2,223.3 8 1
github.com/sparkle/gateway/internal/handler/proxy_routes.go:224.2,229.2 4 1
github.com/sparkle/gateway/internal/handler/proxy_routes.go:229.2,238.3 8 1
github.com/sparkle/gateway/internal/handler/proxy_routes.go:239.2,244.2 4 1
github.com/sparkle/gateway/internal/handler/proxy_routes.go:244.2,247.3 2 1
github.com/sparkle/gateway/internal/handler/proxy_routes.go:248.2,253.2 4 1
github.com/sparkle/gateway/internal/handler/proxy_routes.go:253.2,255.3 1 1
github.com/sparkle/gateway/internal/handler/proxy_routes.go:256.2,261.2 4 1
github.com/sparkle/gateway/internal/handler/proxy_routes.go:261.2,264.3 2 1
github.com/sparkle/gateway/internal/handler/proxy_routes.go:265.2,270.2 4 1
github.com/sparkle/gateway/internal/handler/proxy_routes.go:270.2,272.3 1 1
github.com/sparkle/gateway/internal/handler/proxy_routes.go:273.2,278.2 4 1
github.com/sparkle/gateway/internal/handler/proxy_routes.go:278.2,280.3 1 1
github.com/sparkle/gateway/internal/handler/proxy_routes.go:281.2,286.2 4 1
github.com/sparkle/gateway/internal/handler/proxy_routes.go:286.2,288.3 1 1
github.com/sparkle/gateway/internal/handler/proxy_routes.go:289.2,297.2 4 1
github.com/sparkle/gateway/internal/handler/proxy_routes.go:297.2,310.3 12 1
github.com/sparkle/gateway/internal/handler/proxy_routes.go:311.2,316.2 4 1
github.com/sparkle/gateway/internal/handler/proxy_routes.go:316.2,336.3 19 1
github.com/sparkle/gateway/internal/handler/proxy_routes.go:337.2,342.2 4 1
github.com/sparkle/gateway/internal/handler/proxy_routes.go:342.2,459.3 89 1
github.com/sparkle/gateway/internal/handler/proxy_routes.go:460.2,466.2 4 1
github.com/sparkle/gateway/internal/handler/proxy_routes.go:466.2,469.3 1 1
github.com/sparkle/gateway/internal/handler/proxy_routes.go:470.2,475.2 4 1
github.com/sparkle/gateway/internal/handler/proxy_routes.go:475.2,477.3 1 1
github.com/sparkle/gateway/internal/handler/proxy_routes.go:478.2,484.2 4 1
github.com/sparkle/gateway/internal/handler/proxy_routes.go:484.2,487.3 1 1
github.com/sparkle/gateway/internal/handler/proxy_routes.go:488.2,494.2 4 1
github.com/sparkle/gateway/internal/handler/proxy_routes.go:494.2,497.3 1 1
github.com/sparkle/gateway/internal/handler/proxy_routes.go:498.2,503.2 4 1
github.com/sparkle/gateway/internal/handler/proxy_routes.go:503.2,509.3 5 1
github.com/sparkle/gateway/internal/handler/proxy_routes.go:510.2,515.2 4 1
github.com/sparkle/gateway/internal/handler/proxy_routes.go:515.2,517.3 1 1
github.com/sparkle/gateway/internal/handler/proxy_routes.go:518.2,523.2 4 1
github.com/sparkle/gateway/internal/handler/proxy_routes.go:523.2,525.3 1 1
github.com/sparkle/gateway/internal/handler/proxy_routes.go:526.2,531.2 4 1
github.com/sparkle/gateway/internal/handler/proxy_routes.go:531.2,533.3 1 1
github.com/sparkle/gateway/internal/handler/proxy_routes.go:534.2,539.2 4 1
github.com/sparkle/gateway/internal/handler/proxy_routes.go:539.2,541.3 1 1
github.com/sparkle/gateway/internal/handler/proxy_routes.go:542.2,547.2 4 1
github.com/sparkle/gateway/internal/handler/proxy_routes.go:547.2,549.3 1 1
github.com/sparkle/gateway/internal/handler/proxy_routes.go:550.2,555.2 4 1
github.com/sparkle/gateway/internal/handler/proxy_routes.go:555.2,558.3 2 1
github.com/sparkle/gateway/internal/handler/proxy_routes.go:559.2,564.2 4 1
github.com/sparkle/gateway/internal/handler/proxy_routes.go:564.2,567.3 2 1
github.com/sparkle/gateway/internal/handler/proxy_routes.go:568.2,573.2 4 1
github.com/sparkle/gateway/internal/handler/proxy_routes.go:573.2,575.3 1 1
github.com/sparkle/gateway/internal/handler/proxy_routes.go:576.2,581.2 4 1
github.com/sparkle/gateway/internal/handler/proxy_routes.go:581.2,583.3 1 1
github.com/sparkle/gateway/internal/handler/proxy_routes.go:584.2,589.2 4 1
github.com/sparkle/gateway/internal/handler/proxy_routes.go:589.2,591.3 1 1
github.com/sparkle/gateway/internal/handler/proxy_routes.go:592.2,597.2 4 1
github.com/sparkle/gateway/internal/handler/proxy_routes.go:597.2,599.3 1 1
github.com/sparkle/gateway/internal/handler/proxy_routes.go:600.2,605.2 4 1
github.com/sparkle/gateway/internal/handler/proxy_routes.go:605.2,608.3 2 1
github.com/sparkle/gateway/internal/handler/proxy_routes.go:609.2,613.2 3 1
github.com/sparkle/gateway/internal/handler/proxy_routes.go:613.2,616.3 2 1
github.com/sparkle/gateway/internal/handler/proxy_routes.go:618.2,620.2 3 1
github.com/sparkle/gateway/internal/handler/proxy_routes.go:620.2,622.3 1 1
github.com/sparkle/gateway/internal/handler/proxy_routes.go:623.2,628.2 4 1
github.com/sparkle/gateway/internal/handler/proxy_routes.go:628.2,630.3 1 1
github.com/sparkle/gateway/internal/handler/proxy_routes.go:631.2,636.2 4 1
github.com/sparkle/gateway/internal/handler/proxy_routes.go:636.2,638.3 1 1
github.com/sparkle/gateway/internal/handler/proxy_routes.go:639.2,643.2 4 1
github.com/sparkle/gateway/internal/handler/proxy_routes.go:643.2,645.3 1 1
github.com/sparkle/gateway/internal/handler/proxy_routes.go:646.2,651.2 4 1
github.com/sparkle/gateway/internal/handler/proxy_routes.go:651.2,653.3 1 1
github.com/sparkle/gateway/internal/handler/proxy_routes.go:654.2,659.2 4 1
github.com/sparkle/gateway/internal/handler/proxy_routes.go:659.2,661.3 1 1
github.com/sparkle/gateway/internal/handler/proxy_routes.go:662.2,667.2 4 1
github.com/sparkle/gateway/internal/handler/proxy_routes.go:667.2,669.3 1 1
github.com/sparkle/gateway/internal/handler/proxy_routes.go:670.2,675.2 4 1
github.com/sparkle/gateway/internal/handler/proxy_routes.go:675.2,677.3 1 1
github.com/sparkle/gateway/internal/handler/proxy_routes.go:678.2,683.2 4 1
github.com/sparkle/gateway/internal/handler/proxy_routes.go:683.2,685.3 1 1
github.com/sparkle/gateway/internal/handler/proxy_routes.go:686.2,691.2 4 1
github.com/sparkle/gateway/internal/handler/proxy_routes.go:691.2,695.3 3 1
github.com/sparkle/gateway/internal/handler/proxy_routes.go:696.2,701.2 4 1
github.com/sparkle/gateway/internal/handler/proxy_routes.go:701.2,703.3 1 1
github.com/sparkle/gateway/internal/handler/proxy_routes.go:704.2,709.2 4 1
github.com/sparkle/gateway/internal/handler/proxy_routes.go:709.2,711.3 1 1
github.com/sparkle/gateway/internal/handler/proxy_routes.go:712.2,717.2 4 1
github.com/sparkle/gateway/internal/handler/proxy_routes.go:717.2,719.3 1 1
github.com/sparkle/gateway/internal/handler/proxy_routes.go:720.2,725.2 4 1
github.com/sparkle/gateway/internal/handler/proxy_routes.go:725.2,728.3 2 1
github.com/sparkle/gateway/internal/handler/proxy_routes.go:729.2,735.2 4 1
github.com/sparkle/gateway/internal/handler/proxy_routes.go:735.2,738.3 1 1
github.com/sparkle/gateway/internal/handler/proxy_routes.go:739.2,745.2 4 1
github.com/sparkle/gateway/internal/handler/proxy_routes.go:745.2,748.3 1 1
github.com/sparkle/gateway/internal/handler/proxy_routes.go:749.2,755.2 4 1
github.com/sparkle/gateway/internal/handler/proxy_routes.go:755.2,771.3 9 1
github.com/sparkle/gateway/internal/handler/proxy_routes.go:772.2,778.2 4 1
github.com/sparkle/gateway/internal/handler/proxy_routes.go:778.2,781.3 1 1
github.com/sparkle/gateway/internal/handler/proxy_routes.go:782.2,788.2 4 1
github.com/sparkle/gateway/internal/handler/proxy_routes.go:788.2,793.3 2 1
github.com/sparkle/gateway/internal/handler/proxy_routes.go:794.2,800.2 4 1
github.com/sparkle/gateway/internal/handler/proxy_routes.go:800.2,805.3 2 1
github.com/sparkle/gateway/internal/handler/proxy_routes.go:806.2,811.2 4 1
github.com/sparkle/gateway/internal/handler/proxy_routes.go:811.2,813.3 1 1
github.com/sparkle/gateway/internal/handler/proxy_routes.go:814.2,819.2 4 1
github.com/sparkle/gateway/internal/handler/proxy_routes.go:819.2,821.3 1 1
github.com/sparkle/gateway/internal/handler/proxy_routes.go:822.2,826.2 4 1
github.com/sparkle/gateway/internal/handler/proxy_routes.go:826.2,828.3 1 1
github.com/sparkle/gateway/internal/handler/proxy_routes.go:829.2,833.2 4 1
github.com/sparkle/gateway/internal/handler/proxy_routes.go:833.2,835.3 1 1
github.com/sparkle/gateway/internal/handler/proxy_routes.go:836.2,841.2 4 1
github.com/sparkle/gateway/internal/handler/proxy_routes.go:841.2,843.3 1 1
github.com/sparkle/gateway/internal/handler/proxy_routes.go:844.2,844.61 1 1
github.com/sparkle/gateway/internal/handler/proxy_routes.go:850.63,871.2 6 1
github.com/sparkle/gateway/internal/handler/proxy_routes.go:876.49,877.52 1 1
github.com/sparkle/gateway/internal/handler/proxy_routes.go:877.52,879.3 1 1
github.com/sparkle/gateway/internal/handler/proxy_routes.go:880.2,880.53 1 1
github.com/sparkle/gateway/internal/handler/proxy_routes.go:880.53,882.3 1 1
github.com/sparkle/gateway/internal/handler/signal_push.go:37.90,39.2 1 1
github.com/sparkle/gateway/internal/handler/signal_push.go:41.56,42.24 1 0
github.com/sparkle/gateway/internal/handler/signal_push.go:42.24,45.3 2 0
github.com/sparkle/gateway/internal/handler/signal_push.go:47.2,48.47 2 0
github.com/sparkle/gateway/internal/handler/signal_push.go:48.47,51.3 2 0
github.com/sparkle/gateway/internal/handler/signal_push.go:53.2,53.22 1 0
github.com/sparkle/gateway/internal/handler/signal_push.go:53.22,56.3 2 0
github.com/sparkle/gateway/internal/handler/signal_push.go:58.2,59.53 2 0
github.com/sparkle/gateway/internal/handler/signal_push.go:59.53,60.26 1 0
github.com/sparkle/gateway/internal/handler/signal_push.go:60.26,61.62 1 0
github.com/sparkle/gateway/internal/handler/signal_push.go:61.62,63.5 1 0
github.com/sparkle/gateway/internal/handler/signal_push.go:65.3,65.24 1 0
github.com/sparkle/gateway/internal/handler/signal_push.go:65.24,66.60 1 0
github.com/sparkle/gateway/internal/handler/signal_push.go:66.60,68.5 1 0
github.com/sparkle/gateway/internal/handler/signal_push.go:70.3,70.30 1 0
github.com/sparkle/gateway/internal/handler/signal_push.go:70.30,71.66 1 0
github.com/sparkle/gateway/internal/handler/signal_push.go:71.66,73.5 1 0
github.com/sparkle/gateway/internal/handler/signal_push.go:75.3,75.52 1 0
github.com/sparkle/gateway/internal/handler/signal_push.go:75.52,76.35 1 0
github.com/sparkle/gateway/internal/handler/signal_push.go:76.35,77.31 1 0
github.com/sparkle/gateway/internal/handler/signal_push.go:77.31,79.13 2 0
github.com/sparkle/gateway/internal/handler/signal_push.go:79.13,80.15 1 0
github.com/sparkle/gateway/internal/handler/signal_push.go:82.6,83.49 2 0
github.com/sparkle/gateway/internal/handler/signal_push.go:83.49,85.7 1 0
github.com/sparkle/gateway/internal/handler/signal_push.go:86.6,86.51 1 0
github.com/sparkle/gateway/internal/handler/signal_push.go:86.51,88.7 1 0
github.com/sparkle/gateway/internal/handler/signal_push.go:89.6,89.54 1 0
github.com/sparkle/gateway/internal/handler/signal_push.go:89.54,91.7 1 0
github.com/sparkle/gateway/internal/handler/signal_push.go:92.6,92.59 1 0
github.com/sparkle/gateway/internal/handler/signal_push.go:92.59,94.7 1 0
github.com/sparkle/gateway/internal/handler/signal_push.go:95.6,95.56 1 0
github.com/sparkle/gateway/internal/handler/signal_push.go:95.56,97.7 1 0
github.com/sparkle/gateway/internal/handler/signal_push.go:98.6,98.64 1 0
github.com/sparkle/gateway/internal/handler/signal_push.go:98.64,100.7 1 0
github.com/sparkle/gateway/internal/handler/signal_push.go:101.6,101.43 1 0
github.com/sparkle/gateway/internal/handler/signal_push.go:107.2,107.39 1 0
github.com/sparkle/gateway/internal/handler/signal_push.go:107.39,108.27 1 0
github.com/sparkle/gateway/internal/handler/signal_push.go:108.27,109.12 1 0
github.com/sparkle/gateway/internal/handler/signal_push.go:111.3,124.34 2 0
github.com/sparkle/gateway/internal/handler/signal_push.go:124.34,126.4 1 0
github.com/sparkle/gateway/internal/handler/signal_push.go:127.3,127.34 1 0
github.com/sparkle/gateway/internal/handler/signal_push.go:130.2,130.46 1 0
github.com/sparkle/gateway/internal/handler/signal_push.go:133.63,135.20 2 1
github.com/sparkle/gateway/internal/handler/signal_push.go:135.20,137.3 1 1
github.com/sparkle/gateway/internal/handler/signal_push.go:138.2,139.84 2 1
github.com/sparkle/gateway/internal/handler/signal_push.go:142.62,144.32 2 0
github.com/sparkle/gateway/internal/handler/signal_push.go:144.32,145.36 1 0
github.com/sparkle/gateway/internal/handler/signal_push.go:145.36,147.4 1 0
github.com/sparkle/gateway/internal/handler/signal_push.go:149.2,149.12 1 0
github.com/sparkle/gateway/internal/handler/stt_handler.go:25.93,29.44 1 1
github.com/sparkle/gateway/internal/handler/stt_handler.go:29.44,31.21 2 1
github.com/sparkle/gateway/internal/handler/stt_handler.go:31.21,33.6 1 1
github.com/sparkle/gateway/internal/handler/stt_handler.go:34.5,35.17 2 1
github.com/sparkle/gateway/internal/handler/stt_handler.go:35.17,38.6 1 1
github.com/sparkle/gateway/internal/handler/stt_handler.go:39.5,39.19 1 1
github.com/sparkle/gateway/internal/handler/stt_handler.go:51.54,62.16 4 0
github.com/sparkle/gateway/internal/handler/stt_handler.go:62.16,68.3 2 0
github.com/sparkle/gateway/internal/handler/stt_handler.go:69.2,71.20 3 0
github.com/sparkle/gateway/internal/handler/stt_handler.go:71.20,73.3 1 0
github.com/sparkle/gateway/internal/handler/stt_handler.go:74.2,78.18 3 0
github.com/sparkle/gateway/internal/handler/stt_handler.go:78.18,85.3 3 0
github.com/sparkle/gateway/internal/handler/stt_handler.go:87.2,92.21 4 0
github.com/sparkle/gateway/internal/handler/stt_handler.go:92.21,94.3 1 0
github.com/sparkle/gateway/internal/handler/stt_handler.go:96.2,97.16 2 0
github.com/sparkle/gateway/internal/handler/stt_handler.go:97.16,104.3 3 0
github.com/sparkle/gateway/internal/handler/stt_handler.go:105.2,115.22 6 0
github.com/sparkle/gateway/internal/handler/stt_handler.go:115.22,116.23 1 0
github.com/sparkle/gateway/internal/handler/stt_handler.go:116.23,118.4 1 0
github.com/sparkle/gateway/internal/handler/stt_handler.go:122.2,122.12 1 0
github.com/sparkle/gateway/internal/handler/stt_handler.go:122.12,124.7 2 0
github.com/sparkle/gateway/internal/handler/stt_handler.go:124.7,125.11 1 0
github.com/sparkle/gateway/internal/handler/stt_handler.go:126.16,127.11 1 0
github.com/sparkle/gateway/internal/handler/stt_handler.go:128.12,130.19 2 0
github.com/sparkle/gateway/internal/handler/stt_handler.go:130.19,131.110 1 0
github.com/sparkle/gateway/internal/handler/stt_handler.go:131.110,133.7 1 0
github.com/sparkle/gateway/internal/handler/stt_handler.go:133.12,135.7 1 0
github.com/sparkle/gateway/internal/handler/stt_handler.go:136.6,136.12 1 0
github.com/sparkle/gateway/internal/handler/stt_handler.go:140.5,140.70 1 0
github.com/sparkle/gateway/internal/handler/stt_handler.go:140.70,143.6 2 0
github.com/sparkle/gateway/internal/handler/stt_handler.go:149.2,149.12 1 0
github.com/sparkle/gateway/internal/handler/stt_handler.go:149.12,151.7 2 0
github.com/sparkle/gateway/internal/handler/stt_handler.go:151.7,152.11 1 0
github.com/sparkle/gateway/internal/handler/stt_handler.go:153.16,154.11 1 0
github.com/sparkle/gateway/internal/handler/stt_handler.go:155.12,157.19 2 0
github.com/sparkle/gateway/internal/handler/stt_handler.go:157.19,158.110 1 0
github.com/sparkle/gateway/internal/handler/stt_handler.go:158.110,160.7 1 0
github.com/sparkle/gateway/internal/handler/stt_handler.go:160.12,162.7 1 0
github.com/sparkle/gateway/internal/handler/stt_handler.go:163.6,163.12 1 0
github.com/sparkle/gateway/internal/handler/stt_handler.go:167.5,167.70 1 0
github.com/sparkle/gateway/internal/handler/stt_handler.go:167.70,170.6 2 0
github.com/sparkle/gateway/internal/handler/stt_handler.go:176.2,177.16 2 0
github.com/sparkle/gateway/internal/handler/stt_handler.go:177.16,181.3 1 0
github.com/sparkle/gateway/internal/handler/stt_handler.go:184.2,186.76 2 0
github.com/sparkle/gateway/internal/handler/stt_handler.go:198.65,200.2 1 0
github.com/sparkle/gateway/internal/handler/stt_handler.go:203.56,205.51 2 0
github.com/sparkle/gateway/internal/handler/stt_handler.go:205.51,207.3 1 0
github.com/sparkle/gateway/internal/handler/stt_handler.go:208.2,208.18 1 0
github.com/sparkle/gateway/internal/handler/websocket_factory.go:22.64,24.2 1 1
github.com/sparkle/gateway/internal/handler/websocket_factory.go:27.64,34.2 1 1
github.com/sparkle/gateway/internal/handler/websocket_factory.go:37.62,41.18 2 1
github.com/sparkle/gateway/internal/handler/websocket_factory.go:41.18,43.3 1 1
github.com/sparkle/gateway/internal/handler/websocket_factory.go:45.2,46.14 2 1
github.com/sparkle/gateway/internal/handler/websocket_factory.go:46.14,48.3 1 1
github.com/sparkle/gateway/internal/handler/websocket_factory.go:49.2,49.16 1 1
github.com/sparkle/gateway/internal/handler/websocket_factory.go:54.43,58.43 1 1
github.com/sparkle/gateway/internal/handler/websocket_factory.go:58.43,60.4 1 1
github.com/sparkle/gateway/internal/handler/websocket_factory.go:64.30,67.2 2 1
github.com/sparkle/gateway/internal/handler/websocket_factory.go:69.57,71.18 2 1
github.com/sparkle/gateway/internal/handler/websocket_factory.go:71.18,73.3 1 1
github.com/sparkle/gateway/internal/handler/websocket_factory.go:75.2,76.29 2 0
github.com/sparkle/gateway/internal/handler/websocket_factory.go:76.29,85.39 3 0
github.com/sparkle/gateway/internal/handler/websocket_factory.go:85.39,87.4 1 0
github.com/sparkle/gateway/internal/handler/websocket_factory.go:90.2,90.20 1 0
github.com/sparkle/gateway/internal/handler/websocket_factory.go:90.20,92.3 1 0
github.com/sparkle/gateway/internal/handler/websocket_factory.go:93.2,93.11 1 0
github.com/sparkle/gateway/internal/handler/websocket_proxy.go:37.99,45.44 1 1
github.com/sparkle/gateway/internal/handler/websocket_proxy.go:45.44,48.21 2 0
github.com/sparkle/gateway/internal/handler/websocket_proxy.go:48.21,50.6 1 0
github.com/sparkle/gateway/internal/handler/websocket_proxy.go:51.5,52.17 2 0
github.com/sparkle/gateway/internal/handler/websocket_proxy.go:52.17,55.6 1 0
github.com/sparkle/gateway/internal/handler/websocket_proxy.go:56.5,56.19 1 0
github.com/sparkle/gateway/internal/handler/websocket_proxy.go:67.60,72.18 3 0
github.com/sparkle/gateway/internal/handler/websocket_proxy.go:72.18,75.3 2 0
github.com/sparkle/gateway/internal/handler/websocket_proxy.go:77.2,85.17 4 0
github.com/sparkle/gateway/internal/handler/websocket_proxy.go:85.17,88.3 2 0
github.com/sparkle/gateway/internal/handler/websocket_proxy.go:91.2,91.84 1 0
github.com/sparkle/gateway/internal/handler/websocket_proxy.go:96.59,100.18 2 0
github.com/sparkle/gateway/internal/handler/websocket_proxy.go:100.18,103.3 2 0
github.com/sparkle/gateway/internal/handler/websocket_proxy.go:105.2,109.17 3 0
github.com/sparkle/gateway/internal/handler/websocket_proxy.go:109.17,112.3 2 0
github.com/sparkle/gateway/internal/handler/websocket_proxy.go:114.2,117.57 2 0
github.com/sparkle/gateway/internal/handler/websocket_proxy.go:117.57,122.3 2 0
github.com/sparkle/gateway/internal/handler/websocket_proxy.go:124.2,124.82 1 0
github.com/sparkle/gateway/internal/handler/websocket_proxy.go:128.141,129.35 1 0
github.com/sparkle/gateway/internal/handler/websocket_proxy.go:129.35,132.3 2 0
github.com/sparkle/gateway/internal/handler/websocket_proxy.go:133.2,136.16 3 0
github.com/sparkle/gateway/internal/handler/websocket_proxy.go:136.16,142.3 3 0
github.com/sparkle/gateway/internal/handler/websocket_proxy.go:145.2,146.70 2 0
github.com/sparkle/gateway/internal/handler/websocket_proxy.go:146.70,148.3 1 0
github.com/sparkle/gateway/internal/handler/websocket_proxy.go:149.2,150.16 2 0
github.com/sparkle/gateway/internal/handler/websocket_proxy.go:150.16,156.3 3 0
github.com/sparkle/gateway/internal/handler/websocket_proxy.go:157.2,161.81 3 0
github.com/sparkle/gateway/internal/handler/websocket_proxy.go:161.81,163.3 1 0
github.com/sparkle/gateway/internal/handler/websocket_proxy.go:164.2,165.16 2 0
github.com/sparkle/gateway/internal/handler/websocket_proxy.go:165.16,169.3 2 0
github.com/sparkle/gateway/internal/handler/websocket_proxy.go:170.2,173.20 3 0
github.com/sparkle/gateway/internal/handler/websocket_proxy.go:173.20,175.3 1 0
github.com/sparkle/gateway/internal/handler/websocket_proxy.go:176.2,177.19 2 0
github.com/sparkle/gateway/internal/handler/websocket_proxy.go:177.19,179.3 1 0
github.com/sparkle/gateway/internal/handler/websocket_proxy.go:180.2,181.51 2 0
github.com/sparkle/gateway/internal/handler/websocket_proxy.go:181.51,183.3 1 0
github.com/sparkle/gateway/internal/handler/websocket_proxy.go:184.2,185.20 2 0
github.com/sparkle/gateway/internal/handler/websocket_proxy.go:185.20,187.3 1 0
github.com/sparkle/gateway/internal/handler/websocket_proxy.go:188.2,192.47 5 0
github.com/sparkle/gateway/internal/handler/websocket_proxy.go:192.47,194.3 1 0
github.com/sparkle/gateway/internal/handler/websocket_proxy.go:195.2,195.48 1 0
github.com/sparkle/gateway/internal/handler/websocket_proxy.go:195.48,197.3 1 0
github.com/sparkle/gateway/internal/handler/websocket_proxy.go:199.2,208.23 5 0
github.com/sparkle/gateway/internal/handler/websocket_proxy.go:208.23,209.22 1 0
github.com/sparkle/gateway/internal/handler/websocket_proxy.go:209.22,211.4 1 0
github.com/sparkle/gateway/internal/handler/websocket_proxy.go:213.2,215.97 3 0
github.com/sparkle/gateway/internal/handler/websocket_proxy.go:215.97,220.3 4 0
github.com/sparkle/gateway/internal/handler/websocket_proxy.go:223.2,223.12 1 0
github.com/sparkle/gateway/internal/handler/websocket_proxy.go:223.12,225.7 2 0
github.com/sparkle/gateway/internal/handler/websocket_proxy.go:225.7,227.18 2 0
github.com/sparkle/gateway/internal/handler/websocket_proxy.go:227.18,228.104 1 0
github.com/sparkle/gateway/internal/handler/websocket_proxy.go:228.104,232.6 1 0
github.com/sparkle/gateway/internal/handler/websocket_proxy.go:233.5,234.11 2 0
github.com/sparkle/gateway/internal/handler/websocket_proxy.go:237.4,237.40 1 0
github.com/sparkle/gateway/internal/handler/websocket_proxy.go:237.40,242.13 2 0
github.com/sparkle/gateway/internal/handler/websocket_proxy.go:245.4,245.86 1 0
github.com/sparkle/gateway/internal/handler/websocket_proxy.go:245.86,246.13 1 0
github.com/sparkle/gateway/internal/handler/websocket_proxy.go:248.4,248.88 1 0
github.com/sparkle/gateway/internal/handler/websocket_proxy.go:248.88,254.5 3 0
github.com/sparkle/gateway/internal/handler/websocket_proxy.go:259.2,259.12 1 0
github.com/sparkle/gateway/internal/handler/websocket_proxy.go:259.12,261.7 2 0
github.com/sparkle/gateway/internal/handler/websocket_proxy.go:261.7,263.18 2 0
github.com/sparkle/gateway/internal/handler/websocket_proxy.go:263.18,264.104 1 0
github.com/sparkle/gateway/internal/handler/websocket_proxy.go:264.104,268.6 1 0
github.com/sparkle/gateway/internal/handler/websocket_proxy.go:269.5,270.11 2 0
github.com/sparkle/gateway/internal/handler/websocket_proxy.go:273.4,273.34 1 0
github.com/sparkle/gateway/internal/handler/websocket_proxy.go:273.34,278.13 2 0
github.com/sparkle/gateway/internal/handler/websocket_proxy.go:280.4,280.86 1 0
github.com/sparkle/gateway/internal/handler/websocket_proxy.go:280.86,286.5 3 0
github.com/sparkle/gateway/internal/handler/websocket_proxy.go:290.2,290.12 1 0
github.com/sparkle/gateway/internal/handler/websocket_proxy.go:290.12,293.7 3 0
github.com/sparkle/gateway/internal/handler/websocket_proxy.go:293.7,294.11 1 0
github.com/sparkle/gateway/internal/handler/websocket_proxy.go:295.16,296.11 1 0
github.com/sparkle/gateway/internal/handler/websocket_proxy.go:297.20,298.96 1 0
github.com/sparkle/gateway/internal/handler/websocket_proxy.go:298.96,302.6 3 0
github.com/sparkle/gateway/internal/handler/websocket_proxy.go:303.5,303.98 1 0
github.com/sparkle/gateway/internal/handler/websocket_proxy.go:303.98,307.6 3 0
github.com/sparkle/gateway/internal/handler/websocket_proxy.go:313.2,314.9 2 0
github.com/sparkle/gateway/internal/handler/websocket_proxy.go:315.24,316.79 1 0
github.com/sparkle/gateway/internal/handler/websocket_proxy.go:316.79,320.4 1 0
github.com/sparkle/gateway/internal/handler/websocket_proxy.go:321.10,321.10 0 0
github.com/sparkle/gateway/internal/handler/websocket_proxy.go:324.2,326.37 1 0
github.com/sparkle/gateway/internal/handler/websocket_proxy.go:329.65,333.19 3 1
github.com/sparkle/gateway/internal/handler/websocket_proxy.go:333.19,335.3 1 0
github.com/sparkle/gateway/internal/handler/websocket_proxy.go:337.2,339.40 3 1
github.com/sparkle/gateway/internal/handler/websocket_proxy.go:339.40,342.3 2 1
github.com/sparkle/gateway/internal/handler/websocket_proxy.go:343.2,344.13 2 1
github.com/sparkle/gateway/internal/handler/websocket_proxy.go:347.62,351.19 3 1
github.com/sparkle/gateway/internal/handler/websocket_proxy.go:351.19,353.3 1 0
github.com/sparkle/gateway/internal/handler/websocket_proxy.go:355.2,357.33 3 1
github.com/sparkle/gateway/internal/handler/websocket_proxy.go:357.33,360.3 2 1
github.com/sparkle/gateway/internal/handler/websocket_proxy.go:361.2,361.26 1 0
github.com/sparkle/gateway/internal/handler/websocket_proxy.go:364.69,366.2 1 1
github.com/sparkle/gateway/internal/handler/websocket_proxy.go:368.54,370.2 1 1
github.com/sparkle/gateway/internal/handler/websocket_proxy.go:372.72,374.16 2 0
github.com/sparkle/gateway/internal/handler/websocket_proxy.go:374.16,376.3 1 0
github.com/sparkle/gateway/internal/handler/websocket_proxy.go:378.2,378.23 1 0
github.com/sparkle/gateway/internal/handler/websocket_proxy.go:379.14,380.23 1 0
github.com/sparkle/gateway/internal/handler/websocket_proxy.go:381.15,382.24 1 0
github.com/sparkle/gateway/internal/handler/websocket_proxy.go:383.19,383.19 0 0
github.com/sparkle/gateway/internal/handler/websocket_proxy.go:384.10,385.23 1 0
github.com/sparkle/gateway/internal/handler/websocket_proxy.go:388.2,388.29 1 0
github.com/sparkle/gateway/internal/handler/websocket_proxy.go:391.82,393.21 2 1
github.com/sparkle/gateway/internal/handler/websocket_proxy.go:393.21,395.3 1 1
github.com/sparkle/gateway/internal/handler/websocket_proxy.go:396.2,396.52 1 1
github.com/sparkle/gateway/internal/handler/websocket_proxy.go:396.52,398.3 1 1
github.com/sparkle/gateway/internal/handler/websocket_proxy.go:399.2,399.73 1 1
github.com/sparkle/gateway/internal/handler/websocket_proxy.go:399.73,401.3 1 1
github.com/sparkle/gateway/internal/handler/websocket_proxy.go:402.2,402.55 1 1
github.com/sparkle/gateway/internal/handler/websocket_proxy.go:402.55,404.3 1 1
github.com/sparkle/gateway/internal/handler/websocket_proxy.go:405.2,405.16 1 1
github.com/sparkle/gateway/internal/handler/websocket_proxy.go:409.40,411.2 1 0
github.com/sparkle/gateway/internal/handler/ws_registry.go:27.146,35.2 1 1
github.com/sparkle/gateway/internal/handler/ws_registry.go:37.113,39.21 2 1
github.com/sparkle/gateway/internal/handler/ws_registry.go:39.21,41.41 2 1
github.com/sparkle/gateway/internal/handler/ws_registry.go:41.41,43.4 1 1
github.com/sparkle/gateway/internal/handler/ws_registry.go:44.3,44.33 1 1
github.com/sparkle/gateway/internal/handler/ws_registry.go:44.33,47.4 2 0
github.com/sparkle/gateway/internal/handler/ws_registry.go:49.2,49.22 1 1
github.com/sparkle/gateway/internal/handler/ws_registry.go:49.22,50.49 1 1
github.com/sparkle/gateway/internal/handler/ws_registry.go:50.49,53.4 2 1
github.com/sparkle/gateway/internal/handler/ws_registry.go:55.2,55.34 1 1
github.com/sparkle/gateway/internal/handler/ws_registry.go:55.34,57.3 1 1
github.com/sparkle/gateway/internal/handler/ws_registry.go:58.2,61.41 3 1
github.com/sparkle/gateway/internal/handler/ws_registry.go:61.41,63.3 1 0
github.com/sparkle/gateway/internal/handler/ws_registry.go:64.2,64.26 1 1
github.com/sparkle/gateway/internal/handler/ws_registry.go:64.26,65.13 1 1
github.com/sparkle/gateway/internal/handler/ws_registry.go:65.13,68.4 2 1
github.com/sparkle/gateway/internal/handler/ws_registry.go:70.2,70.13 1 1
github.com/sparkle/gateway/internal/handler/ws_registry.go:73.78,76.24 3 1
github.com/sparkle/gateway/internal/handler/ws_registry.go:76.24,79.3 2 0
github.com/sparkle/gateway/internal/handler/ws_registry.go:80.2,81.18 2 1
github.com/sparkle/gateway/internal/handler/ws_registry.go:81.18,84.3 2 0
github.com/sparkle/gateway/internal/handler/ws_registry.go:85.2,86.27 2 1
github.com/sparkle/gateway/internal/handler/ws_registry.go:86.27,88.3 1 1
github.com/sparkle/gateway/internal/handler/ws_registry.go:89.2,91.47 2 1
github.com/sparkle/gateway/internal/handler/ws_registry.go:91.47,93.3 1 0
github.com/sparkle/gateway/internal/handler/ws_registry.go:94.2,94.26 1 1
github.com/sparkle/gateway/internal/handler/ws_registry.go:94.26,95.13 1 1
github.com/sparkle/gateway/internal/handler/ws_registry.go:95.13,98.4 2 1
github.com/sparkle/gateway/internal/handler/ws_registry.go:102.73,106.30 4 1
github.com/sparkle/gateway/internal/handler/ws_registry.go:106.30,108.3 1 1
github.com/sparkle/gateway/internal/handler/ws_registry.go:109.2,109.28 1 1
github.com/sparkle/gateway/internal/handler/ws_registry.go:109.28,111.3 1 1
github.com/sparkle/gateway/internal/handler/ws_registry.go:112.2,112.19 1 0
github.com/sparkle/gateway/internal/handler/ws_registry.go:115.87,119.30 4 0
github.com/sparkle/gateway/internal/handler/ws_registry.go:119.30,121.3 1 0
github.com/sparkle/gateway/internal/handler/ws_registry.go:122.2,122.32 1 0
github.com/sparkle/gateway/internal/handler/ws_registry.go:122.32,123.42 1 0
github.com/sparkle/gateway/internal/handler/ws_registry.go:123.42,125.4 1 0
github.com/sparkle/gateway/internal/handler/ws_registry.go:127.2,127.19 1 0
github.com/sparkle/gateway/internal/handler/ws_registry.go:133.101,136.30 3 0
github.com/sparkle/gateway/internal/handler/ws_registry.go:136.30,139.3 2 0
github.com/sparkle/gateway/internal/handler/ws_registry.go:141.2,146.35 3 0
github.com/sparkle/gateway/internal/handler/ws_registry.go:146.35,147.42 1 0
github.com/sparkle/gateway/internal/handler/ws_registry.go:147.42,149.4 1 0
github.com/sparkle/gateway/internal/handler/ws_registry.go:151.2,155.28 4 0
github.com/sparkle/gateway/internal/handler/ws_registry.go:155.28,156.47 1 0
github.com/sparkle/gateway/internal/handler/ws_registry.go:156.47,158.4 1 0
github.com/sparkle/gateway/internal/handler/ws_registry.go:158.9,160.4 1 0
github.com/sparkle/gateway/internal/handler/ws_registry.go:162.2,162.21 1 0
github.com/sparkle/gateway/internal/handler/ws_registry.go:166.42,170.40 4 1
github.com/sparkle/gateway/internal/handler/ws_registry.go:170.40,172.3 1 1
github.com/sparkle/gateway/internal/handler/ws_registry.go:173.2,173.14 1 1
github.com/sparkle/gateway/internal/handler/ws_registry.go:178.62,181.45 3 0
github.com/sparkle/gateway/internal/handler/ws_registry.go:181.45,182.33 1 0
github.com/sparkle/gateway/internal/handler/ws_registry.go:182.33,183.41 1 0
github.com/sparkle/gateway/internal/handler/ws_registry.go:183.41,185.5 1 0
github.com/sparkle/gateway/internal/handler/ws_registry.go:188.2,191.38 3 0
github.com/sparkle/gateway/internal/handler/ws_registry.go:191.38,192.30 1 0
github.com/sparkle/gateway/internal/handler/ws_registry.go:192.30,194.22 2 0
github.com/sparkle/gateway/internal/handler/ws_registry.go:194.22,196.13 2 0
github.com/sparkle/gateway/internal/handler/ws_registry.go:198.4,203.20 2 0
github.com/sparkle/gateway/internal/handler/ws_registry.go:205.3,207.16 3 0
github.com/sparkle/gateway/internal/handler/ws_safe_writer.go:17.83,25.2 3 1
github.com/sparkle/gateway/internal/handler/ws_safe_writer.go:27.56,28.9 1 1
github.com/sparkle/gateway/internal/handler/ws_safe_writer.go:29.19,29.19 0 1
github.com/sparkle/gateway/internal/handler/ws_safe_writer.go:30.33,31.68 1 1
github.com/sparkle/gateway/internal/handler/ws_safe_writer.go:33.2,33.15 1 1
github.com/sparkle/gateway/internal/handler/ws_safe_writer.go:33.15,35.3 1 1
github.com/sparkle/gateway/internal/handler/ws_safe_writer.go:36.2,36.13 1 1
github.com/sparkle/gateway/internal/handler/ws_safe_writer.go:39.61,41.16 2 1
github.com/sparkle/gateway/internal/handler/ws_safe_writer.go:41.16,43.3 1 0
github.com/sparkle/gateway/internal/handler/ws_safe_writer.go:44.2,44.52 1 1
github.com/sparkle/gateway/internal/handler/ws_safe_writer.go:47.73,48.33 1 1
github.com/sparkle/gateway/internal/handler/ws_safe_writer.go:48.33,50.16 2 1
github.com/sparkle/gateway/internal/handler/ws_safe_writer.go:50.16,52.4 1 1
github.com/sparkle/gateway/internal/handler/ws_safe_writer.go:53.3,53.48 1 1
github.com/sparkle/gateway/internal/handler/ws_safe_writer.go:57.73,58.33 1 0
github.com/sparkle/gateway/internal/handler/ws_safe_writer.go:58.33,60.3 1 0
github.com/sparkle/gateway/internal/handler/ws_safe_writer.go:63.38,64.33 1 0
github.com/sparkle/gateway/internal/handler/ws_safe_writer.go:64.33,66.3 1 0
github.com/sparkle/gateway/internal/handler/ws_ticket.go:24.81,26.2 1 1
github.com/sparkle/gateway/internal/handler/ws_ticket.go:28.49,30.18 2 1
github.com/sparkle/gateway/internal/handler/ws_ticket.go:30.18,33.3 2 1
github.com/sparkle/gateway/internal/handler/ws_ticket.go:34.2,44.21 8 1
github.com/sparkle/gateway/internal/handler/ws_ticket.go:44.21,46.3 1 1
github.com/sparkle/gateway/internal/handler/ws_ticket.go:47.2,48.16 2 1
github.com/sparkle/gateway/internal/handler/ws_ticket.go:48.16,52.3 3 0
github.com/sparkle/gateway/internal/handler/ws_ticket.go:53.2,53.18 1 1
github.com/sparkle/gateway/internal/handler/ws_ticket.go:53.18,57.3 3 1
github.com/sparkle/gateway/internal/handler/ws_ticket.go:58.2,58.72 1 0
github.com/sparkle/gateway/internal/handler/ws_ticket.go:58.72,62.3 3 0
github.com/sparkle/gateway/internal/handler/ws_ticket.go:64.2,69.4 2 0
